id,gen,smile,source,score
AAAA,0,COc1ccc(NC(=O)C(C)Sc2nc3ccccc3[nH]2)cc1,generated,99.9
AAAB,0,O=C(CC(=O)NC1CCCCCC1)Nc1ccc(F)c(F)c1,generated,99.9
AAAC,0,CC(=O)NC(C)C(=O)NC1CCCCC1C(=O)N1CCCC1,generated,99.9
AAAD,0,Cc1ccc(C(=O)CCC(=O)NC(C)c2ccc(F)cc2)o1,generated,99.9
AAAE,0,COc1cc(OC)cc(-c2csc(N3CCN(C(=O)C(C)NCCCCC#N)CC3)n2)c1,generated,99.9
AAAF,0,CCOc1ccc(Nc2nc3cc(C(C)=O)c(OC)c(OC)c3[nH]2)cc1,generated,99.9
AAAG,0,COc1cccc(CNC(=O)N(C)Cc2ccc(F)cc2)c1,generated,99.9
AAAH,0,O=C(NCCCc1ccccc1)c1ccc(S(=O)(=O)N2CCOCC2)cc1,generated,99.9
AAAI,0,CC1COC(C(=O)NCCCO)(c2ccc([N+](=O)[O-])cc2)C(c2ccc(Cl)cc2)N1,generated,99.9
AAAJ,0,Cc1ccc(C=C2SC(=S)N(C3CCN(C(=O)CCC(=O)N4CCC(C(=O)NC(C)(C)C)CC4)CC3)C2=O)cc1,generated,99.9
AAAK,0,Cc1ccccc1C1(CNC(=O)Cc2ccccc2)CCCC1,generated,99.9
AAAL,0,Cc1cc(NC(=O)CSc2nc(-c3ccccc3)n[nH]2)[nH]n1,generated,99.9
AAAM,0,COC(=O)c1ccc(C(=O)NC(C)c2cccc(F)c2)cc1,generated,99.9
AAAN,0,CCC(=O)N1CCC(C(=O)Nc2ccc(C(C)=O)cc2)CC1,generated,99.9
AAAO,0,COc1cccc(CN2CCOC(CCC(=O)Nc3ccc(C)cc3)C2)c1,generated,99.9
AAAP,0,CCc1nc2n(n1)CCCC2NC(=O)Nc1ccc(C)c(C)c1,training,99.9
AAAQ,0,COc1cccc(OC)c1CCNC(=O)CN1CCOCC1,generated,99.9
AAAR,0,CC(C)CCNC(=O)Nc1ccc(Cl)c(C(=O)N(C)C)c1,generated,99.9
AAAS,0,Fc1ccc(COCC2CCN(C(c3ccccc3)c3ccccc3)CC2)cc1,generated,99.9
AAAT,0,CC(=O)N1CCc2cc(CNC(=O)N3CCCCCC3)ccc21,generated,99.9
AAAU,0,Cc1cc(C)c(C)c(N(C)CC(=O)Nc2ccc(C#N)cc2)c1,generated,99.9
AAAV,0,Cc1nc(CN2CCNC(=O)C2c2cccc3ccccc23)no1,generated,99.9
AAAW,0,CC12C(=O)CCC3C(CC(O)C3(C)C)C1CCC1=C(CC2=O)CN(c2ccccc2)CC1,generated,99.9
AAAX,0,COc1cccc(OCC(=O)Nc2cc(S(=O)(=O)N3CCCC3)ccc2OC)c1,generated,99.9
AAAY,0,CC(NC(=O)NC(C)(C)C1CC1)C(=O)NC(C)(C)C,generated,99.9
AAAZ,0,CN(C(=O)Cc1cccc(F)c1)C1CCN(c2ccccc2)C1=O,generated,99.9
AABA,0,O=C(O)c1ccc(OCc2coc(-c3ccccc3)n2)cc1,generated,99.9
AABB,0,CCC1CN(C(=O)c2ccc(C(=O)NC3CC3)cc2)CCO1,generated,99.9
AABC,0,O=C(COc1ccccc1)NCCc1c[nH]c2ccccc12,training,99.9
AABD,0,Cc1ccc(C(=O)Oc2ccc(C(=O)NC(C)(C)C)cc2)c(C)c1,generated,99.9
AABE,0,CCCCCCCCCCCCCCC(O)C(O)C(O)CCC(O)CCCCCCCCCC,generated,99.9
AABF,0,CCOC(=O)C=C(C)CCC=C(C)CCC=C(C)CCC=C(CC)COC,generated,99.9
AABG,0,CCCCCCCCCCCCCCCCC[n+]1ccc(N)c(OC)c1,generated,99.9
AABH,0,CCCCCCCCCCCCCCCCCCCCCCCCCCCCOCC(O)C(O)COP(=O)([O-])OCCOCCOCCOCCCCCCCCCCCCCCCC,generated,99.9
AABI,0,CCCCCCCCCCCCCCCCCCCCOCC1CCC(O)OC(OCC(=O)C(C)(C)C)C1,generated,99.9
AABJ,0,CNc1nc(N2CCCC2)nc(N2CCCC(N)C2)n1,generated,99.9
AABK,0,CC(C)(C)c1ccc(-c2ccc(-c3ccccc3)cc2)cc1,generated,99.9
AABL,0,CCCCCCCCCCCCCCCCCCCCCCCCCCCNC(C)=O,generated,99.9
AABM,0,O=C(CNS(=O)(=O)Cc1cccs1)NCC(F)(F)F,generated,99.9
AABN,0,Cc1ccc(C(C)NS(=O)(=O)N(C)C(C)C)cc1,training,99.9
AABO,0,CCCCCCCCCCCCCCCCCCCCCC(=O)NC(COC(=O)CCC)C(=O)OC,generated,99.9
AABP,0,CNC(=O)C=Cc1ccc([S+]([O-])Cc2ccccc2)cc1,generated,99.9
AABQ,0,COC1CCC(C(O)C2CCC(CCN3COC(CF)C3)C2)CC1,generated,99.9
AABR,0,O=C(NCCS(=O)(=O)NCc1ccco1)C1CCOC1,generated,99.9
AABS,0,CC(C)Cc1cc(C(=O)NCc2ncc[nH]2)no1,generated,99.9
AABT,0,O=C(Nc1ccccc1)Nc1cccc(-n2cccn2)c1,generated,99.9
AABU,0,N#Cc1ccc(Oc2ccc([N+](=O)[O-])cc2Cl)cc1,generated,99.9
AABV,0,CCOC(=O)CC(C)=NNc1nccc2cc(Cl)ccc12,generated,99.9
AABW,0,Fc1cccc(Nc2nnc(SCc3ccccc3)s2)c1,generated,99.9
AABX,0,Cc1ccc(C(O)c2ccc3oc(=O)ccc3c2)cc1,generated,99.9
AABY,0,N#CC(=Cc1ccc(OC(F)(F)F)cc1)C1CCCCC1,generated,99.9
AABZ,0,CC(=NNC(N)=S)c1ccc(C(=O)c2ccccc2)cc1,generated,99.9
AACA,0,COc1ccc2c(OCC3OC(CO)C(O)C(O)C3O)cccc2c1,generated,99.9
AACB,0,CCCc1cc(=O)[nH]c(NCC(C)NC(C)=O)n1,generated,99.9
AACC,0,COC(=O)N1CCC(NC(=O)N(C)CCC#N)CC1,generated,99.9
AACD,0,CC(C)(C)C(=O)N1CCC(S(=O)(=O)N2CCCCC2)CC1,generated,99.9
AACE,0,CCCCCCCCCCCCCCCCOC1CCCCC(CC=CCCCCC2(O)COC(=O)C2)C1,generated,99.9
AACF,0,Cc1ccc(CN2CCN(C(=O)c3ccc(C)s3)CC2)s1,training,99.9
AACG,0,Cc1ccccc1C(=O)C=Cc1ccc(Cl)c(Cl)c1,generated,99.9
AACH,0,CC(C)c1ccc(CCC(=O)OCc2ccccc2C#N)cc1,generated,99.9
AACI,0,Nc1cccc(-c2cc3cc(-c4ccccc4)ccc3o2)c1,generated,99.9
AACJ,0,O=S(=O)(CC1CCCC1)Nc1ccc2[nH]ncc2c1,generated,99.9
AACK,0,CCOc1ccc(OC(=O)CS(=O)(=O)c2ccccc2)cc1,generated,99.9
AACL,0,CC(CSc1ccc([N+](=O)[O-])cc1)=NNC(=O)C1CCCCC1,generated,99.9
AACM,0,CC(C)CNC(=O)Nc1nnc(C(F)(F)F)s1,generated,99.9
AACN,0,O=C(CC12CC3CC(CC(C3)C1)C2)NCc1ccccn1,training,99.9
AACO,0,Cc1cnc(C(=O)N(C)Cc2cccc(C#N)c2)cn1,training,99.9
AACP,0,CCOC(=O)CC(C)=NN1CCN(C2CCCC2)CC1,generated,99.9
AACQ,0,Cc1nc(NC(=O)NCCC(=O)NC(C)C)cs1,generated,99.9
AACR,0,CC(C)N(C)C(=O)COC(=O)c1ccc(=O)[nH]c1,generated,99.9
AACS,0,CC1CCCN(S(=O)(=O)N2CCC(n3cncn3)CC2)C1,generated,99.9
AACT,0,O=[N+]([O-])c1ccc(NCc2ccccc2[N+](=O)[O-])cc1,generated,99.9
AACU,0,CCC(c1ccc(OCCCc2ccccc2)cc1)c1ccc(OC)c(OC)c1,generated,99.9
AACV,0,O=C(Nc1ccncc1)c1ccc(NC2CCCCC2)nc1,generated,99.9
AACW,0,CC(O)CN1CCN(C(=O)NCCc2nc3ccccc3[nH]2)CC1,generated,99.9
AACX,0,NC(=O)c1cccc(OS(=O)(=O)c2cccc(Cl)c2)c1,training,99.9
AACY,0,CSc1ncc(-c2cc(C(F)(F)F)ccc2Cl)[nH]1,generated,99.9
AACZ,0,CC(C)(C)c1ccc(OCc2nc3ccccc3s2)cc1,generated,99.9
AADA,0,Cc1ccc(COC(=O)c2ccc(C)c(S(C)(=O)=O)c2)cc1,generated,99.9
AADB,0,Cc1ccc(S(=O)(=O)CCC(=O)N(C)Cc2ccsc2)cc1,generated,99.9
AADC,0,CC1CCCC(NC(=O)C(C)Sc2ccccc2Cl)C1,generated,99.9
AADD,0,CCC(C)NC(=O)CNC(=O)C(C)Oc1ccc(F)cc1,generated,99.9
AADE,0,Cc1cc(C(=O)NCCc2ccccc2Cl)n(C)n1,generated,99.9
AADF,0,CCCCc1ncc(-c2ccc(S(=O)(=O)Cc3ccccc3)cc2)s1,generated,99.9
AADG,0,CCC(CC)C(=O)Nc1nnc(-c2ccccc2)o1,generated,99.9
AADH,0,CS(=O)(=O)Nc1ccc(-c2noc(CN3CCOCC3)n2)cc1,generated,99.9
AADI,0,Cc1ccc(OC(=O)C(C)Oc2cccc(-n3cnnn3)c2)cc1,generated,99.9
AADJ,0,O=C(CCc1ccccc1)NNC(=O)CN1CCOCC1C1CCC1,generated,99.9
AADK,0,Cc1ncn(C(=O)CCc2ccc(C#N)cc2)c1C,generated,99.9
AADL,0,CC1(C)CC(=O)C2CC(C)(CNC(=O)C3CC3)CC2C1,generated,99.9
AADM,0,CC(=O)NC(C)Cc1ccc(Cl)c(C(F)(F)F)c1,generated,99.9
AADN,0,O=C(Nc1cnn(Cc2cccc(F)c2)c1)C1CCCO1,generated,99.9
AADO,0,Cc1csc(C2CCN(C(=O)CCN3CCOCC3)CC2)n1,generated,99.9
AADP,0,COc1ccc(NC(=O)c2ccc(N3CCOCC3)s2)cc1,generated,99.9
AADQ,0,COc1ccc(CNC(=O)C(C)Sc2nnnn2C2CC2)cc1,generated,99.9
AADR,0,CCOC(=O)CC(=NN(C)C)c1ccc(OC)c(Br)c1,generated,99.9
AADS,0,c1ccc(-c2nsc(CSc3cccc4ncccc34)n2)cc1,generated,99.9
AADT,0,Cc1cc(NC(=O)CCCc2c(C)noc2C)c(C)s1,generated,99.9
AADU,0,CNC(=O)C(C)NC(=O)NC(C)c1ccc(=O)n(C)n1,generated,99.9
AADV,0,CC(C)(C)n1cc(C(=O)N2CCCC(CO)(CC(F)(F)F)C2)cn1,generated,99.9
AADW,0,COC(=O)C(C)(C)CCC(OC(=O)c1ccccc1)C(C)C,generated,99.9
AADX,0,O=C(Nc1ccc(Br)cc1)c1cc(-c2ccccc2)on1,generated,99.9
AADY,0,O=C(NCNc1ccc(-c2ccccc2)nc1)NCc1ccccc1,generated,99.9
AADZ,0,O=C(NCC(O)CO)c1cc2ccc(F)cc2o1,generated,99.9
AAEA,0,COCc1n[nH]c2ccc(-c3ccc(-c4cnc(N)nc4)cc3)cc12,generated,99.9
AAEB,0,C[S+]([O-])c1ccc(C(=O)Nc2nnc(C3CC3)o2)cc1,generated,99.9
AAEC,0,O=C(Nc1ncc(Cc2ccc(F)cc2)s1)c1ccccc1,generated,99.9
AAED,0,C=C1C(O)CC(=C(c2ccccc2)c2ccc(Cl)cc2)C2CCC1O2,generated,99.9
AAEE,0,CCOC(COc1nc(C)cc(C)n1)c1ccc(-c2ccccc2)cc1,generated,99.9
AAEF,0,CCCCN1C(=O)C(Cl)=C(C(C)C)C1=O,generated,99.9
AAEG,0,CN(C)c1ccc(C(C#N)C(=O)Cc2ccc(F)cc2F)cc1,generated,99.9
AAEH,0,CC(=O)Nc1nc(CC(=O)Nc2ccc(F)cc2)cs1,training,99.9
AAEI,0,Cc1ccc(Oc2cc(C)[nH]c(=O)c2C#N)cc1,generated,99.9
AAEJ,0,CC1CC(C)CN(C(=O)CSc2nc(Cc3ccccc3)no2)C1,generated,99.9
AAEK,0,CN(C)c1ccc(NC(=N)NCCc2ccccc2)c([N+](=O)[O-])c1,generated,99.9
AAEL,0,Cc1cc(C)c(OCc2cc(C(C)(C)C)no2)c(C)c1,generated,99.9
AAEM,0,O=C(CCC(F)(F)F)N(Cc1ccco1)Cc1ccco1,generated,99.9
AAEN,0,CCc1cc(C(C)NC(=O)NC(C)c2ccc(C)s2)ccn1,generated,99.9
AAEO,0,Cc1cc(C(=O)NCCC(=O)NC2CCCC2)c(C)s1,training,99.9
AAEP,0,N#Cc1ccc(OCCC(=O)N2CCC(c3ccncc3)CC2)cn1,generated,99.9
AAEQ,0,Cc1ccc(S(=O)(=O)c2c(Cl)cnnc2Cl)cc1,generated,99.9
AAER,0,CC(C)N(Cc1ccccc1)Cc1ccc(-n2cncn2)cc1,generated,99.9
AAES,0,CC(C)(C)OC(=O)NCCNc1c(F)cccc1F,generated,99.9
AAET,0,COC(=O)c1ccc(CN2CCN(C(=O)OC(C)(C)C)CC2)o1,generated,99.9
AAEU,0,COC(=O)c1cc(S(=O)(=O)Nc2ccc(Cl)cc2)cs1,generated,99.9
AAEV,0,Cn1ccc(-c2ccc(NCCN3CCOCC3)nc2)n1,generated,99.9
AAEW,0,CCC(C)C(Nc1nc(N)nc(-c2ccc(Cl)cc2)n1)C(=O)O,generated,99.9
AAEX,0,COc1cccc2cc(-c3ccc(O)cc3)c(C3CC3)cc12,generated,99.9
AAEY,0,O=C(C=Cc1ccc(CNCc2ccc(Cl)cc2)cc1)N(Cc1ccccc1)Cc1ccc(Br)cc1,generated,99.9
AAEZ,0,Cc1cc(NC(=O)CN2CCN(C(=O)C(C)C)CC2)no1,training,99.9
AAFA,0,CC(=O)Nc1cccc(NC(=O)CCn2ccc(=O)[nH]c2=O)c1,generated,99.9
AAFB,0,CCOC(=O)C(C)NP(=O)(Nc1ccccc1)Oc1ccc(OC)cc1,generated,99.9
AAFC,0,Cc1ccc(Cc2nc(C(=O)NC3CCCCNC3)cs2)cc1,generated,99.9
AAFD,0,Cc1cc(C(=O)NCC(O)COc2ccccc2)c(C)o1,generated,99.9
AAFE,0,Cc1ccc(NC(=O)Cn2c3ccccc3c3ccccc32)cc1Cl,generated,99.9
AAFF,0,Cc1cc(C)cc(OCCn2c(=O)n(C)c(=O)n(CCC(C)C)c2=O)c1,generated,99.9
AAFG,0,C#CCN1CCN(C(=O)CCC(=O)N2CCN(C)CC2)CC1,generated,99.9
AAFH,0,Nc1cc(SCc2ccc(C(F)(F)F)cc2)nc(N2CCOCC2)n1,generated,99.9
AAFI,0,Cc1ccc(C(=O)Nc2ccc(C3(c4ccccc4)CC3)cc2)o1,generated,99.9
AAFJ,0,CC(C)(C)OC(=O)NC1CCC(CC(=O)N=Cc2cccc(C(=N)N)c2)CC1,generated,99.9
AAFK,0,CC(=O)NCCCNC(=O)c1cn(-c2ccccc2)nn1,generated,99.9
AAFL,0,CC1CCN(C(=O)Cn2nnc(-c3cccc(Cl)c3)n2)CC1,generated,99.9
AAFM,0,CCCCc1cc(NC(=O)CCc2ccccc2)nc(C)n1,generated,99.9
AAFN,0,O=C(Cc1ccc(Oc2ccccc2)cc1)NCc1ccnc(OC(F)(F)F)c1,generated,99.9
AAFO,0,Cc1nc(C)c(C(=O)NC(C)CCCCN2CCOCC2)o1,generated,99.9
AAFP,0,CC1CCCN(S(=O)(=O)Cc2cccc(OC(F)F)c2)C1,generated,99.9
AAFQ,0,CC(C)(C)C1CCN(C(=O)Cc2coc(C3CC3)n2)CC1,generated,99.9
AAFR,0,CC(C)NC(=O)NCC(=O)Nc1ccc(-n2ccnc2)cc1,generated,99.9
AAFS,0,CC1CCCC(C(N)=O)C1CCC(=O)Nc1ccn(C)n1,generated,99.9
AAFT,0,N#Cc1ccc(OC(=O)Cc2ccc(F)c(F)c2)cc1,training,99.9
AAFU,0,Cc1ccc(CNC(=O)NCc2cccn2C(F)F)c(N)c1,generated,99.9
AAFV,0,CN(C)CCCNc1nc(Nc2ccc(S(N)(=O)=O)cc2)nc(C(F)(F)F)n1,generated,99.9
AAFW,0,COC(=O)C(C)(C)NC(=O)Nc1ccnn1C1CCCCC1,generated,99.9
AAFX,0,CCCCCCCCCCCCCC=CC(CNC(=O)CCc1cn(CCCC)nn1)C(C)C,generated,99.9
AAFY,0,CC(C)(C)c1cccc(C2CC(c3ccc(F)cc3)=NO2)c1,generated,99.9
AAFZ,0,COC(=O)C(C)(c1ccccc1)c1ccc(C(C)(C)C)cc1,generated,99.9
AAGA,0,O=c1ccn(-c2ccc(Cl)cc2)c(=O)n1-c1ccc(F)cc1,generated,99.9
AAGB,0,Cc1cccn2c(=O)cc(CN3CCN(C(C)C)CC3)nc12,generated,99.9
AAGC,0,O=C(Nc1ccc(Oc2ccccc2)cc1)Nc1ccc2c(c1)OCCO2,generated,99.9
AAGD,0,CC(=O)NC(C)(C)c1nnc(N2CCCCC2)s1,generated,99.9
AAGE,0,CC(C)C(CO)NCc1ccccc1-c1nc2ccccc2[nH]1,generated,99.9
AAGF,0,CCOC(C)c1noc(COc2ccc(OCC(N)=O)cc2)n1,generated,99.9
AAGG,0,CCCCOC(=O)N1CCN(C(=O)CCCn2nc(C)cc2C)CC1,generated,99.9
AAGH,0,CC(C)(C)Cc1cc(NC(=O)Nc2ccc(C#N)cc2)on1,generated,99.9
AAGI,0,CC(C)=CCCC(C)=CCC1(C)C=C(Cl)C(=O)C=C1[N+](=O)[O-],generated,99.9
AAGJ,0,CC(=O)NCCC(=O)N(CCc1ccccc1)CC(F)(F)F,generated,99.9
AAGK,0,CC(C)NC(=O)Nc1cccc(-c2c[nH]nc2C(C)C)c1,generated,99.9
AAGL,0,CC(C)=CCCC(C)=CCCC(C)C1CCC2(C)C3CCC4C(C)(C)C(O)CCC4(C)C3CCC12C,generated,99.9
AAGM,0,CN(Cc1cn(Cc2ccccc2)nn1)c1cccc(Cl)c1,generated,99.9
AAGN,0,CC(C)Cc1noc(NC(=O)C2CC(=O)N(C)C2)n1,generated,99.9
AAGO,0,CC(C)(C)c1nnc(CCCC(=O)Nc2ncccn2)s1,generated,99.9
AAGP,0,N#Cc1cccc(Nc2ccnc(NCc3ccccc3Cl)n2)c1,generated,99.9
AAGQ,0,CC(C)c1ncc(CNC(=O)NCC2CCCCC2)c(=O)[nH]1,generated,99.9
AAGR,0,NC(=O)c1ncc(NC(=O)CCc2ccc[nH]2)s1,generated,99.9
AAGS,0,CC(C)Cc1noc(CCNC(=O)NCc2ccco2)n1,generated,99.9
AAGT,0,CC(C)Cc1ccc(C=NNc2nc3ccccc3o2)cc1,generated,99.9
AAGU,0,Cc1ccc(OCc2nnc(CCC3(O)CCCCC3)o2)cc1,generated,99.9
AAGV,0,O=C(CCc1ccc(-c2cccs2)cc1)NN=Cc1ccco1,generated,99.9
AAGW,0,COc1ccc(C=C2N=C(Nc3cccc(C)c3)S2)cc1,generated,99.9
AAGX,0,Cc1ccc(Cn2ccnc2NC(=O)Cc2ccc(Cl)cc2)cc1,generated,99.9
AAGY,0,CC(C)Oc1cccc(OCC(=O)N(C(C)C)C2CCCCC2)n1,generated,99.9
AAGZ,0,CC(=O)NC(CSCc1ccc(F)cc1)CN1CCN(C)CC1,generated,99.9
AAHA,0,CC1(C)C=Cc2c(O)cc(O)c(C=Cc3cccc(O)c3)c2O1,generated,99.9
AAHB,0,CC(C)(C)CC(=O)CCc1nc(-c2ccco2)n[nH]1,generated,99.9
AAHC,0,CC(C)(C)C(=O)C(=O)NCC(O)Cc1ccc(F)cc1,generated,99.9
AAHD,0,CCOC(=O)C(C#N)=C(NC#N)NC(=O)Nc1ccc(C)cc1,generated,99.9
AAHE,0,CC(=CCC1OC(C)(C)OC1=O)CCCC(C)(C)O,generated,99.9
AAHF,0,COc1cc(OCCCCCC(=O)O)ccc1OC(C)=O,generated,99.9
AAHG,0,CC(C)(C)OC(=O)NCCCNC(=O)C1CCCN1S(C)(=O)=O,generated,99.9
AAHH,0,COC(=O)C1CC(=NNC(=O)c2ccccc2C)CCC1=NO,generated,99.9
AAHI,0,Cc1ccc(S(=O)(=O)NC2CCCC(C)C2)s1,generated,99.9
AAHJ,0,Cc1ccc(CN2CCCC(c3nncn3C)C2)cc1,generated,99.9
AAHK,0,CC(C)c1noc(-c2ccc(C(C)(C)C)s2)n1,generated,99.9
AAHL,0,Cn1ccnc1COC(=O)C1CCN(C(=O)OC(C)(C)C)CC1,generated,99.9
AAHM,0,NCCC1CCN(c2cc3cc(Oc4ccc(F)cc4)ccc3o2)CC1,generated,99.9
AAHN,0,CC(C)CN(CC(C)O)CC(C)NS(=O)(=O)Nc1ccc2c(c1)OCO2,generated,99.9
AAHO,0,O=C(Cc1ccc([N+](=O)[O-])o1)NN=Cc1ccc(O)c(O)c1,generated,99.9
AAHP,0,COc1ccc(-c2cc(OC)c(OC)c(OC)c2)c(OC)c1,generated,99.9
AAHQ,0,CN(C)S(=O)(=O)NCCOc1ccc(F)cc1C(F)(F)F,generated,99.9
AAHR,0,CN1CCN(CC(=O)N2CCN(Cc3ccccc3)CC2)CC1,generated,99.9
AAHS,0,CC(=O)OCC12COC(SCc3ccccc3)C1CCC1C3(C)CCC4(C)CCC(O)CC4C3(C)CCC12C,generated,99.9
AAHT,0,CC(C)(C)c1nnc(SCC(=O)NC2CC2)c(=O)[nH]1,generated,99.9
AAHU,0,O=C(O)c1ccc(-c2cc(Cl)c(O)c(Cl)c2)c(Cl)c1,generated,99.9
AAHV,0,N#Cc1cc([N+](=O)[O-])ccc1[S+]([O-])c1ccc(F)cc1,generated,99.9
AAHW,0,c1ccc(-c2cccc(-c3nc(-c4ccccn4)no3)c2)cc1,generated,99.9
AAHX,0,C=CCOc1ccc(-c2ccc(S(=O)(=O)Nc3ncccn3)cc2)cc1,generated,99.9
AAHY,0,CCN(CC)CCNc1ccc(-c2ccc(N3CCN(C)CC3)cc2)c2ccccc12,generated,99.9
AAHZ,0,CCCCCCCCCCCCCCCCCCCCCCCCCC(=O)OCC(COC(=O)n1cnc2ccccc21)OC(=O)CCC,generated,99.9
AAIA,0,Cn1ccnc1SCc1nc2ccccc2c(=O)[nH]1,generated,99.9
AAIB,0,Cc1ccc(N2CCN(Cc3cccc(C(F)(F)F)c3)CC2)nn1,generated,99.9
AAIC,0,NC(=Nc1ccc(-n2ccc3ccccc32)cc1)NCc1ccccc1,generated,99.9
AAID,0,CCCCCCCCCCCCCCC1=CC(=O)C(C(=O)OCC)=C1N,generated,99.9
AAIE,0,CC(CNC(=O)NCCN1CCOCC1)NC(=O)OC(C)(C)C,generated,99.9
AAIF,0,O=[N+]([O-])C(c1ccccc1)n1nnc(CSc2ccccc2)n1,generated,99.9
AAIG,0,CC(NC(=O)NCc1ccccc1C(F)(F)F)C(N)=O,generated,99.9
AAIH,0,CC(C)(C)c1ccc(-c2ccnc(NC(Cc3ccccc3)c3ccccc3)n2)cc1,generated,99.9
AAII,0,CCOP(=O)(OCC)C(Nc1ccccc1)c1ccc(N(Cc2ccccc2)Cc2ccco2)cc1,generated,99.9
AAIJ,0,COc1cccc(CN2CS(=O)(=O)CC2=O)c1OC,generated,99.9
AAIK,0,Cc1ccc(-c2cc(CNC(=O)COc3ccccc3)on2)cc1,training,99.9
AAIL,0,Cc1cc(NC(=O)Cc2ccc(F)cc2F)n(C)n1,generated,99.9
AAIM,0,Cc1nn(Cc2nccs2)c(=O)c2ccccc12,generated,99.9
AAIN,0,Cc1sc(-c2ccccc2)nc1C(=O)Nc1ccccc1C#N,generated,99.9
AAIO,0,CCCCCCCC(O)C(O)CN(CC(O)C(Cc1ccccc1)NC(=O)OC(C)(C)C)C(=O)CC(C)C,generated,99.9
AAIP,0,COC(=O)NC(c1nc2ccccc2[nH]1)c1ccc(C)o1,generated,99.9
AAIQ,0,Cc1sc(=O)n(CC(=O)NC(C)(C#N)C(C)C)c1C,training,99.9
AAIR,0,Cc1cc(C)c(CN2CCC(C(=O)NCc3cccnc3)CC2)c(=O)[nH]1,generated,99.9
AAIS,0,COc1cc(OC)cc(C(=O)NCC(c2cccs2)N(C)C)c1,training,99.9
AAIT,0,CC(C)C(=O)Nc1cccc(NC(=O)c2cc(C(F)(F)F)c[nH]2)c1,generated,99.9
AAIU,0,O=C1CCC(C2CCCCC2)NC12CCCCCC(Nc1ccc([N+](=O)[O-])cc1)C2,generated,99.9
AAIV,0,Cc1nc(C(C)(C)NC(=O)CSc2nnc3ccccn23)cs1,generated,99.9
AAIW,0,CC(C)C(NC(=O)c1cnccn1)C(=O)NC(C)(C)C,generated,99.9
AAIX,0,CCOC(=O)NC(C)c1ccc(OC2CCC3(CC2)OOC(C)(C)O3)cc1,generated,99.9
AAIY,0,NC(=O)c1ccc(C(=O)Nc2cccc3ccccc23)cc1,generated,99.9
AAIZ,0,COc1cccc(-c2cc(NC(=O)c3ccc(F)cn3)[nH]n2)c1,generated,99.9
AAJA,0,Cc1ccccc1CN1CCC2(CCCN2c2ncccn2)CC1,generated,99.9
AAJB,0,CC(C)(C)CNC(=O)C1=C(Cn2ccnc2)CCN(C(=O)OC(C)(C)C)C1,generated,99.9
AAJC,0,O=c1[nH]c2ccc(F)cc2nc1-c1ccc(Cl)cc1,generated,99.9
AAJD,0,Cc1[nH]c(-c2ccccc2)c(C)c1CCC(=O)Nc1cccc(O)c1,generated,99.9
AAJE,0,CC(C)(C)C(c1ccccc1)C(C#N)c1nc2ccccc2[nH]1,generated,99.9
AAJF,0,O=C(NN=Cc1ccccc1C(=O)N1CCc2ccccc2C1)c1ccco1,generated,99.9
AAJG,0,Cc1ccc(C2c3ccccc3C(=O)C2C(=O)Cc2ccccc2)cc1,generated,99.9
AAJH,0,CC1(C)CCC(CN2CCN(c3cccc(Cl)c3Cl)CC2)C(=O)O1,generated,99.9
AAJI,0,CC(NC(=O)C1(C)OCCO1)c1ccc(-c2ccccc2)cc1,generated,99.9
AAJJ,0,CCCCCCCCCCCCCCCC(=O)OCC(O)COP(=O)(O)Oc1ccccc1Cl,generated,99.9
AAJK,0,CS(=O)(=O)NCC1(c2cc(F)ccc2F)CCOCC1,generated,99.9
AAJL,0,COC(=O)C(C)(C)CC(=O)C(CCC(=O)O)NC(=O)c1cc(O)nc(O)c1,generated,99.9
AAJM,0,CCOC(=O)c1ccsc1NC(=O)CCCC(=O)NCc1ccco1,generated,99.9
AAJN,0,Cc1cc(NC(=O)COC(=O)CNC(=O)OC(C)(C)C)ccc1Oc1cccc(Cl)c1Cl,generated,99.9
AAJO,0,Cc1cc(-c2cccc(F)c2)n(CC2CCCO2)n1,generated,99.9
AAJP,0,CCOC(=O)C1=C(CN2CCC3(CCCO3)CC2)NC(=O)NC1,generated,99.9
AAJQ,0,COc1cc(C=C2NC(=O)C(=Cc3ccc(OC)c(OC)c3)C2=O)ccc1O,generated,99.9
AAJR,0,CCCCCCCCCCCCCCCCCC(O)C(O)C(CO)NC(C)=O,generated,99.9
AAJS,0,CC(C)Nc1ncc(C(=O)NCc2ccc(F)cc2)cn1,generated,99.9
AAJT,0,CC1(C)N=C(C(=O)Nc2ccc(F)cc2)CC(=O)O1,generated,99.9
AAJU,0,CN(C)C(=O)N1CC(C(=O)NCC(F)(F)F)C1,generated,99.9
AAJV,0,Cc1nn(C)c(C)c1S(=O)(=O)Nc1cccc(C(F)(F)F)c1,generated,99.9
AAJW,0,CCc1onc(C)c1NC(=O)NCC1COC2(CCCCC2)C1,generated,99.9
AAJX,0,N#Cc1ccc(NC(=O)CSc2nnc(-c3ccco3)o2)cc1,training,99.9
AAJY,0,Cc1cccc(C(=O)NNc2ccc(S(N)(=O)=O)cc2)c1C,generated,99.9
AAJZ,0,O=C(C=Cc1ccc(Cl)cc1Cl)Nc1ccc(C(=O)O)cc1,generated,99.9
AAKA,0,COc1cccc(CNC(=O)c2cc(C)n(C3CCOCC3)c2C)c1,generated,99.9
AAKB,0,COC(=O)C=C(C)C1Cc2ccccc2C(=O)O1,generated,99.9
AAKC,0,CCc1nc(NC(=O)c2cccc(C(F)(F)F)c2)cs1,generated,99.9
AAKD,0,CC(C)Sc1ccccc1NC(=O)c1cnc(Oc2ccccc2)s1,generated,99.9
AAKE,0,CC(=O)Nc1nc(N)c2[nH]c(-c3ccccn3)nc2n1,generated,99.9
AAKF,0,CC(=O)Nc1ccc(NC(=O)CSc2ccc(C)cc2C)cc1,training,99.9
AAKG,0,CC(=O)c1ccc(-c2cc(C(C)(C)C)[nH]n2)o1,generated,99.9
AAKH,0,CC1CC(C)CN(C(=O)CCn2c(=O)oc3ccccc3c2=O)C1,generated,99.9
AAKI,0,Cc1nn(C)c(C)c1CN(C)C(=O)NCc1cccc(F)c1,generated,99.9
AAKJ,0,Cc1cc(C(=O)NCC2(c3ccccc3)CC2)on1,generated,99.9
AAKK,0,COc1ccc2oc(=O)c3ccc(OCC4CCCCC4)cc3c(=O)c2c1,generated,99.9
AAKL,0,COc1ccc(NC(=O)NCCc2nnc3ccccn23)cc1,generated,99.9
AAKM,0,CC(=O)c1ccc(NCc2cn(-c3ccc(C)cn3)cn2)cc1,generated,99.9
AAKN,0,N#Cc1ccc(OCc2nc3cc(Br)ccc3o2)cc1,generated,99.9
AAKO,0,CCCn1c(=O)c(=O)n(CCc2ccccc2)c2ccccc21,generated,99.9
AAKP,0,CNC(=O)Nc1cnc2c(c1)c(=O)n(C)c(=O)n2C,generated,99.9
AAKQ,0,Cc1cccc(OCCCNC(=O)NCC(C)(C)c2ccncc2)c1,generated,99.9
AAKR,0,COC(=O)NC(C(=O)NC(C)S(=O)(=O)c1ccccc1)C(C)C,generated,99.9
AAKS,0,CCCCCCCCCCC=CCCCCCCC=CCC(=O)OCCCCCCCCCCC(=O)O,generated,99.9
AAKT,0,CS(=O)(=O)Nc1cccc(CC(=O)Nc2ccccc2)c1,generated,99.9
AAKU,0,CCCCCCCCCCCCCCCCCCNC(=O)C(C)Cc1cc(C(=O)O)ccc1OC,generated,99.9
AAKV,0,Cc1cc(C)nc(N2CCC(c3cc(F)cc(F)c3)C2)n1,generated,99.9
AAKW,0,COc1ccccc1NC(=O)c1cn(SC2CCCC2)nn1,generated,99.9
AAKX,0,COc1ccc(OC)c(Nc2cc(C)nc3ccc(-c4ccccc4)cc23)c1,generated,99.9
AAKY,0,N#Cc1ccc(C(=O)Nc2sc(C(F)(F)F)cc2Cl)cc1,generated,99.9
AAKZ,0,CC(C)(CNC(=O)N1CCCC1)Nc1cc(C(F)(F)F)ccc1Cl,generated,99.9
AALA,0,COc1ccc(C=C2N=C(c3ccccc3)Oc3ccccc32)cc1,generated,99.9
AALB,0,COc1ccc(-c2nc(CN3CCCCC3)c[nH]2)cc1,generated,99.9
AALC,0,CCOc1ccc(NC(=O)CN(C)S(C)(=O)=O)cc1,training,99.9
AALD,0,COC(=O)c1ccc(Cl)c(NCc2ccc3c(c2)OCO3)c1,generated,99.9
AALE,0,C[S+]([O-])c1ccc(NC(=O)C(C#N)c2cccs2)cc1,generated,99.9
AALF,0,COc1ccc(C(=O)NN=C(S)NCc2ccc(Cl)cc2)cc1,generated,99.9
AALG,0,CC(C)CNC(=O)C(C)N1CCN(CC(=O)NC2CC2)CC1,training,99.9
AALH,0,COC(=O)c1ccccc1OCc1nnc(-c2cccs2)o1,generated,99.9
AALI,0,CCc1noc(CC)c1CNC(=O)c1cccc(C(F)(F)F)c1,training,99.9
AALJ,0,CC1CC(c2ccccc2)C(CCCCN2CCC(O)(c3ccccc3)CC2)=N1,generated,99.9
AALK,0,Cc1nc(CN(C)C(=O)c2cc(NC(C)C)ncn2)sc1C,generated,99.9
AALL,0,NC(=O)C1NC(Cc2cnc[nH]2)C(CC(C(F)(F)F)C(Cl)(Cl)Cl)N1,generated,99.9
AALM,0,CC(C)C1SC(=Nc2ccc(Cl)cc2)SC1=Cc1ccc(Br)cc1,generated,99.9
AALN,0,COC(=O)C12CCC(C)(C)CC1C1=CCC3C4(C)CCC5=CC(=O)CCC5(C)C4CCC3(C)C1(C)CC2,generated,99.9
AALO,0,Cc1nn(C)c(C)c1COC(=O)c1cc(C2CC2)n(C)n1,generated,99.9
AALP,0,O=C(CNc1ccccc1C(=O)O)c1ccccn1,generated,99.9
AALQ,0,CCCCCCCCCCCCCCCCCS(=O)(=O)NC(=O)C(CCCCCCCCCCCCCCCCCCCCCC(O)CCCCCCCCCCCCC)C(=O)OCc1ccc(Cl)cc1,generated,99.9
AALR,0,CC(C)(C)c1ccc(CNC(=O)CCc2ccccc2)cc1,generated,99.9
AALS,0,CC1(C)CCC(CN2CCN(C3CCCC3)CC2)CC1,generated,99.9
AALT,0,CC(C)(C)c1ccc(C(=O)CCCCCCCCCCC2CCCC2)cc1,generated,99.9
AALU,0,COC(=O)c1cc(-c2cccc(O)c2)oc1-c1ccc(Cl)cc1,generated,99.9
AALV,0,CS(=O)(=O)c1ccc(NC(=O)NCCN2CCCC2)cc1,generated,99.9
AALW,0,Cc1ncsc1CCC(=O)NCc1ccc(OCC(F)F)nc1,generated,99.9
AALX,0,COc1ccc(-c2cc(C)c(CC(=O)Nc3ccc(C)cn3)s2)cc1,generated,99.9
AALY,0,O=C(NCc1cnn(-c2ccccc2)c1)Nc1nc2ccccc2s1,generated,99.9
AALZ,0,N#Cc1cccc(NC(=O)NCCc2ncc(-c3ccccn3)o2)c1,generated,99.9
AAMA,0,CC(C(=O)Nc1nc2cc(F)ccc2[nH]1)c1ccccn1,generated,99.9
AAMB,0,N#Cc1ccc(CN2CC3(CCCC3)NC2=O)cc1,generated,99.9
AAMC,0,CC(Nc1cc(-c2ccc(C#N)cc2)ccc1O)C(=O)NC1CCCCC1,generated,99.9
AAMD,0,CCCC1(C(=O)NN=C(C)Nc2ccc(C#N)cc2)CCCC1,generated,99.9
AAME,0,Cc1nn(C)c(C)c1NC(=O)c1c(O)ccc2ccccc12,generated,99.9
AAMF,0,CC(C)(C)CN(NC(=O)CNC(=O)c1ccco1)c1ccccc1,generated,99.9
AAMG,0,CC(C)C(NC(=O)CCc1cc(C(C)(C)C)on1)C(N)=O,generated,99.9
AAMH,0,Cc1ccc(S(=O)(=O)NCc2ccc(C)n2C)cc1,generated,99.9
AAMI,0,O=C(NC1CC1)c1ccc(Cn2nc(C(F)(F)F)cc2Cl)cc1,generated,99.9
AAMJ,0,CC(C)(C)NC(=O)Nc1ccccc1NC(=O)NC1CCCCC1O,generated,99.9
AAMK,0,CSc1nnc(NC(=O)CSc2nc(O)c3ccccc3n2)s1,generated,99.9
AAML,0,Cc1cccc(C(=O)c2ccccc2NC(=O)COC(=O)Nc2cc(C)on2)c1,generated,99.9
AAMM,0,NC(=O)c1ccc(-c2nc(-c3ccc(Cl)cc3)n[nH]2)cc1,generated,99.9
AAMN,0,O=C(Cn1cccn1)N1CCC(Cc2ccc(-c3cccs3)[nH]2)CC1,generated,99.9
AAMO,0,NS(=O)(=O)c1ccc(NC(=O)c2cccc(Br)c2)cn1,generated,99.9
AAMP,0,CN(C)C(=O)CNC(=O)NCc1ccc(-c2ccc(C(F)(F)F)cc2)o1,generated,99.9
AAMQ,0,CC(C)(C)c1noc(CCCC(=O)Nc2ccc(F)cc2)n1,training,99.9
AAMR,0,Cc1cc(C)cc(N(C)c2nc(-c3ccccc3)no2)c1,generated,99.9
AAMS,0,CC(C)C(C(=O)Nc1cccc(-n2cnnn2)c1)n1cccn1,generated,99.9
AAMT,0,COc1cccc(C2CC(c3ccc(C)cc3)=CC2=O)c1,generated,99.9
AAMU,0,O=C(Nc1ncnn1Cc1cccc(F)c1)c1ccccc1Cl,generated,99.9
AAMV,0,Cc1ccc(C2=C(c3ccccc3)C(=O)N(CCc3ccc(O)cc3)C2=O)cc1,generated,99.9
AAMW,0,O=C(CC1CCCCC1)Nc1ccc(OC(F)(F)F)cn1,generated,99.9
AAMX,0,CC(=O)c1cccc(OCC(=O)Nc2ccc(N)cc2F)c1,generated,99.9
AAMY,0,Cc1cc(C(=O)OC2CCCC2)nc(N(C)Cc2ccco2)n1,generated,99.9
AAMZ,0,O=C(Nc1ccc2c(c1)Cc1ccccc1-2)NN1CCCCC1,generated,99.9
AANA,0,CCN(C(=O)CCCc1ccc(SC)cc1)C(C)C,generated,99.9
AANB,0,O=C(Nc1ccc(Cl)cc1)N1CCCC(CO)(Cc2cccs2)C1,generated,99.9
AANC,0,CS(=O)(=O)NC1CCCCC1NC(=O)c1ccc2ccccc2c1,generated,99.9
AAND,0,CC(C)(C)OC(=O)N1CCC(Nc2ncnc(N3CCOCC3)c2-c2ccccc2)CC1,generated,99.9
AANE,0,CCNC(=O)Nc1ccc(Cc2csc(Nc3ccc(C)c(Cl)c3)n2)cc1,generated,99.9
AANF,0,CCCC(C)NC(=O)C1CCN(c2cccc3nc(C)c(C)nc23)CC1,generated,99.9
AANG,0,O=C(CN1CCC(CCO)CC1)N1CCCC(c2ccn[nH]2)C1,generated,99.9
AANH,0,CCCCCCCCCCCCCCCCNCc1ccc(-c2ccccc2C(=O)O)c(C(=O)O)c1,generated,99.9
AANI,0,CC(=O)Nc1ccc(NC(=O)NCCC(c2ccccc2C)n2cccc2)cc1,generated,99.9
AANJ,0,CN(Cc1ccc(OCc2ccccc2)cc1)Cc1cnc(C2CCC2)s1,generated,99.9
AANK,0,Cc1nc(C)c(CC(=O)N(C)Cc2ccc(F)cc2)c(C)n1,generated,99.9
AANL,0,CC(NC(=O)C(C)(C)C)C(=O)N(C)Cc1cc[nH]n1,generated,99.9
AANM,0,COCCNC(=O)C1CCN(C(=O)NCCc2ccco2)CC1,generated,99.9
AANN,0,CC(C)c1ccc(NC(=O)Nc2ccc(-c3nccn3Cc3ccc(OC(F)(F)F)cc3)cc2)cc1,generated,99.9
AANO,0,CC(=O)Nc1ccc(NC(=O)NC(C)Cn2cncn2)cc1,generated,99.9
AANP,0,O=c1c2ccccc2nnn1-c1c(F)cc(F)cc1F,generated,99.9
AANQ,0,Cc1nc(C(N)=O)cc(N)c1C#CCN1CCN(c2ccc(F)cc2)CC1,generated,99.9
AANR,0,CCCCCCCCCCCCCC(=O)NN=C(S)N(CCCC)Cc1ccccc1,generated,99.9
AANS,0,CCCCOc1ccc(OCCCC(=O)N2CCCCCC2)cc1,generated,99.9
AANT,0,Cc1cc(C)n(-c2ccc(S(=O)(=O)NC3CCCCC3)cc2)n1,generated,99.9
AANU,0,CSc1ncsc1C(=O)NCC(=O)N1CCCCCC1,generated,99.9
AANV,0,Cc1cc(C)c(C(=O)NC(C)(C)COc2ccccc2C)nn1,generated,99.9
AANW,0,CCC(=O)N1CCC(NC(=O)C2c3ccccc3Oc3ccccc32)CC1,generated,99.9
AANX,0,CCc1csc(SC(C)C(=O)NCC(C)(C)c2ccccc2)n1,generated,99.9
AANY,0,CC(=NNS(=O)(=O)c1c(C)cc(C)cc1C)c1ccccc1,generated,99.9
AANZ,0,COCCOc1ccc(-c2ccc3onc(C)c3c2)cc1,generated,99.9
AAOA,0,CCCCCCCCCCCCCCCC(=O)OCC1OC(OC(C)=O)C(OC(C)=O)C(OC(C)=O)C1OC(C)=O,generated,99.9
AAOB,0,CC(C)c1nnc(CNC(=O)Nc2ccc(F)c(Cl)c2)o1,generated,99.9
AAOC,0,Cc1cccc(SCC(=O)NCc2ccc(C#N)cc2)c1,generated,99.9
AAOD,0,Cc1cc(NC(=O)NCc2nnnn2-c2ccccc2)no1,generated,99.9
AAOE,0,CC(C)(C)n1c(N)nnc1SCC(=O)NCC1CCCO1,generated,99.9
AAOF,0,Cc1cc(C)c(OCC(=O)NN=Cc2ccc(Cl)cc2)c(=O)[nH]1,generated,99.9
AAOG,0,Cc1cc(C)n2nc(C(=O)N(C)Cc3ccccc3)nc2n1,training,99.9
AAOH,0,Cc1ccc(OCCC(=O)OCc2c(C)cc(N)[nH]c2=O)cc1,generated,99.9
AAOI,0,Cc1cc(=O)c2ccccc2c(Oc2ccc([N+](=O)[O-])cc2)n1,generated,99.9
AAOJ,0,Cc1ccc(CC(=O)N2CCCCC2COc2ccccc2)s1,generated,99.9
AAOK,0,COc1ccc(CNC(=O)c2ccc(CSc3nnc(C(C)C)o3)o2)cc1,generated,99.9
AAOL,0,COC(=O)c1cnc(NC(=O)COc2ccc(Cl)cc2)s1,training,99.9
AAOM,0,O=C(NCc1ccccc1)Nc1ccc2c(c1)N=C(C(=O)O)CC2,generated,99.9
AAON,0,CC(C)C(C)(C)NC(=O)N1CCC(n2cccn2)CC1,generated,99.9
AAOO,0,CCCCCCCCCCCCCCCCCCCCCCCC(=O)OCC1C(O)C(O)C(O)C1CNC(=O)OCC,generated,99.9
AAOP,0,CC(C)CN(C(=O)COC(=O)c1ccc(Br)o1)c1ccccc1,generated,99.9
AAOQ,0,CC(=O)Nc1ccc(NC(=O)c2cnc(-c3ccco3)nc2)cc1,generated,99.9
AAOR,0,Cc1ccc2[nH]c3[nH]c(=O)cc(C(F)(F)F)c3c2c1,generated,99.9
AAOS,0,COc1ccc(-c2cnc(-c3cc(Cl)ccc3O)s2)cc1,generated,99.9
AAOT,0,CC(C)(C)c1ccc(CN(CCCC(Cc2ccccc2)n2ccnc2)NC2CCCC2)cc1,generated,99.9
AAOU,0,CCOC(=O)c1c(C)nc(-c2nnc(C(C)(C)N)s2)nc1CC,generated,99.9
AAOV,0,CCC(C)NC(=O)CCC(=O)N(C)CC(=O)Nc1ccc(OC)nc1,generated,99.9
AAOW,0,CC1CCN(C(=O)CCC2CCCN(C(=O)C3CCCO3)C2)CC1,generated,99.9
AAOX,0,CCc1ccc(C(C#N)OC(=O)c2ccc(C)s2)o1,generated,99.9
AAOY,0,COc1ccc(CC(=O)NCc2ccc(S(N)(=O)=O)o2)cc1,generated,99.9
AAOZ,0,Cc1ccc(S(=O)(=O)NNC(=O)c2ccc([N+](=O)[O-])o2)cc1,generated,99.9
AAPA,0,Cc1ccc(-n2ccnc2SCC(=O)NCc2ccco2)cc1,generated,99.9
AAPB,0,CCCCCCCCCCCCCOC(=O)NCC(=O)NCC(=O)OCC(COC(=O)CCCCCCCCCCCCC)OC(=O)C=Cc1ccccc1,generated,99.9
AAPC,0,O=C(CC1CCCCC1)N1CCN(C(=O)Nc2ccccn2)CC1,generated,99.9
AAPD,0,O=c1c(CN2CCOCC2)n[nH]c2ccc(Br)cc12,generated,99.9
AAPE,0,O=C(COC(=O)C1CC1)NCc1ccc(C(F)(F)F)cc1,generated,99.9
AAPF,0,CN(C)C(=O)CCNC(=O)Nc1cnn(CC2CCOC2)c1,generated,99.9
AAPG,0,Cc1c(C(=O)N(C)CC(=O)Nc2ccccc2F)nnn1C,generated,99.9
AAPH,0,O=C(c1cnc(C2CC2)nc1)N1CCC(c2nnc(-c3ccccc3)o2)CC1,generated,99.9
AAPI,0,COC(=O)c1cccc(C(=O)OCC(=O)NCc2ccco2)c1,generated,99.9
AAPJ,0,CC(C)=CCCC(C)=CCOC12COC(C)(C)C(CC=C(C)C)C1(O)C2,generated,99.9
AAPK,0,CCOC1CCCN(c2nc(N)nc(-n3cccn3)n2)C1,generated,99.9
AAPL,0,CN1CCN(CCCOc2ccc(-c3cc4ccc(O)cc4s3)cc2)CC1,generated,99.9
AAPM,0,COC(=O)C1CCCC1NC(=O)COc1ccc(C#N)cc1OC,generated,99.9
AAPN,0,COc1ccc(C(=O)N=C(N)NC(=O)C2=C3C=CC(C3)C2)cc1,generated,99.9
AAPO,0,COc1c(C(=O)NCc2cccc(Cl)c2)cnn1C,generated,99.9
AAPP,0,C=CCN1CCCC(c2nc(-c3ccc(OC(C)C)nn3)no2)C1,generated,99.9
AAPQ,0,CC(C)(O)C(O)CCCC(=O)Nc1ccc(S(N)(=O)=O)cc1,generated,99.9
AAPR,0,CC(C)C1COC2(CCCCN2Cc2ccc(C#N)cc2)O1,generated,99.9
AAPS,0,COC(=O)C(C)(C)S(=O)(=O)N(Cc1ccccc1)C1CC1,generated,99.9
AAPT,0,CC1CC(C)CN(c2cc(Nc3ccccc3)nnc2N2CCCCC2)C1,generated,99.9
AAPU,0,COC(=O)CSc1ccc(OCC(=O)c2ccc(O)cc2O)cc1,generated,99.9
AAPV,0,C#CCCN1CCN(C(=O)CCc2cc(F)ccc2F)CC1,generated,99.9
AAPW,0,Cc1nc(C(C)(C)C)n(C(c2ccccc2)c2ccccc2C)n1,generated,99.9
AAPX,0,CCOc1ccc(Cl)cc1NC(=O)NCC(=O)NC1CC1,generated,99.9
AAPY,0,CC(CCCCCCC(=O)N1CCC(=C(C(=O)O)c2ccc(Cl)cc2Cl)CC1)CC(=O)O,generated,99.9
AAPZ,0,COc1ccc(OC)c(S(=O)(=O)N=c2[nH]nc(C)s2)c1,generated,99.9
AAQA,0,COc1ccc(C=CC(=O)NCC(O)COc2ccc(-c3ccccc3)cc2)cc1,generated,99.9
AAQB,0,CCCC(C)(C)CNC(=O)Nc1cc(C(F)(F)F)c[nH]c1=O,generated,99.9
AAQC,0,CS(=O)(=O)NCc1ccc(-c2ccc(COc3ccccc3)cc2)cc1,generated,99.9
AAQD,0,CN(C)c1ccccc1N=NCCCCCCCCCCCNC1CCCc2ccccc21,generated,99.9
AAQE,0,CCCCN(CCCC)C1=NS(=O)(=O)c2ccccc21,generated,99.9
AAQF,0,CC(C)(C)OC(=O)NC(C(=O)Nc1nnc(Cc2ccccc2)s1)C(C)(C)C,generated,99.9
AAQG,0,O=C(Cc1ccc(Br)cc1)NCC(O)c1ccc(Cl)cc1,generated,99.9
AAQH,0,Cc1cc(NC(=O)CCc2ccccc2)c(C)n1-c1ccccc1,generated,99.9
AAQI,0,COc1ccc(C(=O)NC(c2ccccc2)c2ccccn2)cc1,training,99.9
AAQJ,0,CC(C)Cn1cc(C(=O)Nc2cc(C(C)(C)C)no2)c(Cl)n1,generated,99.9
AAQK,0,COc1ccccc1-c1cc(C(F)(F)F)nc(-c2ccccc2)n1,generated,99.9
AAQL,0,COc1ccc(C=Cc2nc(SCc3ccccc3)n[nH]2)cc1OC,generated,99.9
AAQM,0,Cc1cc(SC2(C(=O)NC(CCCNC(=N)N)C(=O)O)CCCCC2)c(C)s1,generated,99.9
AAQN,0,CC1(C(=O)NCCNc2cc(-n3ccnc3)ncn2)CCOC1,generated,99.9
AAQO,0,O=C(O)c1c(S(=O)(=O)O)cc(=O)[nH]c1O,generated,99.9
AAQP,0,CC(=O)N(C)C12CCC3(C)C(CC(C1)C3NC(=O)Cc1nc(C)cs1)C2,generated,99.9
AAQQ,0,O=C(NCc1cccs1)c1ccc(C(F)(F)F)nc1,generated,99.9
AAQR,0,CC(=O)N1CCC(C(=O)Nc2nc(-c3ccco3)ns2)CC1,generated,99.9
AAQS,0,CC(C)(C)C(O)c1ccc(N2CCN(c3ccccc3O)CC2)cc1,generated,99.9
AAQT,0,O=C(NCCC1=NCCN1)c1ccc2c(c1)S(=O)(=O)c1ccccc1-2,generated,99.9
AAQU,0,CCN(CC)CCCCN(CCCNCCCNC(=N)NCCCCCN(CC)CCCC1(C)C=CS(=O)(=O)C1)Cc1ccc(-c2ccccc2)cc1,generated,99.9
AAQV,0,Cc1ccc(NC(=O)COC(=O)c2cnc(C3CCCO3)s2)cc1,training,99.9
AAQW,0,CCN(CC)CCNC(=O)c1cccc2nc3ccccc3nc12,generated,99.9
AAQX,0,CC(C)C(NC(=O)c1ccc(Cc2ccccc2)cc1)c1nnc(Cc2ccc(Br)cc2)o1,generated,99.9
AAQY,0,Cc1nc(C)n(CC(=O)N2CC3CCC4CN(C4)CC2CC3)n1,generated,99.9
AAQZ,0,Cc1cccc(Cn2ccnc2CN(C)C(=O)c2ccco2)c1,generated,99.9
AARA,0,NC(Cc1ccc(-c2cccc(Oc3ccc(-c4ccccc4)cc3)c2)cc1)C(=O)O,generated,99.9
AARB,0,Cc1ccc(C(=O)CCC(=O)Nc2nccs2)s1,generated,99.9
AARC,0,CC(C)(C)NC(=O)C(C#N)=Cc1ccc([N+](=O)[O-])cc1,generated,99.9
AARD,0,CCCc1nc(CC(C)C)nc(OCC(=O)NC2CCCCC2)c1C,generated,99.9
AARE,0,O=C(CNc1ncnc2ccsc12)NCC(=O)NC1(C(=O)O)CC1,generated,99.9
AARF,0,COC(=O)C1=C(C)NC(C)=C(C(=O)OC)C1c1ccccc1,training,99.9
AARG,0,Cc1noc(C)c1S(=O)(=O)N1CCC2(CC1)OCCO2,training,99.9
AARH,0,CCc1nc(C(=O)N(C)CCc2ccc(C)o2)cn1C,generated,99.9
AARI,0,CCCCN(CC)CCCCCNc1ccc(Cc2ccc(Cl)c(Cl)c2)cc1N,generated,99.9
AARJ,0,O=C(NCCc1ccccn1)c1ccc(CSc2ncccn2)cc1,generated,99.9
AARK,0,CCCc1nc(C(=O)NCc2ccc(S(N)(=O)=O)cc2)co1,generated,99.9
AARL,0,Fc1cccc(COc2cc(-c3ncc[nH]3)cc(N3CCCCC3)n2)c1,generated,99.9
AARM,0,O=C(Cc1cccc([N+](=O)[O-])c1)NCC1CCCO1,generated,99.9
AARN,0,CC(C)S(=O)(=O)N1CCN(C(=O)C2CCC3(C2)OCCO3)CC1,generated,99.9
AARO,0,COC(=O)C(OC(=O)CC(c1ccccc1)c1ccccc1)C(C)C,generated,99.9
AARP,0,CC12CCC3c4ccc(O)cc4CCC3C1CCC2(O)C(O)CC1CCCC2(CC1)CC(=O)OO2,generated,99.9
AARQ,0,CCC(CC)NC(=O)c1cc2ccccc2c(=O)[nH]1,generated,99.9
AARR,0,CCCCc1nc(C)nc(N2CCN(CC(=O)N(C)C)CC2)n1,generated,99.9
AARS,0,CCc1ccc(CN(C)C(=O)c2ccnc(-n3cnnn3)c2)cc1,generated,99.9
AART,0,Cc1cccc(N(C)S(C)(=O)=O)c1-c1ccc(F)c(C(N)=O)c1,generated,99.9
AARU,0,CCS(=O)(=O)c1ccc(S(=O)(=O)NC(C)(C)C)cc1,training,99.9
AARV,0,Cc1cc(Nc2cccc(NC(=O)c3ccc(OCC(=O)N4CCCCCC4)cc3)c2)no1,generated,99.9
AARW,0,CC(C)COc1ccc(CNC(=O)C(C)NC(C)C(=O)O)cc1,generated,99.9
AARX,0,COCCCNC(=O)c1ccc(NS(=O)(=O)Cc2ccccc2)cc1,generated,99.9
AARY,0,Cc1oc(CN2CCN(c3n[nH]c(SCC(C)(C)C)n3)CC2)nc1C(C)(C)C,generated,99.9
AARZ,0,Cc1ccc(C2=NN(c3ccccc3F)C(=O)CC2)cc1,generated,99.9
AASA,0,CN(C)c1cccc(CNC(=O)Cc2coc3ccccc23)c1,generated,99.9
AASB,0,Cc1ccc(CSc2nnc(C(C)(C)C)n2C2CC2)o1,generated,99.9
AASC,0,CCN(CC)c1ccc(Nc2nc(C)nc3c2cnn3C)cc1,generated,99.9
AASD,0,CC(C)CC(=O)C(=O)Nc1ccc(O)c(Cl)c1,generated,99.9
AASE,0,COC1CC(CC(=O)O)CC(c2ccc(Cl)c(Cl)c2)O1,generated,99.9
AASF,0,CCC(=O)C(C(=O)OC)c1c(C)cc(C)nc1C,generated,99.9
AASG,0,O=C(OC(Cc1ccccc1)(c1ccccc1)c1ccccc1)c1ccc(Cl)cc1,generated,99.9
AASH,0,CC(C)(CNC(=O)C1CC=CCC1)NCc1ccccc1,generated,99.9
AASI,0,CCc1nc(Nc2cccc(OC)c2)c(C#N)c(=O)o1,generated,99.9
AASJ,0,CCCCCCCCCCCCCCCCCCCCOCC(COCc1ccccc1)NC(=O)OC(C)(C)C,generated,99.9
AASK,0,CCN(CC)S(=O)(=O)N1CCC(c2ccccn2)CC1,generated,99.9
AASL,0,O=C(Cc1ccc(Br)cc1)NCCCn1nnc2ccccc21,generated,99.9
AASM,0,O=C(Cn1ccccc1=O)Nc1ccc(-c2cn3ccsc3n2)cc1,generated,99.9
AASN,0,O=C(CSc1nc(=O)[nH]cc1C(F)(F)F)Nc1cccc(F)c1,generated,99.9
AASO,0,Cc1ccnc(Nc2nnc(C(=O)NCc3cc(C)on3)s2)c1,generated,99.9
AASP,0,Cc1cccc(OCCN2CCN(CCn3cccn3)CC2C)c1,generated,99.9
AASQ,0,COC(=O)Nc1ccc(C(C)N(C)Cc2ccncc2)cc1,generated,99.9
AASR,0,CCOC1CC(NC(=O)NCCN2CCOCC2)C1(C)C,generated,99.9
AASS,0,CN(Cc1ccc(F)cc1)C(=O)COc1nc2ccccc2s1,generated,99.9
AAST,0,O=C(O)CC(NC(=O)NCc1ccc(Cl)cc1)c1ccccc1,generated,99.9
AASU,0,CC(C)c1nc(CN2CCN(Cc3ccc(F)cc3)C2)n[nH]1,generated,99.9
AASV,0,CC(C)c1cc(CNC(=O)COc2ccccc2F)[nH]n1,generated,99.9
AASW,0,Cc1cccc(C=Cc2ccc(C(=N)N3CCCC3)cc2)c1,generated,99.9
AASX,0,COC(=O)c1ccc(Nc2nccc(OC)n2)cc1C,generated,99.9
AASY,0,Cc1nn(Cc2nc(-c3ccccc3)co2)c(C)c1Br,generated,99.9
AASZ,0,CCNC(=O)c1ccc(C(=O)Nc2nnc(S(N)(=O)=O)s2)cc1,generated,99.9
AATA,0,Cc1nc(C2CCCN(S(=O)(=O)C(C)C)C2)no1,generated,99.9
AATB,0,O=C(CSc1nnc(C2CC2)s1)Nc1ccc(Cl)cc1,generated,99.9
AATC,0,CC(=NNC(=O)Nc1ccc(Cl)cc1)c1ccc([N+](=O)[O-])cc1,generated,99.9
AATD,0,O=C(C=Cc1ccc(OCc2ccccc2)c([N+](=O)[O-])c1)OCCCCCCCCO,generated,99.9
AATE,0,COC(=O)C(O)(c1cc(C(F)(F)F)cc(C(F)(F)F)c1)C(F)(F)F,generated,99.9
AATF,0,CN(C)CCNC(=O)c1cccc(C(=O)c2ccccc2)c1,generated,99.9
AATG,0,O=C(CCn1cccn1)NCC(=O)Nc1ccc(C(F)(F)F)cc1,generated,99.9
AATH,0,Oc1ccccc1Cc1nc(-c2ccncc2)n[nH]1,generated,99.9
AATI,0,Cc1ccc(C=C2CCCC(=NN(Cc3ccccc3)Cc3cccc(C(F)(F)F)c3)C2=O)cc1,generated,99.9
AATJ,0,COc1ccccc1OCCN(C)C(=O)NC(C)C(N)=O,generated,99.9
AATK,0,Cc1ccc(C(=O)CCC(=O)N2CCCC(C)C2)cc1-n1cccc1,generated,99.9
AATL,0,Cc1ccc2[nH]nc(NCc3ccc(-c4ccccc4)cc3)c2c1,generated,99.9
AATM,0,CC(C)(C)CCC1C2CCCC3CCC4CC(O)(O4)C3CCC21C,generated,99.9
AATN,0,CC(C)(C)CC(=O)NCCN1CCOC(C(F)(F)F)C1,generated,99.9
AATO,0,CCOC(=O)c1ccc(NC(=O)NCc2ncc(C)s2)cc1,generated,99.9
AATP,0,Cc1noc(CCCn2ccc(CN3CCCC3)n2)n1,generated,99.9
AATQ,0,Cc1cc(OC2CCN(C(=O)Cc3ccc(C)o3)CC2)no1,generated,99.9
AATR,0,CC(=O)Nc1cccc(NCC(=O)NC(c2ccccc2)c2ccc(C)cc2)c1,generated,99.9
AATS,0,CC(C)(C)C(=O)NC(=Nc1ccc([N+](=O)[O-])cc1)NS(=O)(=O)c1ccc(C(F)(F)F)cc1,generated,99.9
AATT,0,Nc1cc(OCCOCCOc2ccc(Cl)cc2)c2ccccc2n1,generated,99.9
AATU,0,O=C(Cn1cncn1)NNC(=O)c1ccc(-c2ccc(C(F)(F)F)cn2)cc1,generated,99.9
AATV,0,CN(Cc1cnn(C)c1)C(=O)COc1ccc(Cl)cc1Cl,generated,99.9
AATW,0,CC(=O)N(C)c1ccc(N=C(S)N(Cc2ccccc2)Cc2ccco2)cc1,generated,99.9
AATX,0,COc1c(C)cnc(CN(C)Cc2csc(C)n2)c1C,generated,99.9
AATY,0,CCCCN(CCCC)C(=O)C(C)NC(=O)N1CCN(C(=O)N2CCCS2(=O)=O)CC1,generated,99.9
AATZ,0,C=C(C)C(O)CCC(C)=CCCC(C)=CCC(C)C=CC=C(C)CCC(C)=CC(C)C(C)C,generated,99.9
AAUA,0,CC(C=Nn1cnnc1)c1ccc(OCc2cccc(OC(F)(F)F)c2)cc1,generated,99.9
AAUB,0,CC(C)(C)C(=O)Nc1ccn(-c2ncccc2Cl)n1,generated,99.9
AAUC,0,O=C(CSc1nc(-c2cccnc2)no1)Nc1ccc(Cl)cc1,generated,99.9
AAUD,0,CCN(C(=O)CN(C)c1cc(C)ccn1)c1cc(Cl)ccn1,generated,99.9
AAUE,0,CCc1cccc(-c2ccc(S(=O)(=O)NC(C)(C)C)o2)c1,generated,99.9
AAUF,0,CC(=O)NC(CC(=O)NCC(C)(C)c1ccccn1)C(C)C,generated,99.9
AAUG,0,CC1CCCC(=NNc2ccnc(-c3ccccc3F)n2)C1,generated,99.9
AAUH,0,COc1ccc(C(C)OC(=O)CNc2cccc(C)n2)cc1C,generated,99.9
AAUI,0,CS(=O)(=O)NCCC(=O)N1CCCC(OCc2ccccn2)C1,training,99.9
AAUJ,0,CCC(C)(C)NC(=O)C(C)Sc1nc(C)cc(C)n1,generated,99.9
AAUK,0,COC(=O)C1COC(=O)N(c2ccc(NS(C)(=O)=O)cc2)C1,generated,99.9
AAUL,0,CC(=O)Nc1ccc(NC(=O)CC2COc3cc(Cl)ccc3S2)cc1,generated,99.9
AAUM,0,Nc1nc(-c2ccccc2)c(-c2ccc(O)cc2)o1,generated,99.9
AAUN,0,Cc1ccc(Oc2cc3c(cc2Cl)C(=O)c2ccccc2C3=O)cc1,generated,99.9
AAUO,0,CCC(CC)N(C)c1cc(C)c(C)c(C)c1Sc1ccc(OC)cc1,generated,99.9
AAUP,0,CC(C)(C)N(Cc1cc(F)cc(F)c1)CC(O)c1ccc(O)c(O)c1,generated,99.9
AAUQ,0,CC(C)Cc1ccc(C(=O)NCc2c[nH]nc2-c2ccccc2C#N)cc1,generated,99.9
AAUR,0,O=C(Nc1ccc(C(F)(F)F)cc1)Nc1cccc(F)c1,generated,99.9
AAUS,0,CC(C)(C)c1ccc(Oc2ccc(C(=N)N)cc2)c(NCCCn2ccnc2)c1,generated,99.9
AAUT,0,CN(C(=O)CN1CCC(c2cccc(N)c2)CC1)S(C)(=O)=O,generated,99.9
AAUU,0,CC(C)Nc1ccc(C(=O)N(C)Cc2ccccc2F)c(O)c1,generated,99.9
AAUV,0,O=C(Cc1ccc(Cl)cc1)NNC(=O)CC(c1ccccc1)c1ccc(F)cc1,generated,99.9
AAUW,0,COC(=O)C=C(SC)S(=O)(=O)c1ccc(C(C)(C)C)cc1,generated,99.9
AAUX,0,CC(C)C(=CC(=O)Nc1ccccc1)C(=O)OCC(=O)Nc1ccc(F)cc1,generated,99.9
AAUY,0,CCOC(=O)N1CCN(C(=O)Cc2ccc(F)cc2)CC1,training,99.9
AAUZ,0,O=C(C=Cc1ccc([N+](=O)[O-])o1)Nc1ccc2oncc2c1,generated,99.9
AAVA,0,COc1ccc(C(C)=O)cc1NC(=O)C1CC2(CCCC2)O1,generated,99.9
AAVB,0,CC(C)CC(NC(=O)C(Cc1ccccc1)NC(=O)C(NC(=O)C(C)NC(=O)C(CC(=O)O)Cc1ccccc1)C(C)C)C(=O)NC(CO)C(=O)NC(CO)C(N)=O,generated,99.9
AAVC,0,O=C(NCc1ccco1)c1ccc(-n2cccn2)c(Cl)c1,generated,99.9
AAVD,0,Cc1nc(C)c(C(=O)N2CCC(c3cccc(C(=O)NC4CC4)c3)CC2)s1,generated,99.9
AAVE,0,CC(C)c1ccccc1OCC(=O)N(C)C(C#N)Cc1ccc(F)cc1,generated,99.9
AAVF,0,O=C(NCCC(O)(c1ccccc1)c1ccccc1)Nc1ccccc1,generated,99.9
AAVG,0,Cc1cccc(NC(=O)NC(C)C(=O)Nc2ccccc2)c1,generated,99.9
AAVH,0,O=C(NCCc1csc(-c2ccccn2)n1)c1cccs1,generated,99.9
AAVI,0,COC1CCC(C(=O)Nc2ncc(-c3ccc(N(C)C)cc3)s2)CC1,generated,99.9
AAVJ,0,Cc1cccc(NC(=O)C2CC(=O)N(c3nccc(C)n3)C2)n1,generated,99.9
AAVK,0,Cc1ccc(-c2nc3ccccc3c(=O)n2NC(=O)c2ccco2)cc1,generated,99.9
AAVL,0,COc1ccccc1C(=O)OCC(=O)c1ccc(-c2ccccc2)cc1,generated,99.9
AAVM,0,CCCCCCc1ccc(OC(CCCCCCCCCCCCCCCCCCCCC(=O)O)C(=O)O)cc1,generated,99.9
AAVN,0,Cc1ccc(S(=O)(=O)Nc2sc(C)c(C)c2C(N)=O)cc1C,generated,99.9
AAVO,0,CCCCCCCCCCCCCCOC(=O)NC(CCCCNC(=O)OCC(OCc1ccccc1)C(=O)NC(C)C(=O)NC(CCC(N)=O)C(=O)O)C(=O)O,generated,99.9
AAVP,0,Cc1cc(C(C)NC(=O)N2CCN(CC(N)=O)C2)c(C)o1,generated,99.9
AAVQ,0,CC(C)CC(C(=O)O)N(CC(=O)NCc1ccccc1)CC(=O)N(CC(C)(C)C)C(=O)c1ccccc1,generated,99.9
AAVR,0,O=C(Nc1cnc2ccccn2c1=O)c1ccc(Cl)c(F)c1,generated,99.9
AAVS,0,Cc1ccccc1NC(=O)Cc1cc2ccc(OCC(=O)NCCCN3CCCCC3)nc2[nH]1,generated,99.9
AAVT,0,O=C(NO)C(Cc1ccc(C(F)(F)F)cc1)c1ccccc1-c1ccccc1,generated,99.9
AAVU,0,CC(C)CN(C(=O)c1ccc2oc(-c3ccccc3)nc2c1)C1CC1,generated,99.9
AAVV,0,CC(NC(=O)CCC(=O)Nc1ccc(Cl)cc1)c1ncc(C(F)(F)F)cc1Cl,generated,99.9
AAVW,0,Cc1cccc(CN2CCC3(CCCN(C4CCOCC4)C3=O)C2)n1,generated,99.9
AAVX,0,Cc1cccc(C)c1OCC(=O)N(C)Cc1nc(C2CC2)no1,generated,99.9
AAVY,0,CCS(=O)(=O)N1CCC(C(=O)NCc2ccccc2F)CC1,training,99.9
AAVZ,0,CC(C)Nc1nc(-c2cccc(NC(=O)c3cc(F)cc(F)c3)c2)cc2ccccc12,generated,99.9
AAWA,0,COc1ccc(C(=O)C2CCN(C(=O)NC(C)C)CC2)cc1,generated,99.9
AAWB,0,CC(C)(C)OC(=O)C1CCN(c2ccc(-c3ccc(OCCN4CCOCC4)nn3)cc2)CC1,generated,99.9
AAWC,0,CC1=CC=CC2=CC(=O)C(C)(C)C(=O)C(C)CC2C1=NOCCOCCOCCOCc1ccc(O)c(O)c1,generated,99.9
AAWD,0,O=C(Nc1ccc(-n2cncn2)cc1)c1cc(=O)[nH]c2ccccc12,generated,99.9
AAWE,0,CC(C)(C)c1ccc(C(=O)NCc2ccco2)cc1NS(=O)(=O)c1ccccc1,generated,99.9
AAWF,0,Cc1noc(COc2ccc(F)cc2C(=O)Nc2ccccn2)n1,generated,99.9
AAWG,0,CN1CCc2c(cc(-c3ccc(OC4CCN(CC(=O)O)CC4)cc3)cc2C2CC2)C1,generated,99.9
AAWH,0,COc1ccc(C2CC(c3ccccc3)N(Cc3cccc(C(F)(F)F)c3)C(=O)N2)cc1,generated,99.9
AAWI,0,CCOC(=O)C1CCCN(C(=O)c2cc3ccccc3s2)C1,generated,99.9
AAWJ,0,Cc1n[nH]c(C)c1CC(=O)Nc1ccc(F)c(OC(C)C)c1,generated,99.9
AAWK,0,Nc1ccccc1C(=O)Nc1ccc(C(=O)c2ccccn2)cc1,generated,99.9
AAWL,0,Cc1ccc(-c2cc(N3CCN(C)CC3)[nH]c(=O)c2)cc1,generated,99.9
AAWM,0,Cc1ccc(NC(=O)CCc2ccc(OC(C)C)cc2)cc1C,generated,99.9
AAWN,0,CCNC(=O)c1c(-c2ccc(Br)cc2)noc1-c1ccccc1,generated,99.9
AAWO,0,COc1ccccc1N(C)C(=O)c1cccc(NS(C)(=O)=O)c1,generated,99.9
AAWP,0,Cc1cc(C)c(C)c(C(=O)NCCn2ncc3c2ccn3C)c1C,generated,99.9
AAWQ,0,Cc1cc(-c2nnc(NC(=O)c3ccoc3C)s2)on1,generated,99.9
AAWR,0,COc1ccc(-c2cnc(N)c(C(=O)Nc3cccc(Cl)c3)n2)cc1,generated,99.9
AAWS,0,Cc1ccc(C)c(NC(=O)COC(=O)Cc2ccc(F)c(F)c2)c1,generated,99.9
AAWT,0,Cc1ccc(C)c(S(=O)(=O)NCCc2nc(C)cs2)c1,generated,99.9
AAWU,0,CN(C)c1ccccc1-c1ccc(CN2CCN(C(=O)Cc3ccccc3)CC2)cc1,generated,99.9
AAWV,0,COC(=O)c1cc(C(=O)N(C)c2ccccc2F)on1,generated,99.9
AAWW,0,O=C(Nc1ccccc1)Nc1ccc2[nH]cc(C3CCCCC3)c2n1,generated,99.9
AAWX,0,COc1cc(C=CC(=O)OCC(=O)N2CCC(C)CC2)cc(Br)c1O,generated,99.9
AAWY,0,O=C(NCCCCCCN1CCC2CCCC2C1)c1cnn2cccnc12,generated,99.9
AAWZ,0,Cc1nc2ccccc2n1C1CCN(C(=O)C2CCCC2)CC1,generated,99.9
AAXA,0,CC1CCCc2c(O)cc(OCC(=O)NCCN3CCCCCC3)cc21,generated,99.9
AAXB,0,CC(C)c1n[nH]cc1C(=O)N1CCC(Nc2cccnn2)CC1,generated,99.9
AAXC,0,COc1ccc(CCNC(=O)C2(CNC(=O)C=Cc3cc(C(F)(F)F)cc(C(F)(F)F)c3)CCCC2)cc1,generated,99.9
AAXD,0,CC(OC(=O)Cc1ccc(-n2cccn2)cc1)c1nc2ccccc2[nH]1,generated,99.9
AAXE,0,CC(NC(=O)OCc1ccccc1)C(=O)N1CCN(C)CC1,generated,99.9
AAXF,0,CCOC(=O)c1ccc(CNC(=O)CN(CC)CC)cc1N,generated,99.9
AAXG,0,Cc1ccc(C(=O)Cn2c(=O)oc3ccc(O)cc32)cc1,generated,99.9
AAXH,0,Cc1nc(C#N)ccc1N1CCN(C(=O)CCc2ccccc2)CC1,generated,99.9
AAXI,0,Cc1ccccc1CSc1nnc(-c2ccc(OC(F)(F)F)cc2)o1,generated,99.9
AAXJ,0,Fc1ccc2c(c1)C(c1cccs1)CC(c1ccc(Cl)cc1)=N2,generated,99.9
AAXK,0,Cc1ccc(NC(=O)COC(=O)c2c(C)noc2C)cc1C,generated,99.9
AAXL,0,CC(C)(C)OC(=O)NCC1CCN(CC(=O)N2CCCCC2)C1,generated,99.9
AAXM,0,COc1ccc(-c2ccc(SCC(=O)NCc3ccccc3)nc2)cc1OC,generated,99.9
AAXN,0,COc1ccc(C(=O)N2CC(c3nc(C)cs3)C2)cc1F,generated,99.9
AAXO,0,Cc1cc(C)n(Cc2ccc(C(=O)NCC(C)(C)C)o2)n1,generated,99.9
AAXP,0,Cn1cc(C(c2nc(-c3ccc(F)cc3)no2)C(F)(F)F)cn1,generated,99.9
AAXQ,0,O=C(Cc1ccccn1)NC1CCCN(c2ncc(-c3ccccc3)cn2)C1,generated,99.9
AAXR,0,O=C(NC(Cc1ccccc1)C(=O)NCc1ccccc1)c1ccc(Cl)cc1Cl,generated,99.9
AAXS,0,O=C(CC1(c2ccccc2)CCCC1)N1CCN(C(=O)c2ccco2)CC1,generated,99.9
AAXT,0,CN(C(=O)CC(c1ccccc1)c1ccccc1)C1CCN(Cc2ccc(-c3ccccc3)cc2)CC1,generated,99.9
AAXU,0,COc1ccc(-c2cc(C(=O)N(C)C)nc3c2cnn3C)cc1,generated,99.9
AAXV,0,CC(=O)NCC1CN(c2cc(C(F)(F)F)ccc2C(F)(F)F)CCO1,generated,99.9
AAXW,0,CC(C)(C)c1ccc(-c2ccc(C#N)c(=O)[nH]2)cc1,generated,99.9
AAXX,0,COc1ccc2c(c1)C(c1ccc(Cl)cc1)N(C)Cc1c(C#N)cccc1-2,generated,99.9
AAXY,0,CC1CN(Cc2ccnc(N(C)Cc3ccccc3)c2)CCO1,generated,99.9
AAXZ,0,Cc1ccc(C(C)OC(=O)CCn2cccnc2=O)cc1,generated,99.9
AAYA,0,Cc1ccc(NC(=O)NS(=O)(=O)c2ccc(O)cc2)c(C)c1,generated,99.9
AAYB,0,CC(=O)OC1C(=O)C2(C)C(O)CC3(C)C(CCC4C5(C)CC(O)C(O)C(C)(C)C5CCC43C)C2C(C)C1O,generated,99.9
AAYC,0,CN1CCN(c2ccc(Nc3ccc(NCc4cccc(C(F)(F)F)c4)c(N4CCN(c5cccc(C(F)(F)F)c5)CC4)n3)cn2)CC1,generated,99.9
AAYD,0,O=C(O)c1cccc(-c2ccc3[nH]nc(-c4ccc(F)cc4)c3n2)c1,generated,99.9
AAYE,0,COC1CCCN(C(=O)COC(C)=O)C1CC(=O)OC(C)(C)C,generated,99.9
AAYF,0,COc1ccc(CCC(O)(Cn2cncn2)c2ccc(F)cc2F)cc1OC,generated,99.9
AAYG,0,Cc1nc2cccnc2n(Cc2ccc(Cl)c(Cl)c2)c1=O,generated,99.9
AAYH,0,CN(C)C(=O)c1ccc(CNC(=O)OC(C)(C)C)cc1,training,99.9
AAYI,0,CC(NC(=O)Cc1ccc(-n2cccc2)cc1)c1nncn1C,generated,99.9
AAYJ,0,Cc1cc(CCC(=O)Nc2cccc3ccccc23)c(C)s1,generated,99.9
AAYK,0,Cc1ccc(NC(=O)CC2COCCO2)c(C)c1NC(=O)C(C)C,generated,99.9
AAYL,0,Cc1nc(CNC(=O)c2cncc(-c3ccc(F)cc3)c2)cs1,generated,99.9
AAYM,0,CNc1ncc(C(=O)Nc2ccccc2C(=O)C(C)C)c(Cl)n1,generated,99.9
AAYN,0,Cc1csc(-c2cc(C(=O)NCc3ccc(C)o3)n[nH]2)n1,generated,99.9
AAYO,0,CC(NC(=O)NCc1ccccc1-n1cccn1)c1ccccn1,generated,99.9
AAYP,0,COc1ccc(C=CC(=O)N2C(C)=C(C(C)C)CCC2(C)C)cc1,generated,99.9
AAYQ,0,Nc1c(-c2ccccc2)ncn1C1CCCN(Cc2ccc(Cl)cc2C(F)(F)F)C1,generated,99.9
AAYR,0,COC(=O)C(=Cc1ccc(OC)cc1)C(=O)c1ccccc1,generated,99.9
AAYS,0,CC1(O)CCN(C(=O)NCc2ccnc(OC(C)(C)C)c2)CC1,generated,99.9
AAYT,0,COc1ccc(CCNc2nc(N)nc(C)c2N)cc1OC,generated,99.9
AAYU,0,CC(C)(C)c1nn2c(=O)c(C(=O)NC3CC3)cnc2s1,generated,99.9
AAYV,0,CCc1cc(C(=O)Nc2cc(C)on2)c(NC(C)=O)o1,generated,99.9
AAYW,0,CCOc1ccc(OCCn2c(=O)ccc3ccccc32)cc1,generated,99.9
AAYX,0,CN(CCNC(=O)c1ccc(NC(N)=O)cc1)c1ccccc1,generated,99.9
AAYY,0,CCCCC(=O)N(c1cccc(C(N)=O)c1)C1(C#N)CCC1,generated,99.9
AAYZ,0,CC(C)CNC(=O)C(C)c1ccc2c(c1)NC(=O)CCS2,generated,99.9
AAZA,0,CC(C)c1ccc(C(=O)CCC(=O)NCc2ccccc2)cn1,generated,99.9
AAZB,0,O=C(Nc1ccc(-c2ccccc2)cc1)N(Cc1ccco1)C1CCOCC1,generated,99.9
AAZC,0,COc1ccc(S(=O)(=O)Nc2ccc(Cl)c(N)c2)cc1,training,99.9
AAZD,0,CC(C)Nc1nc(-c2ccc(S(C)(=O)=O)cc2)n[nH]1,generated,99.9
AAZE,0,O=C(O)CCCCN1CCN(c2ccc(Nc3ncnc(Nc4ccc(Br)cc4)n3)cc2)CC1,generated,99.9
AAZF,0,CCn1nc(C(=O)Nc2ccccc2N2CCCCC2)c(C)cc1=O,generated,99.9
AAZG,0,CC(C)C(C)NC(=O)Nc1ccc(OCc2ccccc2)cc1,generated,99.9
AAZH,0,COC(=O)c1ccc(C2CC(=O)c3ccccc3O2)o1,generated,99.9
AAZI,0,Cc1c(OCC(=O)Nc2ccc(Cl)cc2)c(=O)oc2ccccc12,generated,99.9
AAZJ,0,Cc1ccc(CNC(=O)NCC(=O)N2CCCCC2)c(Cl)c1,generated,99.9
AAZK,0,Cc1ccccc1NC(=O)Nc1cncc(C(=O)OC2CCCCC2)c1,generated,99.9
AAZL,0,CCOC(=O)c1c(C)[nH]c(C(=O)c2ccc(C(=O)OC)cc2)c1C,generated,99.9
AAZM,0,CCOc1ccccc1C(=O)NCC(=O)NC1CCCC1,generated,99.9
AAZN,0,CCOC(=O)CCNC(=O)c1cc(-c2ccc(SC)cc2)nc(C)n1,generated,99.9
AAZO,0,COc1cc(C=CC(=O)NO)ccc1C(C)=O,generated,99.9
AAZP,0,COC(=O)C(CC(C)C)NC(=O)C(SCCC(=O)NC1CCCCC1)C(C)C,generated,99.9
AAZQ,0,COc1ccc(-c2cc(NC(=O)CCCCCCN3CCOCC3)no2)cc1,generated,99.9
AAZR,0,CCOc1ccc(CN2CCC3(CCc4ccccc4C3)C2)cc1,generated,99.9
AAZS,0,CN(Cc1ccccc1)S(=O)(=O)c1ccc2c(c1)CCC(C)(C)N2,generated,99.9
AAZT,0,Cc1cc(C(=O)Nc2nccc(C)c2C(N)=O)sc1C,generated,99.9
AAZU,0,O=C(CSc1nnc(-c2ccco2)n1-c1ccc(F)cc1)NCCC1=NCCCC1,generated,99.9
AAZV,0,Cc1ccc(CN(C)C(=O)NCc2ccc(C(C)C)cc2)o1,generated,99.9
AAZW,0,N#Cc1cccc(NC(=O)c2cccc(Cn3ccccc3=O)c2)c1,generated,99.9
AAZX,0,COc1ccc(Cc2cc(-c3ccccc3)[nH]n2)c(OC)c1OC,generated,99.9
AAZY,0,CC1CCCN(C(=O)C(C)OC(=O)c2cn(C)nc2C(C)(C)C)C1,generated,99.9
AAZZ,0,CN(C)C(=O)c1ccc(CNC(=O)NCc2nc(C(C)(C)C)cs2)cc1,generated,99.9
ABAA,0,COc1cc(C=Cc2nc(NCCC(N)=O)c3ccccc3n2)cc(OC)c1OC,generated,99.9
ABAB,0,CCCCCC(=O)Nc1ccc(C(=O)OC)cc1[N+](=O)[O-],generated,99.9
ABAC,0,CC(NC(=O)Cn1c(=O)n(Cc2ccccc2)c(=O)n(-c2ccccc2)c1=O)c1ccccc1,generated,99.9
ABAD,0,COc1ccc(C(=O)c2c(C)nn(Cc3ccc(F)cc3)c2N)cc1OC,generated,99.9
ABAE,0,Cn1cc(NC(=O)COc2ccc(-n3cncn3)cc2)cn1,generated,99.9
ABAF,0,CN(C)c1ccc(NC(=O)c2cnn(C)c2)cc1Cl,generated,99.9
ABAG,0,Cc1nc(CC(=O)NCCNC(=O)c2ccc(Cl)cc2)oc1C,generated,99.9
ABAH,0,COc1cc([S+]([O-])C2CCN(C(=O)c3ccc(C(C)C)cc3)CC2)cc(OC)c1OC,generated,99.9
ABAI,0,CN(CCCCNc1ncc(Cl)c(=O)[nH]1)C(=O)c1ccc(Cl)cc1,generated,99.9
ABAJ,0,Cc1ccc(C2CC(c3ccc(Cl)cc3)=NN2C(=O)CN(C)C)cc1,generated,99.9
ABAK,0,CC(C)CCNC1=NC2(CCCCC2)c2cc(Cl)ccc2O1,generated,99.9
ABAL,0,O=S(=O)(c1ccccc1)N1CCCC(c2cnn(Cc3ccccc3)c2)C1,generated,99.9
ABAM,0,CC(C)N1CCN(CC(O)COc2ccc(F)c(Cl)c2)CC1,generated,99.9
ABAN,0,CCCCCCCCCCCCCCCCCCCCCC(=O)NCCCCCCCCCCCCCC(=O)OCc1ccccc1,generated,99.9
ABAO,0,CC(C)(C)c1nc(CN(C(=O)N2CCCCCC2)C2CC2)cs1,generated,99.9
ABAP,0,CCC(C)NC(=O)c1ccc(-c2csc(-c3ccccc3)n2)o1,generated,99.9
ABAQ,0,Cc1cc(C)c2c(C(=O)NC(C)C(=O)N3CCOCC3)coc2c1,generated,99.9
ABAR,0,Cc1nc(-c2ccc(C(=O)NC(C)(C)C)c(Cl)c2)cs1,generated,99.9
ABAS,0,Cc1ccc(NC(=O)C2(c3ccccc3)CC2)c(O)c1,generated,99.9
ABAT,0,COc1ccc(CNC(=O)C(C)n2nc(C)c(Cl)c2C)cc1,generated,99.9
ABAU,0,CC(=O)Nc1ccc(C(OC(=O)C(C)(C)c2ccccc2)C(C)C)cc1,generated,99.9
ABAV,0,Cc1ncc(C(=O)Nc2cc(-c3ccccc3)ccc2O)c(=O)[nH]1,generated,99.9
ABAW,0,O=C(O)CN(CC(=O)Nc1ccccc1)c1cccc(C(=O)OCC(=O)Nc2nccs2)c1,generated,99.9
ABAX,0,CCOC(=O)CC1C=CCN2C(=O)NC(C)(C3CC3)CC12,generated,99.9
ABAY,0,O=C(O)c1cn(C2CC2)c2c(Cl)cc(Cl)cc2c1=O,generated,99.9
ABAZ,0,COc1cc(OC)cc(C(=O)Nc2ccnn2CC(F)(F)F)c1,generated,99.9
ABBA,0,O=C(c1ccccc1)c1cccc2[nH]nc(CC3CCCC3)c12,generated,99.9
ABBB,0,CC(=O)N1CCN(C(=O)Cc2cc3sccc3nc2C)CC1,generated,99.9
ABBC,0,COc1ccc(CC(=O)Nc2nnc(Cc3ccccc3)o2)cc1OC,generated,99.9
ABBD,0,CCCCCCCCCCCCCC(=O)OC1OC(n2cc(C)c(=O)[nH]c2=O)C(O)C1O,generated,99.9
ABBE,0,CN(C)C(=O)c1cc(-c2ccc(C(F)(F)F)cc2)n(-c2ccc(Cl)cc2)n1,generated,99.9
ABBF,0,Cn1c(NCCC(=O)Nc2cc(C(F)(F)F)cc(C(F)(F)F)c2)nc2ccccc21,generated,99.9
ABBG,0,CN(C)C(=O)c1ccccc1NC(=O)CCc1nc2ccccc2[nH]1,generated,99.9
ABBH,0,CC(C)N(Cc1cccn1C)C(=O)C1CCc2sccc2C1,generated,99.9
ABBI,0,CCCCCCCCCC(COC(=O)OC(C)(C)C)OC(=O)C1CCN(Cc2ccccc2)CC1,generated,99.9
ABBJ,0,CC(C)CN(C(=O)C(=O)Nc1ccc(S(=O)(=O)c2ccc(Cl)cc2)cc1)C1CCCCC1,generated,99.9
ABBK,0,Cc1onc(CN(C)C(=O)C(C)c2ccccc2)c1C(F)(F)F,generated,99.9
ABBL,0,Cc1ccccc1NC(=O)CSc1nnc(C(F)(F)F)n1C,training,99.9
ABBM,0,CCCCc1nc2ccc(S(=O)(=O)NCCN(C)C)cc2[nH]1,generated,99.9
ABBN,0,Cc1ccc(C(=O)Cc2csc3nc(C)c(C)nc23)o1,generated,99.9
ABBO,0,CC(=O)NC(C(=O)NCC(c1ccco1)N1CCOCC1)C(C)C,generated,99.9
ABBP,0,O=C(CCc1ccsc1)N1CC(c2cccc(Cl)c2)C1,generated,99.9
ABBQ,0,Cc1cc(C(C)NC(=O)Cc2ccc[nH]2)ccc1F,generated,99.9
ABBR,0,CC(C)CC1=C(C(=O)N2CCCC2)C(C)(O)C(=O)O1,generated,99.9
ABBS,0,CCCCCc1ccc(S(=O)(=O)N(C)C)cc1-c1ccc(C#N)cc1[N+](=O)[O-],generated,99.9
ABBT,0,CC(C)COc1ccc(C2CC3CCCN3C2C(=O)O)cc1,generated,99.9
ABBU,0,COc1ccc(Cl)cc1S(=O)(=O)NCc1cccc(Cl)c1,generated,99.9
ABBV,0,CC(C)C(=O)N1CC2(CCN(C(=O)c3ccoc3)CC2)C1,generated,99.9
ABBW,0,Cc1noc(C2CN(C(=O)C3CCC(=O)N3C)CCO2)n1,generated,99.9
ABBX,0,CC(C)(C)C(=O)NCC(=O)NC1(c2ccccc2)CCCCC1,generated,99.9
ABBY,0,CCCNC(=O)CN1CCc2nc(NC(=O)c3ccccc3)nc(C)c2C1,generated,99.9
ABBZ,0,CCc1ccccc1N(CC(=O)NC(C)(C)C)S(C)(=O)=O,training,99.9
ABCA,0,CC1(C)C(=O)C=C(N2CCN(c3ccccc3O)CC2)CC1=O,generated,99.9
ABCB,0,CCC(O)c1cc(-c2nc(C)nc(N(C)C)n2)ccc1OC,generated,99.9
ABCC,0,Cc1cccc2c(=O)n(CC(=O)NCCc3ccccc3)cnc12,generated,99.9
ABCD,0,CC(C)CC(=O)N1CCC(c2n[nH]c(C3CC3)n2)CC1,generated,99.9
ABCE,0,Cc1ccc(-c2nc(NC(=O)C(C)(C)N3CCOCC3)cs2)s1,generated,99.9
ABCF,0,O=C(CSc1ncnn1-c1ccccc1)c1ccc2c(c1)OCO2,generated,99.9
ABCG,0,COC(=O)C1CC(NC(=O)Nc2ccc(N3CCCC3=O)cc2)CO1,generated,99.9
ABCH,0,O=C(CC1CCCC1)Nc1cnc2c(c1)nnn2Cc1ccccc1,generated,99.9
ABCI,0,CC1(C)CC(=O)C(C(=O)N2CCC(c3cccc(Cl)c3F)CC2)CN1,generated,99.9
ABCJ,0,O=C(Cc1ccc(Cl)c(Cl)c1)N1CCC(C2CCCO2)CC1,generated,99.9
ABCK,0,CCCN(C(=O)CCc1ccc(OC)c(OC)c1)C1CCS(=O)(=O)C1,generated,99.9
ABCL,0,CC1=NC(=O)C(CC(=O)Nc2ccc(F)cc2)C(=O)N1,generated,99.9
ABCM,0,CC(C)(C)OC(=O)OC(C(=O)Nc1cccc(N2CCOCC2)c1)c1ccccc1,generated,99.9
ABCN,0,NC(=O)c1ccc(CNC(=O)c2cccc(-n3ccnc3)c2)cc1,generated,99.9
ABCO,0,Cc1ccc(OC(=O)c2ccnc(S(N)(=O)=O)c2)cc1,generated,99.9
ABCP,0,CC(C)c1c(-c2ccc(O)cc2)nc2ccccn12,generated,99.9
ABCQ,0,CCc1nc(CNC(=O)c2scc(C)c2N)c(C)s1,generated,99.9
ABCR,0,CC(C)OC(=O)c1csc(NC(=O)C(C)(C)C)n1,generated,99.9
ABCS,0,CCCCSc1nc(N)cc(N2CCN(C(=O)CC3CCCC3)CC2)n1,generated,99.9
ABCT,0,COc1ccc(Cn2ccc3c(NCCN4CCCC4)ncnc32)cc1,generated,99.9
ABCU,0,COc1ccc(-c2cc(C#N)c(Nc3ccc(C(=O)O)cc3)nc2N)cc1,generated,99.9
ABCV,0,CC(NC(=O)CCc1ccccn1)c1nc(-c2cccs2)no1,generated,99.9
ABCW,0,CCCN(CCC)CCCOc1ccc(-n2cc(-c3ccc(N4C(=O)C=CC4(C)C)cc3)nn2)cc1,generated,99.9
ABCX,0,Cc1ccc2cc3c(cc2c1)CN1CC(CCCN(C(=O)N2CCC(C(C)(C)O)CC2)CC3)C1,generated,99.9
ABCY,0,C=CCNC(=O)Cn1nc(-c2ccccc2)ccc1=O,generated,99.9
ABCZ,0,Cc1nc(-c2ccc(Cl)cc2)cc(-c2cccc(F)c2)n1,generated,99.9
ABDA,0,CCOc1ccc(-c2nc(CC(=O)Nc3cccnc3)no2)cc1,generated,99.9
ABDB,0,CCOc1ccc(C=C(C(=O)Nc2ccc(F)cc2)S(=O)(=O)c2ccc(CC)cc2)cc1,generated,99.9
ABDC,0,CN(C(=O)C1(Nc2ncccn2)CC1)c1cccc2ccccc12,generated,99.9
ABDD,0,Cc1nc(CCNC(=O)Nc2ccc(F)cc2Cl)c2c(C)noc2n1,generated,99.9
ABDE,0,Cc1nc(C(C)(C)NC(=O)c2ccc(Cl)cc2)no1,generated,99.9
ABDF,0,CCOC(=O)c1oc2ccccc2c1NC(=O)NC1CCCCCC1,generated,99.9
ABDG,0,CC(NC(=O)N(C)Cc1nc2ccccc2[nH]1)c1ccccc1,generated,99.9
ABDH,0,CC(C)(C)OC(=O)N1CC(C(=O)NCc2ccccc2)CC1O,generated,99.9
ABDI,0,NC(CCC(=O)Nc1cc(-c2cccc(Cl)c2)no1)C(=O)O,generated,99.9
ABDJ,0,CN(C)C(=O)N1CCC(NC(=O)c2ccc(F)cc2F)CC1,generated,99.9
ABDK,0,CC(C)(CCNC(=O)c1ccc(O)c(C(C)(C)C)c1)C(=O)O,generated,99.9
ABDL,0,Cc1cc(-c2nc(C3CC3)no2)c(S(N)(=O)=O)s1,generated,99.9
ABDM,0,CCN(CC)CCNC(=O)c1ccc(Nc2nccc(-c3ccc(C(=O)NC)s3)n2)cc1,generated,99.9
ABDN,0,Cc1ccc(NC(=O)CSc2nc3[nH]c(=O)[nH]c(=O)c3s2)cc1,generated,99.9
ABDO,0,CC(C)OC(=O)c1cccc2nc(-c3ccco3)[nH]c12,generated,99.9
ABDP,0,Cc1cc(C(=O)Nc2ccc(F)cc2)c(=O)oc1-c1ccccc1,generated,99.9
ABDQ,0,CC(=O)NC(CN1CCOC(c2ccccc2)C1)c1ccccc1,generated,99.9
ABDR,0,CCOC(=O)c1cnn(-c2ccc3nccn3c2)c1C,generated,99.9
ABDS,0,Clc1ccc(CC2CC2)cc1CNC(c1ccccc1)c1ccccc1,generated,99.9
ABDT,0,COc1cccc(-c2cnn3c(NCc4ccccc4)ncnc23)c1,generated,99.9
ABDU,0,CC(C)N(C)C(=O)NCc1cc(CN2CCCC2)ccn1,generated,99.9
ABDV,0,Cc1nc2ccccc2n1Cc1nc(-c2ccccc2)no1,generated,99.9
ABDW,0,CCCCN(c1sc(-c2ccc(Br)cc2)nc1C)C(C)C,generated,99.9
ABDX,0,O=C(c1cccc([N+](=O)[O-])c1)N(CCCl)CCCl,generated,99.9
ABDY,0,Cc1cccc(C2CCC(C(=O)NCCCN3CCCC3=O)C2)c1,generated,99.9
ABDZ,0,CC(C)NC(=O)Nc1cccc(N2CCCC2C(N)=O)c1,generated,99.9
ABEA,0,CC(C)(C)N(Cc1ccc(C(=O)O)cc1)C1CCN(Cc2ccc(Cl)cc2)CC1,generated,99.9
ABEB,0,COC(=O)c1ccccc1-c1ccnc(-n2cc(C)cn2)n1,generated,99.9
ABEC,0,CC(C)(C)OC(=O)NCCNC(=O)c1ccc(=O)[nH]c1,training,99.9
ABED,0,CC(=O)Nc1ccc(NC(=O)CSc2nc3cc(C)ccc3o2)cc1,generated,99.9
ABEE,0,O=C(Nc1ccc(C(F)(F)F)cc1)c1ccccc1C(=O)C1CCCCC1,generated,99.9
ABEF,0,CC(=O)Nc1ccc(NC(=O)CC2CCC(c3ccc(C(F)(F)F)cc3)CC2)cc1,generated,99.9
ABEG,0,Cc1ccc2c(c1)c(C)nn2CC(=O)NCC(F)(F)F,generated,99.9
ABEH,0,Cc1ccc(NC(=O)N(C)C(C)c2ccc(F)cc2F)c(C)c1,generated,99.9
ABEI,0,Cc1ccc(S(=O)(=O)NC(=S)NNS(=O)(=O)c2ccc(Cl)cc2)cc1,generated,99.9
ABEJ,0,COc1ccccc1CNc1ccc(S(=O)(=O)Nc2nccs2)cc1,generated,99.9
ABEK,0,CC(C)(N)C(=O)NC1CCC(NC(=O)CCc2ccccc2)CC1,generated,99.9
ABEL,0,CC(=O)Nc1cccc(OC(=O)CC(NC(N)=O)C(C)C)c1,generated,99.9
ABEM,0,CC(C)(C)OC(=O)N1CCC(=C2c3ccc(Cl)cc3CCc3cc(Cl)ccc32)CC1,generated,99.9
ABEN,0,CC1(C)C2CC(CC(=O)C=Cc3ccc(O)c(O)c3)CC1O2,generated,99.9
ABEO,0,CCCCOC(=O)C(C)Nc1ncnc2oc(C)c(C)c12,generated,99.9
ABEP,0,CNC(=O)c1ccc(OCc2cnccn2)cc1-c1cnco1,generated,99.9
ABEQ,0,COc1ccc2[nH]c3c(O)cc(CCCCCNCC(O)CNCCCCCNCCCc4ccccc4)cc(=O)c3c2c1,generated,99.9
ABER,0,CCN(CC)S(=O)(=O)N(CC(=O)Nc1ccc(Cl)c(C)c1)Cc1ccc(N2CCOCC2)cc1,generated,99.9
ABES,0,CC(C)N(C)c1ccc(C(=O)c2ccc(C#N)cc2)cc1,generated,99.9
ABET,0,COc1ccc(-c2nc3ccc(NS(C)(=O)=O)cc3s2)cc1,generated,99.9
ABEU,0,CC(OC(=O)c1ccccn1)C(=O)Nc1ccccc1C(C)C,generated,99.9
ABEV,0,Cc1noc(C(C)OC(=O)c2ccc(N3CCOC3=O)cc2)n1,generated,99.9
ABEW,0,Cc1noc(C2CCN(C(=O)COc3cccc(F)c3)CC2)n1,generated,99.9
ABEX,0,O=C(NCC1(c2ccc(F)cc2)CC1)N1C2CCCC1C2,generated,99.9
ABEY,0,COc1cccc(-c2cccc(NC(=O)C3CC3)c2)c1,generated,99.9
ABEZ,0,COc1ccc(C(=O)COC(=O)CNC(=O)c2ccccc2Br)cc1,generated,99.9
ABFA,0,Cc1ccc(OCC(=O)Nc2ccc3[nH]nc(C(N)=O)c3c2)cc1,training,99.9
ABFB,0,NC(=O)C1Cc2ccccc2NC1NCC(=O)Nc1ccc(F)cc1,generated,99.9
ABFC,0,CC(C)CCCNC(=O)Nc1ccc2[nH]c(=O)[nH]c2c1,generated,99.9
ABFD,0,Cc1ccc(C(c2nnnn2C(C)(C)C)N2CCN(c3ccccc3)CC2)cc1,generated,99.9
ABFE,0,CCN(Cc1cnc2ccccn12)C(=O)COc1ccccc1,training,99.9
ABFF,0,CCOc1ccc2cccc(CC(=O)OCc3ccc(C)cc3)c2n1,generated,99.9
ABFG,0,CC(C)=CCCC(C)=CCCC(C)=CCC12CC(C1)C(=O)O2,generated,99.9
ABFH,0,COc1ccc(-c2c(C(=O)NCCCN3CCCCC3)n[nH]c2C)cc1,generated,99.9
ABFI,0,CCCCCCNC(=O)CC(C)(C)CCC(=O)N1C(C)CCCC1C,generated,99.9
ABFJ,0,CC(=O)Nc1ccc(NC(=O)CCc2c(C)nn(C)c2C)cc1,training,99.9
ABFK,0,O=C(C(=Cc1ccco1)N1CCN(c2ccccc2)CC1)c1ccccc1,generated,99.9
ABFL,0,CC(C)C(=O)Nc1ccc(NC(=O)Cc2ccc[nH]2)cc1,generated,99.9
ABFM,0,CC(OCC1CC1)C(=O)NCC(=O)Nc1ccc(F)cc1,generated,99.9
ABFN,0,O=C(Cc1ccc[nH]1)N1CCC(C(=O)N2CCCC(O)(C(F)(F)F)C2)CC1,generated,99.9
ABFO,0,C=CCN1C(=O)C(Oc2ccccc2)C=CC1(C)C,generated,99.9
ABFP,0,CC(=O)N1CCN(C(=O)c2cccc(OCC(F)F)n2)CC1,training,99.9
ABFQ,0,CC(=O)N1CCC(NC(=O)C2CC(c3ccc(F)cc3F)=NO2)CC1,generated,99.9
ABFR,0,O=C(CCCCCC(NC(=O)c1ccc(Cl)c(Cl)c1)C(=O)O)Nc1ccc(Cl)cc1,generated,99.9
ABFS,0,CC(C)CC(=O)Nc1ccc(NC(=O)c2ccoc2)cc1,generated,99.9
ABFT,0,N#Cc1ccc(CN2CCN(c3nccc(C(F)(F)F)n3)CC2)cc1,training,99.9
ABFU,0,CC(C)(C)c1nc(CN(Cc2ccco2)CC2CCCO2)no1,generated,99.9
ABFV,0,Cc1noc(CNC(=O)NC(C)c2ccc(F)c(F)c2)n1,generated,99.9
ABFW,0,CC1CCCC1NC(=O)c1ccc(-n2cnc3ccccc32)o1,generated,99.9
ABFX,0,COc1cccc(CNC(=O)CCc2cnc(SC)n2C(C)C)c1,generated,99.9
ABFY,0,CN(C)c1ccc(C(=O)NCc2ccccc2)cc1S(C)(=O)=O,generated,99.9
ABFZ,0,O=C1C=C(NCCCN2CCCCC2)C(=O)c2ccccc21,generated,99.9
ABGA,0,COc1cc(OC)cc(N2CCN(C(=O)C(C)n3nccn3)CC2)c1,generated,99.9
ABGB,0,Cn1cccc1C(=O)Nc1cnc(N2CCc3cnccc32)nc1,generated,99.9
ABGC,0,Nc1nc(SC(Cc2ccc(O)cc2)C(=O)O)n(S(=O)(=O)c2ccccc2)n1,generated,99.9
ABGD,0,Cc1noc(C)c1CC(=O)NCC(C)(C)c1ccncc1,training,99.9
ABGE,0,CC(C)C(=O)NCc1ccc2[nH]c(=O)c(Cn3cc(C(=O)O)s3)cc2c1,generated,99.9
ABGF,0,CCNc1nc(CNC(=O)c2ccc(C#N)cc2)cs1,generated,99.9
ABGG,0,CC(c1cccs1)N(C)C(=O)CC1CCCCN1S(C)(=O)=O,generated,99.9
ABGH,0,CC(C)(C)NC(=O)CSc1nnnn1-c1ccccc1OCC(F)F,generated,99.9
ABGI,0,Cc1cccc(N2CCN(CC(=O)NCc3ccccn3)CC2)c1,generated,99.9
ABGJ,0,CCc1nnc(NC(=O)CSc2ccc(-c3ccccc3)c(C)c2)s1,generated,99.9
ABGK,0,CCc1ccccc1Nc1nc(N2CCOCC2)nc(N2CCN(C(=O)OC(C)(C)C)CC2)n1,generated,99.9
ABGL,0,NC(=O)c1cccc(CN(CC(F)(F)F)C(C(=O)O)c2ccccc2)c1,generated,99.9
ABGM,0,CC[n+]1ccc(Nc2nc3ccccc3[n+](CCNC(C)=O)c2C)cc1,generated,99.9
ABGN,0,Cc1cnc2cc(C(=O)Nc3ccc(F)c(C)c3)cn2c1,generated,99.9
ABGO,0,O=C(C1CC2CCC1C2)N1CCC(c2cc3ccccc3[nH]2)CC1,generated,99.9
ABGP,0,COc1ccc(C2C(C#N)=C(N)Oc3ccc(OS(N)(=O)=O)cc32)cc1,generated,99.9
ABGQ,0,N#Cc1ccc(Cn2ccc(-c3cc(Cl)ccn3)n2)cc1,generated,99.9
ABGR,0,CC(C)CNC(=O)c1cnc(-c2ccccc2)nc1NC1CCCC1,generated,99.9
ABGS,0,Cc1nn(C)c(C)c1OCC(=O)NCc1ccc(-n2ccnn2)cc1,generated,99.9
ABGT,0,CC1(C)Oc2ccc(-c3cc(C(=O)O)ccc3O)cc2OC(=O)N1c1ccccc1,generated,99.9
ABGU,0,Cc1cc2c(cc1C)NC(c1ccc(F)cc1)C(=O)N2,generated,99.9
ABGV,0,CC(N)(CO)c1ccc(NC(=S)Nc2ccc(Oc3ccc(Cl)c(Cl)c3)cc2)cc1,generated,99.9
ABGW,0,CCC(C)(C)NC(=O)CCc1c(C)nc2cc(C)cnn12,generated,99.9
ABGX,0,COc1cccc(OC)c1-c1n[nH]c(C2CCN(C(=O)N3CCN(c4ccccc4)CC3)CC2)n1,generated,99.9
ABGY,0,CC(=O)c1cccc(NC(=O)Cn2nnc(-c3cccs3)n2)c1,generated,99.9
ABGZ,0,Cc1nc2ccccc2nc1SCC(=O)N(C)Cc1ccco1,generated,99.9
ABHA,0,COc1ccc(-n2cnc(CNC(=O)C3CC=CCC3)c2)cc1,generated,99.9
ABHB,0,Cc1noc(C)c1CN1CCC2(CC1)CN(c1ccccc1)C(=O)CO2,generated,99.9
ABHC,0,COc1ccc(S(=O)(=O)CC2C(=O)NC(=O)N(CC(=O)N3CCCC3)C2=O)cc1,generated,99.9
ABHD,0,COc1cccc(CSc2nc3cc(F)ccc3n2C)c1OC,generated,99.9
ABHE,0,O=C1CCC(=O)N1CCN1CCN(CCNc2c3ccccc3nc3ccncc23)CC1,generated,99.9
ABHF,0,N#CC(C(=O)c1cccc2cn[nH]c12)c1ccccn1,generated,99.9
ABHG,0,CC(C)(C)c1n[nH]c(NC(=O)c2ccc(C#N)cc2)n1,generated,99.9
ABHH,0,CC(C)(C)c1ncc(C(=O)NCC(O)c2ccco2)s1,generated,99.9
ABHI,0,CN(CCC#N)S(=O)(=O)c1ccc2oc(=O)ccc2c1,generated,99.9
ABHJ,0,CC(C)(C)OC(=O)N1CC(Oc2ccc(Cl)cc2)CC1C(=O)NO,generated,99.9
ABHK,0,COc1ccc(CCNS(=O)(=O)c2ccc(F)cc2)cc1OC,training,99.9
ABHL,0,Cc1ccc(C)c(OCc2nnc(SCc3ccccc3)o2)c1,generated,99.9
ABHM,0,Cc1ccc(C2CN(C(=O)c3ccc(C#N)cc3)CCO2)o1,generated,99.9
ABHN,0,CCOC(=O)C1(C)CC(c2ccc(C#N)cc2)=NC(C)=C1C#N,generated,99.9
ABHO,0,O=c1c(-c2ccccc2)ccc2n1CC(c1ccccc1)O2,generated,99.9
ABHP,0,Cc1nn(C(=O)CSc2nc3ccccc3[nH]2)c(C)c1C,generated,99.9
ABHQ,0,Cc1ccc(C)c(NC(=O)C2CCCN(S(=O)(=O)N3CCCCC3)C2)c1,generated,99.9
ABHR,0,COc1ccccc1-c1ccc(C=C2C=NN(C3CCCCC3)C2=O)cc1,generated,99.9
ABHS,0,Cn1ccc(N2CCOC(Cc3ccccc3C(F)(F)F)C2)n1,generated,99.9
ABHT,0,CC(=O)NCCc1cc(O)c2c(c1)S(=O)(=O)c1ccccc1C2=O,generated,99.9
ABHU,0,O=C(Cc1ccno1)Nc1ccc2c(c1)C(=O)C(=O)N2,generated,99.9
ABHV,0,O=C(O)C1CCCN1C(=O)Nc1c(Br)cccc1Oc1ccccc1,generated,99.9
ABHW,0,O=C(O)c1sc(-c2cccc(Cl)c2)cc1-c1ccc(O)c(O)c1,generated,99.9
ABHX,0,CCCCCCCCCCCCCCCCC(OC(C)=O)C(=O)O,generated,99.9
ABHY,0,COc1cc(N2C(=O)CSC2c2ccc(O)c(O)c2)ccc1O,generated,99.9
ABHZ,0,CN(C(=O)CSc1nc(O)cc(-c2ccccc2)n1)c1ccccc1,generated,99.9
ABIA,0,CCCCCCS(=O)(=O)NC(c1ccc(F)cc1)C(C)(C)C(=O)O,generated,99.9
ABIB,0,Cc1cccc(C(NC(=O)CSc2nnc(CNC(=O)C3CCCCC3)o2)C(C)C)c1,generated,99.9
ABIC,0,CCCNc1nc(NC(=O)C(C)c2ccc(F)cc2)cc(=O)[nH]1,generated,99.9
ABID,0,COc1ccc(CN(C)C(=O)c2cccnc2-n2cccc2)cc1,generated,99.9
ABIE,0,CCCCC(C)(O)c1cc(O)c(O)c(-c2ccc(O)cc2)c1,generated,99.9
ABIF,0,O=C(Nc1ccc(F)cc1F)N1CCN(c2ccccc2)CC1,generated,99.9
ABIG,0,Cc1nc(CN2CCCC(c3cnc(C(F)(F)F)s3)C2)no1,generated,99.9
ABIH,0,COc1cccc(CCNC(=O)CCc2nnc(CC(C)C)o2)c1,generated,99.9
ABII,0,N#Cc1cccc(NP(=O)(OCC(CO)Cc2ccc(F)c(F)c2)c2ccccc2)c1,generated,99.9
ABIJ,0,O=C(Cc1ccccc1Cl)Nc1cnc2ccc(C(F)(F)F)cn12,generated,99.9
ABIK,0,N#Cc1ccc(NC(=O)CCC2CCCC2)cc1OC(F)F,generated,99.9
ABIL,0,CC(=O)c1cccc(NC(=O)c2csc(C)cc2=O)c1,generated,99.9
ABIM,0,CCCCN(CCCC)CC(O)c1cc(C23CC4CC(CC(C4)C2)C3)n(C(C)(C)C)c1,generated,99.9
ABIN,0,CC(C)(C)c1nc(-c2ccccc2)oc1NC(=O)C1CCCC1,generated,99.9
ABIO,0,CC(=O)NC(C)c1ccc(OC2CCN(c3ccc(OCC4(C(F)(F)F)CC4)nc3)C2)cc1,generated,99.9
ABIP,0,Cc1cc(NC(=O)Nc2cccc(C#N)c2)cc(C)n1,generated,99.9
ABIQ,0,Cc1ccc(N2CCC(NC(=O)Nc3nccs3)C2)nc1,generated,99.9
ABIR,0,CCOc1cc(C=NNC(=O)C(=O)Nc2ccc(Cl)cc2)cc(OC)c1O,generated,99.9
ABIS,0,COc1cccc(C(C)(C)NC(=O)CCn2cccn2)c1,generated,99.9
ABIT,0,CC(C)NCC(O)COc1c(C(=O)O)[nH]c2ccccc12,generated,99.9
ABIU,0,Nc1ncc(-c2cncc(N3CCC(C(=O)NCCCO)CC3)n2)cn1,generated,99.9
ABIV,0,Cc1cc2nc(CCC(=O)NC3CCCCC3)[nH]c2c(C)c1C,generated,99.9
ABIW,0,COc1cccc2ccc(C(=O)NCCC(=O)Nc3nccs3)cc12,generated,99.9
ABIX,0,COCCOC(=O)c1c(C)nc(C)nc1Nc1ccc(C)cc1,generated,99.9
ABIY,0,Cc1ccn(CC(=O)OCC(=O)c2ccc(F)c(F)c2)n1,generated,99.9
ABIZ,0,CC(C)c1cccc2c(=O)c(-c3ccccc3)coc12,generated,99.9
ABJA,0,COc1ccc(N(CC(=O)Nc2c(C)n[nH]c2C)C(C)=O)cc1,generated,99.9
ABJB,0,CCc1cc(C)cc(C)c1C(=O)CCCOC1=C(OC)C(C)(O)C(O)CC1(C)O,generated,99.9
ABJC,0,CCCN(Cc1ccccc1)S(=O)(=O)c1ncc(C(C)(C)C)o1,generated,99.9
ABJD,0,Cc1ccc(-c2cc(C(=O)Nc3nnc(C(C)(C)C)s3)oc2C)o1,generated,99.9
ABJE,0,Nc1ncc(-c2ccc3c(c2)CCN(C(=O)C2CCCCC2)CC3)nn1,generated,99.9
ABJF,0,COC(=O)c1ccc(CN(C)Cc2ccncc2)c(OC)c1,generated,99.9
ABJG,0,O=C(NCCCC1CCCCC1)NC1CCC(CCN2CCCC2)CC1,generated,99.9
ABJH,0,O=C(COc1ccc(C(F)(F)F)cc1)NCC1CCCO1,training,99.9
ABJI,0,CC(=O)OCC12CC3C(CCC1(C)C(=O)N2)C(C)(C)CCC3(C)C,generated,99.9
ABJJ,0,NC(=O)C1=C(N)N=C(N)NC1c1ccco1,generated,99.9
ABJK,0,CN(CCc1cccs1)C(=O)CN(C)S(C)(=O)=O,generated,99.9
ABJL,0,COc1ccc(CCNC(=O)C(Cc2ccc(OC)cc2)OC(=O)C(C)(C)C)cc1,generated,99.9
ABJM,0,CCCCCCCCCCCCC=CC(O)OCC(O)C(O)COC(=O)CCCCCCCCCCCNC(=O)CCCCCCCCCCCCCCC,generated,99.9
ABJN,0,COc1ccc(C(=O)c2ccc(C=C(C)c3cc4ccccc4[nH]3)cc2)cc1,generated,99.9
ABJO,0,Cc1nnc2n1CCN(C(=O)c1ccc(-c3ccccc3)cc1)C2,training,99.9
ABJP,0,CCc1cc(=O)[nH]c(SCC(=O)Nc2cc(C)on2)n1,training,99.9
ABJQ,0,COc1cccc(C2SC(c3ccc(OC)c(OC)c3)c3c(Cl)cccc32)c1,generated,99.9
ABJR,0,CC(C)c1cc(C(=O)Nc2cnc(C(C)(C)C)s2)c[nH]1,generated,99.9
ABJS,0,Cc1cnccc1C(=O)Nc1ccc(-c2ncc[nH]2)cc1,generated,99.9
ABJT,0,CCNC(=O)CN(Cc1cccc(OC)c1)Cc1ccc(C)o1,generated,99.9
ABJU,0,CCc1ccc(C(C)NC(=O)NCC2CN3CCCCC3CO2)cc1,training,99.9
ABJV,0,CC(C)C(C)NC(=O)CNc1cc(Nc2ccncc2)ccc1F,generated,99.9
ABJW,0,CC(C)CCC(=O)Nc1ccc(C2CC(=O)N(C3CC3)C2)cn1,generated,99.9
ABJX,0,COc1cc(C(C)(C)C)cc(N(C)C)c1OCc1noc(C)n1,generated,99.9
ABJY,0,CC(=CCCC(C)C1CCC2(C)C3CCC4C(C)(C)C(=O)CCC4(C)C3CCC12C)C(=O)O,generated,99.9
ABJZ,0,CCC(C)(C)NC(=O)C(NC(=O)OC(C)(C)C)c1ccc(C)cc1,generated,99.9
ABKA,0,CC(C)(C)OC(=O)N1CC(=Cc2cccc(OC(F)(F)F)c2)C(=O)NC1=O,generated,99.9
ABKB,0,Cc1ccc(CNC(=O)CNS(=O)(=O)c2ccc(C)nc2)cc1,generated,99.9
ABKC,0,O=C(NCCc1c[nH]nc1C(F)(F)F)c1ccco1,generated,99.9
ABKD,0,CN1CCCC1CNC(=O)c1ccc(-c2ccc(Cl)c(Cl)c2)cc1,generated,99.9
ABKE,0,Cc1cc(NC(=O)NC2COc3ccccc3O2)cc(C)n1,generated,99.9
ABKF,0,O=C(Nc1ccc(-c2ccc(Cl)cc2)cc1)Nc1cccnc1,generated,99.9
ABKG,0,COC(=O)c1ccc(C=C2CCCC(CCc3ccc(OC)cc3)C2=O)c(C)c1,generated,99.9
ABKH,0,COc1cc(C)cc(NC(=O)NCC(C)(O)c2ccco2)c1,generated,99.9
ABKI,0,CON=C(c1ccccc1)c1nc(-c2ccc(F)cc2)c(O)c(=O)[nH]1,generated,99.9
ABKJ,0,CN(C)C(=O)Cn1c(-c2ccccn2)nc2ccccc21,generated,99.9
ABKK,0,CCC(NC(=O)C1CCN(C(=O)C2CC2)CC1)c1ccncc1,training,99.9
ABKL,0,Cc1ccc(C(=O)COC(=O)c2ccc(C(N)=O)cc2)s1,generated,99.9
ABKM,0,CC12CCC(=O)C(=CNc3ccc(NC(=O)c4cc(O)cc(O)c4)cc3)C1C2,generated,99.9
ABKN,0,CC(C)(C)CC(NS(=O)(=O)Cc1ccc(F)cc1)C(=O)O,generated,99.9
ABKO,0,COC1=CC(C(C)(C)COc2ccc(NC(=O)C3(C)CCCCC3)cc2)C(C)C1,generated,99.9
ABKP,0,CCCCCCCCCCCCCCCCCCCC(=O)OC(COCc1ccccc1)C(=O)OC,generated,99.9
ABKQ,0,CC=C(C)C(=O)NC1CCN(C(=O)Oc2ccccc2)CC1,generated,99.9
ABKR,0,CC(C)OC(=O)Cc1csc2nc(-c3ccccc3)nn12,generated,99.9
ABKS,0,O=c1[nH]c2ccc(-c3cccc(C(F)(F)F)c3)cc2o1,generated,99.9
ABKT,0,COc1ccc(C2=NCCN2C(=O)COC(=O)COc2ccc(C)cc2)cc1C(C)C,generated,99.9
ABKU,0,COc1ccc(C(=O)NC(=S)Nc2ccc([N+](=O)[O-])cc2)cc1,generated,99.9
ABKV,0,CC(C)(C)OC(=O)NCC(=O)NCc1ccc(Cl)cc1,training,99.9
ABKW,0,Cc1cc(=O)n2sc(-c3ccc(C)c(C)c3)cc2n1,generated,99.9
ABKX,0,CC1CCCC(=CC(CO)N2CCC(c3ccccc3)CC2)C1,generated,99.9
ABKY,0,CC(C)CCCCCCCCCCCCCCCCC(c1ccccc1)(c1ccccc1)c1ccccc1,generated,99.9
ABKZ,0,O=C(NCc1cccc(-c2ccco2)c1)Nc1ccccc1F,generated,99.9
ABLA,0,Cc1cc(CCNC(=O)NCc2ccc(OC(C)C)cc2)on1,generated,99.9
ABLB,0,COc1ccc(CNC(=O)C23CC4CC(CC(C4)C2)C3)c(OC)c1,generated,99.9
ABLC,0,CCOc1ccc(OCC)c(Nc2nc(Nc3ccccc3OC)nc(-c3ccccc3)n2)c1,generated,99.9
ABLD,0,CC(C)N(C)C(=O)NCc1cccc(Nc2ncccn2)c1,generated,99.9
ABLE,0,O=C(O)c1ccc(OCc2ccc3ccccc3c2)cc1,generated,99.9
ABLF,0,Cc1ccc(NC(=O)C(C)NS(=O)(=O)Cc2ccccn2)cc1,generated,99.9
ABLG,0,O=C(O)CCCNC(=O)c1cn2c(nc3ccccc32)c(C(=O)O)n1,generated,99.9
ABLH,0,CC(C)OC(=O)C(C)(C)NC(=O)c1ccc2nncn2c1,generated,99.9
ABLI,0,Cc1ccc(-c2c(C)c(C)nc(N)c2C(N)=O)cc1,generated,99.9
ABLJ,0,COC(=O)c1cccc(CNCc2ccc(C(C)(C)C)cc2)n1,generated,99.9
ABLK,0,COc1ccc(-c2nc(COC(=O)c3ccc([N+](=O)[O-])cc3)oc2C)cc1,generated,99.9
ABLL,0,CC1CCN(C(=O)Cc2csc(Nc3ncccn3)n2)CC1,training,99.9
ABLM,0,Cc1cccc(CC(C)CO)c1C(=O)c1ccc(F)cc1,generated,99.9
ABLN,0,CC(=O)c1c(C)[nH]c(C(=O)NC2CCCCC2)c1C,training,99.9
ABLO,0,CC(C)(C)NC(=O)c1ccc(NC(=O)c2cc(C3CC3)[nH]n2)cc1,generated,99.9
ABLP,0,CCOc1ccccc1CNC(=O)c1cnc(-n2ccnc2)s1,generated,99.9
ABLQ,0,COc1ccc(C(=O)C(C#N)c2ccc(C)cc2)cc1,generated,99.9
ABLR,0,CN(Cc1cnn(C)c1)C(=O)c1ccc2c(c1)CCCC2,generated,99.9
ABLS,0,CC(C)C(=O)NC1OC(CO)C(O)C(O)C1OCCO,generated,99.9
ABLT,0,Cc1cc(C(=O)OC(C)C(=O)NC2CCCCC2)on1,generated,99.9
ABLU,0,CC(C)N(C(=O)Cn1ccc(=O)n(C)c1=O)S(C)(=O)=O,generated,99.9
ABLV,0,CC(C)=CCCC(C)=CCc1cc(O)c(C)c(OCCOC(=O)Nc2ccc([N+](=O)[O-])cc2)c1,generated,99.9
ABLW,0,Cc1ccc2cc(C(=O)OCC3CC3)cc(=O)n2c1,generated,99.9
ABLX,0,CCOc1cc(CO)ccc1Oc1c(C)cc(C)cc1C(C)C,generated,99.9
ABLY,0,COc1ccc(C=NNC(=O)Cc2ccc(Cl)cc2)cc1,generated,99.9
ABLZ,0,CC1=CC(C2=CC=CC3CCC4(CCCC23)CC(C)CCC4C(=O)O)C(C)(O)O1,generated,99.9
ABMA,0,CCNC(=O)C(=NNC(=O)c1ccc(OC)cc1)c1ccc(OC)c(OC)c1,generated,99.9
ABMB,0,O=C(COc1ccccc1)Nc1ccc(Oc2ccccc2)c([N+](=O)[O-])c1,generated,99.9
ABMC,0,CC(C)NC(=O)CNC(=O)Cc1cnc2ccccc2n1,generated,99.9
ABMD,0,COc1ccc(CNC(=O)c2ccc(-c3ccc(C)cc3)cc2)cc1OC,generated,99.9
ABME,0,Cc1cc(C)cc(OCCCc2ccc(-c3cccnc3)cc2)c1,generated,99.9
ABMF,0,O=C(c1ccc(Oc2cccnc2)cc1)n1c2ccccc2c2ccccc21,generated,99.9
ABMG,0,Cc1cccc(NC(=O)CN(C)C(=O)Cn2ccccc2=O)c1,generated,99.9
ABMH,0,O=C(Nc1ccc(-c2cccc(C(F)(F)F)c2)cc1)n1ccc(=O)c(=O)[nH]c1=O,generated,99.9
ABMI,0,CCN(C1CCN(Cc2ccc(S(C)(=O)=O)cc2)CC1)S(=O)(=O)N(C)C,generated,99.9
ABMJ,0,CC1(C)C2CCC1(CS(=O)(=O)Nc1ccc(F)c(Oc3ccc([N+](=O)[O-])cc3)c1)C2,generated,99.9
ABMK,0,COC(=O)C1=C(C)C(C(=O)Nc2ccc(C)cc2)OC(C)=C1C,generated,99.9
ABML,0,CC(C)C(=O)Nc1ccc(NC(=O)C2CCCO2)cc1,training,99.9
ABMM,0,Cc1ccc(CNC(=O)C(C)CCC(=O)N(C)C)s1,generated,99.9
ABMN,0,CC(C)c1ccccc1OCC(=O)ON=CCC(=O)Nc1ccc(Cl)cc1,generated,99.9
ABMO,0,CCNc1nc2[nH]c(C(=O)NCC3CCCO3)cc2s1,generated,99.9
ABMP,0,Cc1ccc(S(=O)(=O)NC(=O)c2cn(C)nc2C)c(C)c1,generated,99.9
ABMQ,0,Cc1n[nH]c(-c2cccc(NC(=O)Nc3ccccc3)c2)n1,generated,99.9
ABMR,0,Cc1cc(C)c2c(c1)C(O)C(NC(=O)c1cccc(F)c1)C2,generated,99.9
ABMS,0,Cc1ccc(C)c(CNc2cc(N3CCOCC3)ncn2)c1,generated,99.9
ABMT,0,COc1ccc(C2Nc3ccccc3N(C)Cc3ccccc32)cc1,generated,99.9
ABMU,0,COc1cc(C)ccc1OCC(=O)Nc1cc(C(N)=O)ccn1,generated,99.9
ABMV,0,CCN(CC)C(=O)c1cc(C)nc(SCc2ccccc2)n1,generated,99.9
ABMW,0,COc1ccc(CCNC(=O)Cc2cc3c(OC)cccc3o2)cc1,generated,99.9
ABMX,0,Cc1cc(C)cc(C(=O)NCc2noc(-c3cccn3C)n2)c1,generated,99.9
ABMY,0,Cc1ccc(S(=O)(=O)n2cc(C#N)c3ccccc32)cc1,generated,99.9
ABMZ,0,COc1ccc(-c2cnc3cc(-c4ccncc4)ccc3c2)cc1,generated,99.9
ABNA,0,O=C(C=Cc1ccccc1)Nc1nnc(SCCCN2CCCCC2)n1Cc1ccccc1,generated,99.9
ABNB,0,COc1ccccc1N1CCN(C(=O)c2cccnc2OC)CC1,generated,99.9
ABNC,0,Cc1nc(-c2c[nH]c(C(=O)NCc3cccc(C(F)(F)F)c3)c2)no1,generated,99.9
ABND,0,CS(=O)(=O)N1CCCC(c2nnnn2-c2ccc(F)cc2)C1,generated,99.9
ABNE,0,CC1=C(C(=O)OC(c2ccccc2)c2ccccc2)C(C)(C)CN1CC(O)COCc1ccccc1,generated,99.9
ABNF,0,COC(=O)C1CN(C(=O)NCc2ccc3c(c2)OCO3)CCN1C,generated,99.9
ABNG,0,CC(C)C(=O)NC(=O)C(=O)NCCc1ccc2ccccc2c1,generated,99.9
ABNH,0,Cc1sc(C(=O)NCC(C)C)cc1S(=O)(=O)N1CC(C)OC(C)C1,generated,99.9
ABNI,0,O=C(Nc1ccc(Oc2ccc3c(=O)[nH]c(=O)[nH]c3c2)cc1)N1CCOCC1,generated,99.9
ABNJ,0,Cc1cc(C)c(OCCC(=O)NCC2(CO)CCCC2)c(C)c1,generated,99.9
ABNK,0,CN(C)c1cncc(C2CC3CCC(C2)N3CC(O)CNC2CCN(C(=O)OC(C)(C)C)CC2)n1,generated,99.9
ABNL,0,CC(=O)Nc1ccc(C(=O)NC(C)c2ccc(Cl)cc2)o1,generated,99.9
ABNM,0,CCCCCCOC(=O)N1Cc2[nH]nc(C(=O)OC)c2CC1C,generated,99.9
ABNN,0,CC1CCC(NC(=O)N2CCN(S(=O)(=O)c3ccc(Cl)cc3)CC2)CC1,generated,99.9
ABNO,0,COc1ccc(C(=O)c2ccc(-c3ccccc3Cl)cc2)cc1-c1ccc(N)cc1,generated,99.9
ABNP,0,CC1=C(Cc2cccc(N3CCCC3)c2)C(=O)C(C)=C(c2ccccc2)C1=O,generated,99.9
ABNQ,0,CCCCNC(=O)NC(c1ccccc1)c1ccc(Cl)c(Cl)c1,generated,99.9
ABNR,0,Cc1ccc(C(C)NS(=O)(=O)c2c(C)n[nH]c2C)cc1,generated,99.9
ABNS,0,Cc1cc(NC(=O)C(C)Oc2ccc3c(c2)OCO3)sc1C,generated,99.9
ABNT,0,CCCNC(=O)N1CCCC(CCNc2ncc(Cl)cn2)C1,generated,99.9
ABNU,0,CC1(C)C=C(N2CCOCC2)C(=O)N1Cc1cccc(C(F)(F)F)c1,generated,99.9
ABNV,0,CC(C)N(C)C(=O)COC(=O)Cc1cc(Cl)c2c(c1)OCCO2,generated,99.9
ABNW,0,O=C(Nc1cc(F)c(C(=O)OCc2ccccc2)cc1F)c1ccc(O)cc1,generated,99.9
ABNX,0,CC1(C)CC(=O)c2c([nH]c(=O)n2Cc2ccc3c(c2)CCCC3)C1,generated,99.9
ABNY,0,O=C(Cc1ccc(Cl)cc1)Nc1ccc(N2CCOCC2)nc1,generated,99.9
ABNZ,0,Cc1cc(NS(=O)(=O)N2CCN(c3noc4cc(F)ccc34)CC2)no1,generated,99.9
ABOA,0,CC(C)C(NC(=O)c1ccc(Br)s1)c1ccccc1,generated,99.9
ABOB,0,Cn1c(C(F)(F)F)nn(Cc2ccc(-c3cccc(C(=O)O)c3)cc2)c1=O,generated,99.9
ABOC,0,CCCCCCCc1ccc(C2CC(N(C)CCN(Cc3ccccc3)c3ccccc3)O2)cc1,generated,99.9
ABOD,0,CN(CC1CCCO1)C(=O)CSc1cc(C(N)=O)nc(C(F)(F)F)n1,generated,99.9
ABOE,0,CC(C)CCNC(=O)N1CCN(C(=O)NC(C)(C)C)CC1,generated,99.9
ABOF,0,Cc1ccccc1CC(=O)NCc1cccc(CC2CCCCC2)c1,generated,99.9
ABOG,0,N#Cc1ccc(CSc2ncc(C(=O)N3CCOCC3)o2)cn1,generated,99.9
ABOH,0,Cc1ccc(C)c(OCc2nccn2Cc2ccccc2)c1,generated,99.9
ABOI,0,Cc1cccc(-c2cc(NC(=O)C3CCC(=O)N3)n[nH]2)n1,generated,99.9
ABOJ,0,COC(=O)c1cccc(CNc2nc(C)cc(C)n2)c1,generated,99.9
ABOK,0,CN(C)c1nc(NC[S+]([O-])C2CC3CCC2C3)nc(N(C)c2ccccc2)n1,generated,99.9
ABOL,0,CCOC(=O)CC1(OC(=O)CNC(=O)c2ccccc2)CCCCC1,generated,99.9
ABOM,0,COc1ccc(C(=O)C=C(S)NC2CCCCC2)cc1OC,generated,99.9
ABON,0,Cc1ccc(OCc2nc(-c3ccccc3)no2)cc1S(C)(=O)=O,generated,99.9
ABOO,0,NS(=O)(=O)c1cccc(C(=O)Nc2ccc(C(CCCC(=O)O)c3ccccc3)nn2)c1,generated,99.9
ABOP,0,Cc1ccc(Cl)cc1C(c1ccc(OCc2nn(C)c(=O)[nH]2)cc1)C(C)C,generated,99.9
ABOQ,0,CC1CN(C(C)C)CC1C(=O)N(C)C1=CCCCC1,generated,99.9
ABOR,0,COC(=O)c1cccc(C2CCCN(S(=O)(=O)N3CCOCC3)C2)c1,generated,99.9
ABOS,0,CCOC(=O)c1nc(N(C)C)c([N+](=O)[O-])cc1C,generated,99.9
ABOT,0,COC1(C)CC(=O)N(C(=O)Nc2ccccc2)C2CCCCN21,generated,99.9
ABOU,0,CC(=O)Nc1ccc(NC(=O)CCN2CC3=CC=CC3C2=O)cc1,generated,99.9
ABOV,0,Cc1ccc(C(=O)C=Cc2cccs2)c(C)c1OCc1ccccc1,generated,99.9
ABOW,0,CC(C)C(CO)NC(=O)Nc1ccc(-n2cnnn2)cc1,generated,99.9
ABOX,0,Cc1cc(C)cc(NC(=O)NC(C)c2cc(C)on2)c1,generated,99.9
ABOY,0,O=C(OC1CN(C(=O)OCc2ccccc2)C1)c1ccccc1,generated,99.9
ABOZ,0,CCCCc1cnc(CNC(=O)c2cccc(C(=O)N(C)C)c2)o1,generated,99.9
ABPA,0,O=C(NC1CCC2(CC1)OCCO2)N1CCC(O)CC1,generated,99.9
ABPB,0,CC1CCC(NC(=O)c2cc3c(s2)CCC3)CC1,generated,99.9
ABPC,0,Cc1cc(-c2ccc(C3CCN(C(=O)NC(C)(C)C)CC3)s2)no1,generated,99.9
ABPD,0,Cc1ccc(NC(=O)Cc2ccc(F)cc2)c(-n2cncn2)c1,generated,99.9
ABPE,0,CN(C)c1ccc(-c2ccc(-c3ccc([N+](=O)[O-])cc3)o2)cc1,generated,99.9
ABPF,0,CC(C)CC(NC(=O)CN1CCOC1=O)c1nc2ccccc2s1,generated,99.9
ABPG,0,CC(C)(O)C(O)C(=O)N1CCCC1c1cccc(Cl)c1Cl,generated,99.9
ABPH,0,Cc1ccc(C(=O)c2ccc(C)[nH]c2=O)c(C)c1,generated,99.9
ABPI,0,Cc1ccc(CNc2ccc(-n3cccc3C(=O)N(C)C)cc2)cc1,generated,99.9
ABPJ,0,CCOC(=O)c1nc(C(=O)OC)c(NC)nc1NCc1ccc(CN2CCCCC2CC)cc1,generated,99.9
ABPK,0,CC(=O)Nc1ccc(Nc2cc(-c3ccccc3)ccc2-c2ccc(C)cc2)cc1,generated,99.9
ABPL,0,COc1cccc(F)c1-c1nnc(SCc2nnc(C)o2)s1,generated,99.9
ABPM,0,CCc1cc(-c2cc(-n3ccnc3)nc(-c3ccc(Cl)cc3)n2)no1,generated,99.9
ABPN,0,Cn1cc(NC(=O)CNC(=O)c2cccc(SCC(F)F)c2)cn1,generated,99.9
ABPO,0,CS(=O)(=O)N1CCC(NC(=O)COC(=O)c2ccc(F)cc2)CC1,generated,99.9
ABPP,0,O=C(Cn1nc(-c2ccccc2)oc1=O)NCCc1ccccn1,generated,99.9
ABPQ,0,N#Cc1cccnc1N1CCC(OCCc2ccccc2)CC1,generated,99.9
ABPR,0,Cc1ccc(C(=O)CCNC(=O)C(C)(C)C)c(C)c1,generated,99.9
ABPS,0,Cc1ccc(-c2cc(CNC(=O)c3ccc(C(C)C)nn3)no2)o1,generated,99.9
ABPT,0,CCCCC1(CC)Cc2cccc(OCc3cccc(Cl)c3)c2O1,generated,99.9
ABPU,0,CCNC(=O)c1nc(NC(=O)c2ccc(F)cc2)oc1C,generated,99.9
ABPV,0,COc1ccc2c(CC(=O)OCc3ccc(F)cc3)c(C)sc2c1,generated,99.9
ABPW,0,Nc1cc(-c2ccccc2)nc2nc(-c3ccc(F)cc3)nn12,generated,99.9
ABPX,0,CC(C)C(=O)N(c1ccccc1)c1ccn(C)c(=O)n1,generated,99.9
ABPY,0,COc1ccc(CCN(C(=O)Nc2ccccc2)c2nccnc2N)cc1,generated,99.9
ABPZ,0,COC(=O)Cc1ccc(OCc2cccc(C(F)(F)F)c2)cc1,generated,99.9
ABQA,0,CC(C)C(=O)Nc1ccc(-c2ccc3c(c2)CC(=O)N3)cn1,generated,99.9
ABQB,0,COc1cccc(NC(=O)NCC(C)(C)NC(C)c2cccn2C)c1,generated,99.9
ABQC,0,O=C(NC1CCCc2[nH]ncc21)C1CC1c1ccccc1F,generated,99.9
ABQD,0,CC(C)(CNC1CCCCC1)NCC(O)c1ccc(S(N)(=O)=O)cc1,generated,99.9
ABQE,0,Cc1ccc(C(NC(=O)C(C)(C)N)c2ccc(O)cc2)o1,generated,99.9
ABQF,0,Cc1ccccc1Oc1ccc(C(=O)NCc2nccn2C)cc1,generated,99.9
ABQG,0,COc1ccc(Cn2c(C(=O)NCc3ccccc3F)noc2=O)cc1,generated,99.9
ABQH,0,COc1ccc(C(=O)CSc2nnc(-c3csc(C)n3)o2)o1,generated,99.9
ABQI,0,COc1ccc(OC)c(NC(=O)Cn2cnc(C(N)=O)c2N)c1,generated,99.9
ABQJ,0,Cc1ccccc1C1CC(Nc2nc(C(F)(F)F)cc(=O)[nH]2)C(C)(O)C1,generated,99.9
ABQK,0,CN(C)C(=O)CC1CCC(Oc2cc(-c3n[nH]c4ccccc34)ncn2)CC1,generated,99.9
ABQL,0,NC(=O)C(Cc1ccc(OCc2ccccc2)cc1)CP(=O)(O)CC(Cc1ccccc1)C(=O)O,generated,99.9
ABQM,0,COC(=O)CCC(=O)Nc1cnn(-c2ccccc2F)c1,generated,99.9
ABQN,0,CC(=O)Nc1ccc(OCC(=O)NCc2ccc(C)o2)cc1,generated,99.9
ABQO,0,CC(=O)N1CCN(Cc2cc(C3CC3)nc3sccc23)CC1,generated,99.9
ABQP,0,COC(=O)C(C)(C)NC(=O)Nc1nc(C)cc(C)n1,generated,99.9
ABQQ,0,O=C(Oc1ccc(Cl)cc1)c1cc(C23CC4CC(CC(C4)C2)C3)on1,generated,99.9
ABQR,0,COc1ccc(C(C)=O)cc1CC(=O)Nc1cc(C)on1,training,99.9
ABQS,0,CC(=O)N1CCCN(C(=O)CCc2cnc(C)s2)CC1,generated,99.9
ABQT,0,CC(C)(C)c1ccc(C(C#N)CC(=O)NS(=O)(=O)c2cc(C(F)(F)F)ccc2Cl)cc1,generated,99.9
ABQU,0,CN1C(=O)CC(NC(=O)C=Cc2ccc(Br)cc2)C1=O,generated,99.9
ABQV,0,CCCCCCCCCCCCCCOc1ccc(C(O)=C(CC(C)(C)C)C(=O)O)cc1,generated,99.9
ABQW,0,CCc1ccc(C(=O)N(C)Cc2cc(-n3ccnc3)no2)o1,generated,99.9
ABQX,0,CC(C)C(CO)NC(=N)Nc1ccc(NC(=O)Nc2cccc3ccccc23)cc1,generated,99.9
ABQY,0,Cc1cc(COc2cc(NC(=O)c3ccccc3F)ccn2)no1,generated,99.9
ABQZ,0,CN(C)C(=O)N1CCCC2(CC(NC(=O)c3cccc(C(F)(F)F)c3)OCO2)C1,generated,99.9
ABRA,0,CCN(CC)C(=O)CN(C)C(=O)Nc1c[nH]cc1C(=O)Nc1ccccc1,generated,99.9
ABRB,0,Cc1ccc(COC(=O)c2ccc(NS(C)(=O)=O)cc2)o1,generated,99.9
ABRC,0,CC(=NNC(N)=O)c1cccc(Oc2ccc(Nc3nc4ccccc4cc3Cl)cc2)c1,generated,99.9
ABRD,0,O=C(CCCn1cc(-c2ccc(F)cc2)cn1)NC1CCCCC1,generated,99.9
ABRE,0,CC(=O)Oc1ccccc1C(C)=CC=CCC(=O)OCCOCCOCCOCCOCCOC(=O)CNC(=O)C(C)C,generated,99.9
ABRF,0,Nc1ccc(CC(OC(=O)Nc2ccccc2)C(=O)C(=O)NCc2ccccc2)cc1,generated,99.9
ABRG,0,Cc1ccc(C(O)c2ccc(S(C)(=O)=O)cc2)cc1,generated,99.9
ABRH,0,Cc1ccc(C)c([S+]([O-])C2(c3ccccc3)CC2)c1,generated,99.9
ABRI,0,Cc1ccc(N2CCN(CC(=O)N3CC=C(c4c[nH]c5ccccc45)CC3)CC2)cc1,generated,99.9
ABRJ,0,CC(C)(Cc1ccc(-c2ccc(SCC(=O)O)cc2)cc1)NC(=O)C1CC1,generated,99.9
ABRK,0,CCN(Cc1cccc(Cl)c1)C(=O)Cc1ccco1,generated,99.9
ABRL,0,CCOC(=O)C1=C(CSc2ccc(OC)cc2)CC(C)(C)CC1=O,generated,99.9
ABRM,0,Cc1ccc(NC(=O)N2CCC(Oc3cccnn3)CC2)cc1C,training,99.9
ABRN,0,Cc1nc(Cn2ccc(=O)[nH]c2=O)c(C(=O)OC(C)(C)C)s1,generated,99.9
ABRO,0,CC(C)(O)c1nnc(SCc2cn3ccccc3n2)o1,generated,99.9
ABRP,0,O=C(CCCCC1=CCCCC1)Nc1ccc2oc(=O)ccc2c1,generated,99.9
ABRQ,0,CC1(C)C2CC=C(CCCCCC(=O)NCCCn3cnc4c(N)ncnc43)CC21O,generated,99.9
ABRR,0,CCOC(=O)c1[nH]c(C)cc1-c1csc(C(C)(C)C)n1,generated,99.9
ABRS,0,CN(C)CCNc1ccc(C(=O)C=Cc2ccc(O)cc2)c2ccccc12,generated,99.9
ABRT,0,CCOP(=O)(C=Cc1ccc(OCCCCCCCCCCNC(=O)c2ccc(OC)cc2)cc1)OC,generated,99.9
ABRU,0,COc1ccc(C=NNC(=O)c2cc3ccccc3oc2=O)cc1,generated,99.9
ABRV,0,N#Cc1c(N)nc(SCC(=O)Nc2c(F)cccc2F)nc1C(F)(F)F,generated,99.9
ABRW,0,CCCCNC(=O)C1(C)CCC(C(=O)OCC=Cc2ccccc2)CC1,generated,99.9
ABRX,0,CC(=O)N1CCC(OC(=O)c2cc(C)c(C)[nH]2)CC1,generated,99.9
ABRY,0,Nc1ccc2c(c1)C(=O)NC2c1cc(Cl)c2ccccc2c1,generated,99.9
ABRZ,0,CN(C)C(=O)CCC(=O)NCc1ccc(-n2cncn2)nc1,generated,99.9
ABSA,0,Cc1ccc2nc(N=Cc3ccc4[nH]ccc4c3)c(=O)[nH]c2c1,generated,99.9
ABSB,0,CC1(C)CCCC(C(C)(O)C(O)CC(O)CC(=O)O)C1,generated,99.9
ABSC,0,CC(=O)C(OC(=O)c1ccc(OCC(F)(F)F)cc1)c1ccccc1,generated,99.9
ABSD,0,O=C(CC(F)(F)F)Nc1nc2c(s1)CC(c1ncn[nH]1)CC2,generated,99.9
ABSE,0,CC(C)CN(CC(O)C(Cc1ccccc1)NC(=O)OC1COC2OCCC12)S(=O)(=O)c1ccc2nc(NC3CCN(C4CCCC4)CC3)sc2c1,hiv,99.9
ABSF,0,CC(C)(C)NC(=O)C1CC2CCCCC2CN1CC(O)C(Cc1ccccc1)NC(=O)C(CC(N)=O)NC(=O)c1ccc2ccccc2n1,hiv,99.9
ABSG,0,Cc1cccc(C)c1OCC(=O)NC(Cc1ccccc1)C(O)CC(Cc1ccccc1)NC(=O)C(C(C)C)N1CCCNC1=O,hiv,99.9
ABSH,0,CC(C)CN(CC(O)C(Cc1ccccc1)NC(=O)OC1COC2OCCC12)S(=O)(=O)c1ccc(N)cc1,hiv,99.9
ABSI,0,Cc1c(O)cccc1C(=O)NC(CSc1ccccc1)C(O)CN1CC2CCCCC2CC1C(=O)NC(C)(C)C,hiv,99.9
ABSJ,0,CC(C)CN(CC(O)C(Cc1ccccc1)NC(=O)OC1CCOC1)S(=O)(=O)c1ccc(N)cc1,hiv,99.9
ABSK,0,COC(=O)NC(C(=O)NC(Cc1ccccc1)C(O)CN(Cc1ccc(-c2ccccn2)cc1)NC(=O)C(NC(=O)OC)C(C)(C)C)C(C)(C)C,hiv,99.9
ABSL,0,CC(C)c1nc(CN(C)C(=O)NC(C(=O)NC(Cc2ccccc2)CC(O)C(Cc2ccccc2)NC(=O)OCc2cncs2)C(C)C)cs1,hiv,99.9
ABSM,0,CCCC1(CCc2ccccc2)CC(O)=C(C(CC)c2cccc(NS(=O)(=O)c3ccc(C(F)(F)F)cn3)c2)C(=O)O1,hiv,99.9
ABSN,0,O=C1Nc2ccc(Cl)cc2C(C#CC2CC2)(C(F)(F)F)O1,hiv,99.9
ABSO,0,CC(C)(C)NC(=O)C1CN(Cc2cccnc2)CCN1CC(O)CC(Cc1ccccc1)C(=O)NC1c2ccccc2CC1O,hiv,99.9
ABSP,0,CCOP(=O)(COc1ccc(CC(NC(=O)OC2COC3OCCC23)C(O)CN(CC(C)C)S(=O)(=O)c2ccc(OC)cc2)cc1)OCC,hiv,99.9
ABSQ,0,COC(=O)NC(C(=O)NCCCCC(CO)N(CC(C)C)S(=O)(=O)c1ccc(N)cc1)C(c1ccccc1)c1ccccc1,hiv,99.9
ABSR,0,CC(C)CN(CC(O)C(Cc1ccccc1)NC(=O)OC1COC2OCCC12)S(=O)(=O)c1ccc2nc(NC3CCN(C4CCCC4)CC3)sc2c1,manual,99.9
ABSS,0,CC(C)(C)NC(=O)C1CC2CCCCC2CN1CC(O)C(Cc1ccccc1)NC(=O)C(CC(N)=O)NC(=O)c1ccc2ccccc2n1,manual,99.9
ABST,0,Cc1cccc(C)c1OCC(=O)NC(Cc1ccccc1)C(O)CC(Cc1ccccc1)NC(=O)C(C(C)C)N1CCCNC1=O,manual,99.9
ABSU,0,CC(C)CN(CC(O)C(Cc1ccccc1)NC(=O)OC1COC2OCCC12)S(=O)(=O)c1ccc(N)cc1,manual,99.9
ABSV,0,Cc1c(O)cccc1C(=O)NC(CSc1ccccc1)C(O)CN1CC2CCCCC2CC1C(=O)NC(C)(C)C,manual,99.9
ABSW,0,CC(C)CN(CC(O)C(Cc1ccccc1)NC(=O)OC1CCOC1)S(=O)(=O)c1ccc(N)cc1,manual,99.9
ABSX,0,COC(=O)NC(C(=O)NC(Cc1ccccc1)C(O)CN(Cc1ccc(-c2ccccn2)cc1)NC(=O)C(NC(=O)OC)C(C)(C)C)C(C)(C)C,manual,99.9
ABSY,0,CC(C)c1nc(CN(C)C(=O)NC(C(=O)NC(Cc2ccccc2)CC(O)C(Cc2ccccc2)NC(=O)OCc2cncs2)C(C)C)cs1,manual,99.9
ABSZ,0,CCCC1(CCc2ccccc2)CC(O)=C(C(CC)c2cccc(NS(=O)(=O)c3ccc(C(F)(F)F)cn3)c2)C(=O)O1,manual,99.9
ABTA,0,O=C1Nc2ccc(Cl)cc2C(C#CC2CC2)(C(F)(F)F)O1,manual,99.9
ABTB,0,CC(C)(C)NC(=O)C1CN(Cc2cccnc2)CCN1CC(O)CC(Cc1ccccc1)C(=O)NC1c2ccccc2CC1O,manual,99.9
ABTC,0,CCOP(=O)(COc1ccc(CC(NC(=O)OC2COC3OCCC23)C(O)CN(CC(C)C)S(=O)(=O)c2ccc(OC)cc2)cc1)OCC,manual,99.9
ABTD,0,COC(=O)NC(C(=O)NCCCCC(CO)N(CC(C)C)S(=O)(=O)c1ccc(N)cc1)C(c1ccccc1)c1ccccc1,manual,99.9
