Ligand,Binding Affinity,rmsd/ub, rmsd/lb
6lu7_idAAAAgen1,-7.1,0.0,0.0
6lu7_idAAAAgen1,-6.7,6.011,3.927
6lu7_idAAAAgen1,-6.4,4.598,2.43
6lu7_idAAAAgen1,-6.3,6.127,3.417
6lu7_idAAAAgen1,-6.3,24.721,22.163
6lu7_idAAAAgen1,-6.2,2.085,1.584
6lu7_idAAAAgen1,-6.2,5.648,2.936
6lu7_idAAAAgen1,-6.1,25.765,22.822
6lu7_idAAAAgen1,-6.0,26.233,23.732
6lu7_idAAABgen1,-7.6,0.0,0.0
6lu7_idAAABgen1,-6.7,6.349,3.094
6lu7_idAAABgen1,-6.6,2.333,1.819
6lu7_idAAABgen1,-6.6,7.227,3.519
6lu7_idAAABgen1,-6.6,6.304,3.324
6lu7_idAAABgen1,-6.6,8.112,2.961
6lu7_idAAABgen1,-6.5,28.299,22.203
6lu7_idAAABgen1,-6.5,6.978,3.401
6lu7_idAAABgen1,-6.4,10.469,3.483
6lu7_idAAACgen1,-8.2,0.0,0.0
6lu7_idAAACgen1,-8.1,9.876,6.384
6lu7_idAAACgen1,-8.1,10.997,9.246
6lu7_idAAACgen1,-7.9,11.835,8.897
6lu7_idAAACgen1,-7.9,13.785,6.146
6lu7_idAAACgen1,-7.9,12.426,9.546
6lu7_idAAACgen1,-7.7,34.226,33.167
6lu7_idAAACgen1,-7.7,13.602,9.911
6lu7_idAAACgen1,-7.7,5.256,3.481
6lu7_idAAADgen1,-5.6,8.879,2.996
6lu7_idAAADgen1,-5.6,0.0,0.0
6lu7_idAAADgen1,-5.5,29.494,26.182
6lu7_idAAADgen1,-5.4,26.134,20.429
6lu7_idAAADgen1,-5.3,30.025,25.808
6lu7_idAAADgen1,-5.2,8.77,5.547
6lu7_idAAADgen1,-5.2,28.055,22.308
6lu7_idAAADgen1,-5.2,10.117,4.02
6lu7_idAAADgen1,-5.1,7.975,3.123
6lu7_idAAAEgen1,-5.5,0.0,0.0
6lu7_idAAAEgen1,-5.4,7.291,1.564
6lu7_idAAAEgen1,-5.4,7.698,1.446
6lu7_idAAAEgen1,-5.3,25.733,22.488
6lu7_idAAAEgen1,-5.2,25.481,22.227
6lu7_idAAAEgen1,-5.2,7.126,2.004
6lu7_idAAAEgen1,-5.1,25.458,22.269
6lu7_idAAAEgen1,-5.1,7.4,4.0
6lu7_idAAAEgen1,-5.1,7.757,2.971
6lu7_idAAAFgen1,-11.5,0.0,0.0
6lu7_idAAAFgen1,-9.8,39.082,36.073
6lu7_idAAAFgen1,-9.3,34.895,27.431
6lu7_idAAAFgen1,-9.1,25.866,20.214
6lu7_idAAAFgen1,-9.1,33.913,29.045
6lu7_idAAAFgen1,-9.0,39.869,35.235
6lu7_idAAAFgen1,-9.0,37.978,30.96
6lu7_idAAAFgen1,-9.0,39.794,33.832
6lu7_idAAAFgen1,-8.9,34.701,29.078
6lu7_idAAAGgen1,-7.2,0.0,0.0
6lu7_idAAAGgen1,-7.0,23.99,21.53
6lu7_idAAAGgen1,-6.8,6.657,2.353
6lu7_idAAAGgen1,-6.8,22.419,19.699
6lu7_idAAAGgen1,-6.8,7.882,5.813
6lu7_idAAAGgen1,-6.6,6.009,2.451
6lu7_idAAAGgen1,-6.6,3.721,1.688
6lu7_idAAAGgen1,-6.6,24.579,22.188
6lu7_idAAAGgen1,-6.5,24.377,21.796
6lu7_idAAAHgen1,-6.6,0.0,0.0
6lu7_idAAAHgen1,-6.3,4.401,3.073
6lu7_idAAAHgen1,-6.1,6.671,3.658
6lu7_idAAAHgen1,-5.9,4.032,3.601
6lu7_idAAAHgen1,-5.8,23.76,20.599
6lu7_idAAAHgen1,-5.6,27.532,24.376
6lu7_idAAAHgen1,-5.5,7.407,5.558
6lu7_idAAAHgen1,-5.5,27.914,24.82
6lu7_idAAAHgen1,-5.5,19.626,18.063
6lu7_idAAAIgen1,-6.1,0.0,0.0
6lu7_idAAAIgen1,-5.9,5.479,2.904
6lu7_idAAAIgen1,-5.9,8.019,2.302
6lu7_idAAAIgen1,-5.9,5.455,2.753
6lu7_idAAAIgen1,-5.8,7.733,4.329
6lu7_idAAAIgen1,-5.7,5.574,2.771
6lu7_idAAAIgen1,-5.7,7.892,4.187
6lu7_idAAAIgen1,-5.5,7.562,4.207
6lu7_idAAAIgen1,-5.4,7.862,4.705
6lu7_idAAAJgen1,-6.1,0.0,0.0
6lu7_idAAAJgen1,-5.9,6.261,1.575
6lu7_idAAAJgen1,-5.7,24.218,21.5
6lu7_idAAAJgen1,-5.7,25.245,23.62
6lu7_idAAAJgen1,-5.7,25.236,23.628
6lu7_idAAAJgen1,-5.6,2.629,1.788
6lu7_idAAAJgen1,-5.6,25.787,23.988
6lu7_idAAAJgen1,-5.4,25.103,23.57
6lu7_idAAAJgen1,-5.4,12.559,10.537
6lu7_idAAAKgen1,-9.9,39.087,37.25
6lu7_idAAAKgen1,-9.9,9.222,3.162
6lu7_idAAAKgen1,-9.9,0.0,0.0
6lu7_idAAAKgen1,-9.6,12.753,10.205
6lu7_idAAAKgen1,-9.6,2.772,1.948
6lu7_idAAAKgen1,-9.1,24.899,21.183
6lu7_idAAAKgen1,-9.1,17.471,11.866
6lu7_idAAAKgen1,-8.9,16.322,9.056
6lu7_idAAAKgen1,-8.9,8.067,3.312
6lu7_idAAALgen1,-9.5,7.379,3.005
6lu7_idAAALgen1,-9.5,0.0,0.0
6lu7_idAAALgen1,-9.3,24.201,20.351
6lu7_idAAALgen1,-9.1,7.722,2.412
6lu7_idAAALgen1,-8.4,25.213,23.536
6lu7_idAAALgen1,-8.4,6.806,1.675
6lu7_idAAALgen1,-8.3,7.167,3.188
6lu7_idAAALgen1,-8.3,7.915,3.365
6lu7_idAAALgen1,-8.3,23.959,19.309
6lu7_idAAAMgen1,-8.6,0.0,0.0
6lu7_idAAAMgen1,-8.4,10.422,3.147
6lu7_idAAAMgen1,-8.3,10.379,3.362
6lu7_idAAAMgen1,-8.2,23.221,19.865
6lu7_idAAAMgen1,-8.2,3.676,2.21
6lu7_idAAAMgen1,-7.9,22.713,20.064
6lu7_idAAAMgen1,-7.9,21.906,15.855
6lu7_idAAAMgen1,-7.8,22.984,19.837
6lu7_idAAAMgen1,-7.6,18.368,10.604
6lu7_idAAANgen1,-7.6,0.0,0.0
6lu7_idAAANgen1,-7.5,19.982,17.773
6lu7_idAAANgen1,-7.3,12.994,9.215
6lu7_idAAANgen1,-7.3,36.034,32.363
6lu7_idAAANgen1,-7.2,22.133,17.892
6lu7_idAAANgen1,-7.2,35.938,32.467
6lu7_idAAANgen1,-7.2,22.734,20.595
6lu7_idAAANgen1,-7.2,22.524,19.907
6lu7_idAAANgen1,-7.1,4.736,3.279
6lu7_idAAAOgen1,-9.5,0.0,0.0
6lu7_idAAAOgen1,-8.3,5.627,3.307
6lu7_idAAAOgen1,-8.2,4.655,2.892
6lu7_idAAAOgen1,-8.1,5.305,3.702
6lu7_idAAAOgen1,-8.1,23.897,21.736
6lu7_idAAAOgen1,-8.1,7.532,2.927
6lu7_idAAAOgen1,-8.0,7.713,3.632
6lu7_idAAAOgen1,-7.8,21.176,18.65
6lu7_idAAAOgen1,-7.7,9.061,6.398
6lu7_idAAAPgen1,-6.1,26.926,24.669
6lu7_idAAAPgen1,-6.1,22.232,19.965
6lu7_idAAAPgen1,-6.1,0.0,0.0
6lu7_idAAAPgen1,-6.0,23.781,21.254
6lu7_idAAAPgen1,-6.0,33.358,30.34
6lu7_idAAAPgen1,-5.9,27.645,25.125
6lu7_idAAAPgen1,-5.8,7.638,2.883
6lu7_idAAAPgen1,-5.8,25.26,22.368
6lu7_idAAAPgen1,-5.7,7.627,2.514
6lu7_idAAAQgen1,-8.4,0.0,0.0
6lu7_idAAAQgen1,-8.3,7.547,1.269
6lu7_idAAAQgen1,-8.1,8.501,1.433
6lu7_idAAAQgen1,-7.9,8.577,1.777
6lu7_idAAAQgen1,-7.7,21.3,18.535
6lu7_idAAAQgen1,-7.6,20.72,19.156
6lu7_idAAAQgen1,-7.6,23.438,19.718
6lu7_idAAAQgen1,-7.5,5.729,1.977
6lu7_idAAAQgen1,-7.4,5.384,1.57
6lu7_idAAARgen1,-6.2,0.0,0.0
6lu7_idAAARgen1,-5.9,1.826,1.176
6lu7_idAAARgen1,-5.8,16.327,14.336
6lu7_idAAARgen1,-5.7,8.272,3.009
6lu7_idAAARgen1,-5.7,18.539,16.075
6lu7_idAAARgen1,-5.7,48.95,46.378
6lu7_idAAARgen1,-5.6,3.73,2.436
6lu7_idAAARgen1,-5.6,2.055,1.822
6lu7_idAAARgen1,-5.5,7.916,2.487
6lu7_idAAASgen1,-11.2,0.0,0.0
6lu7_idAAASgen1,-10.8,10.164,1.945
6lu7_idAAASgen1,-10.2,16.8,12.317
6lu7_idAAASgen1,-10.0,6.105,2.864
6lu7_idAAASgen1,-9.8,11.665,3.923
6lu7_idAAASgen1,-9.8,22.587,17.85
6lu7_idAAASgen1,-9.8,11.005,2.489
6lu7_idAAASgen1,-9.8,22.497,20.467
6lu7_idAAASgen1,-9.7,6.555,3.777
6lu7_idAAATgen1,-7.7,0.0,0.0
6lu7_idAAATgen1,-7.6,3.614,1.545
6lu7_idAAATgen1,-7.6,3.083,1.4
6lu7_idAAATgen1,-7.4,3.353,1.824
6lu7_idAAATgen1,-7.3,3.291,2.434
6lu7_idAAATgen1,-7.1,4.782,3.57
6lu7_idAAATgen1,-7.1,23.5,20.806
6lu7_idAAATgen1,-7.1,24.017,19.914
6lu7_idAAATgen1,-7.1,3.9,2.735
6lu7_idAAAUgen1,-7.2,0.0,0.0
6lu7_idAAAUgen1,-7.0,24.201,22.244
6lu7_idAAAUgen1,-7.0,24.425,21.755
6lu7_idAAAUgen1,-7.0,21.701,18.921
6lu7_idAAAUgen1,-7.0,25.328,22.956
6lu7_idAAAUgen1,-7.0,11.609,9.827
6lu7_idAAAUgen1,-6.9,5.77,3.841
6lu7_idAAAUgen1,-6.9,5.083,4.231
6lu7_idAAAUgen1,-6.9,25.96,22.336
6lu7_idAAAVgen1,-9.8,0.0,0.0
6lu7_idAAAVgen1,-9.6,22.426,20.079
6lu7_idAAAVgen1,-9.3,10.555,4.508
6lu7_idAAAVgen1,-9.1,22.255,19.521
6lu7_idAAAVgen1,-9.0,13.957,10.141
6lu7_idAAAVgen1,-9.0,12.159,5.536
6lu7_idAAAVgen1,-9.0,15.489,8.025
6lu7_idAAAVgen1,-8.9,11.545,7.181
6lu7_idAAAVgen1,-8.8,11.661,8.053
6lu7_idAAAWgen1,-6.2,0.0,0.0
6lu7_idAAAWgen1,-6.1,35.36,33.699
6lu7_idAAAWgen1,-6.0,23.707,22.246
6lu7_idAAAWgen1,-5.9,24.87,23.297
6lu7_idAAAWgen1,-5.9,4.013,2.571
6lu7_idAAAWgen1,-5.8,24.482,23.03
6lu7_idAAAWgen1,-5.8,3.243,2.344
6lu7_idAAAWgen1,-5.8,25.485,23.937
6lu7_idAAAWgen1,-5.6,8.024,5.898
6lu7_idAAAXgen1,-9.1,0.0,0.0
6lu7_idAAAXgen1,-8.9,8.165,4.474
6lu7_idAAAXgen1,-8.8,21.876,18.852
6lu7_idAAAXgen1,-8.8,21.877,19.408
6lu7_idAAAXgen1,-8.7,7.155,3.557
6lu7_idAAAXgen1,-8.5,24.461,21.318
6lu7_idAAAXgen1,-8.5,7.999,3.672
6lu7_idAAAXgen1,-8.2,16.688,10.444
6lu7_idAAAXgen1,-8.2,8.098,4.367
6lu7_idAAAYgen1,-8.5,0.0,0.0
6lu7_idAAAYgen1,-7.9,2.072,0.618
6lu7_idAAAYgen1,-7.3,3.501,2.285
6lu7_idAAAYgen1,-7.0,4.908,1.39
6lu7_idAAAYgen1,-7.0,3.846,2.428
6lu7_idAAAYgen1,-6.5,24.182,21.925
6lu7_idAAAYgen1,-6.5,4.903,1.503
6lu7_idAAAYgen1,-6.5,2.531,1.727
6lu7_idAAAYgen1,-6.5,5.342,3.592
6lu7_idAAAZgen1,-7.6,0.0,0.0
6lu7_idAAAZgen1,-7.5,6.952,1.359
6lu7_idAAAZgen1,-7.5,5.485,0.838
6lu7_idAAAZgen1,-7.1,7.018,3.16
6lu7_idAAAZgen1,-7.0,21.909,19.643
6lu7_idAAAZgen1,-7.0,7.463,1.547
6lu7_idAAAZgen1,-6.9,6.046,1.46
6lu7_idAAAZgen1,-6.9,20.364,18.368
6lu7_idAAAZgen1,-6.8,8.541,3.678
6lu7_idAABAgen1,-9.9,0.0,0.0
6lu7_idAABAgen1,-9.1,6.73,2.899
6lu7_idAABAgen1,-8.6,6.091,2.615
6lu7_idAABAgen1,-8.5,24.311,20.505
6lu7_idAABAgen1,-8.5,4.993,2.733
6lu7_idAABAgen1,-8.4,6.229,2.683
6lu7_idAABAgen1,-8.3,6.412,2.848
6lu7_idAABAgen1,-8.3,6.019,2.501
6lu7_idAABAgen1,-8.1,39.217,35.383
6lu7_idAABBgen1,-7.7,0.0,0.0
6lu7_idAABBgen1,-7.4,4.087,2.889
6lu7_idAABBgen1,-7.3,4.369,2.976
6lu7_idAABBgen1,-7.1,8.76,4.891
6lu7_idAABBgen1,-7.0,27.301,24.244
6lu7_idAABBgen1,-6.9,4.029,2.824
6lu7_idAABBgen1,-6.9,4.801,3.049
6lu7_idAABBgen1,-6.8,24.398,22.041
6lu7_idAABBgen1,-6.7,29.002,25.776
6lu7_idAABCgen1,-7.1,0.0,0.0
6lu7_idAABCgen1,-6.6,20.396,15.83
6lu7_idAABCgen1,-6.4,29.44,27.785
6lu7_idAABCgen1,-6.4,20.59,15.53
6lu7_idAABCgen1,-6.3,33.058,30.283
6lu7_idAABCgen1,-6.3,6.83,2.273
6lu7_idAABCgen1,-6.2,69.96,67.075
6lu7_idAABCgen1,-6.1,32.454,29.842
6lu7_idAABCgen1,-6.1,32.4,29.918
6lu7_idAABDgen1,-7.3,0.0,0.0
6lu7_idAABDgen1,-7.2,6.928,2.891
6lu7_idAABDgen1,-7.2,6.203,2.076
6lu7_idAABDgen1,-7.2,5.657,3.443
6lu7_idAABDgen1,-6.6,6.696,3.995
6lu7_idAABDgen1,-6.4,24.583,22.431
6lu7_idAABDgen1,-6.4,7.398,4.426
6lu7_idAABDgen1,-6.3,21.363,19.106
6lu7_idAABDgen1,-6.3,7.047,3.616
6lu7_idAABEgen1,-6.7,0.0,0.0
6lu7_idAABEgen1,-6.4,22.967,20.045
6lu7_idAABEgen1,-6.3,4.101,2.503
6lu7_idAABEgen1,-6.3,24.702,21.335
6lu7_idAABEgen1,-6.3,36.072,34.066
6lu7_idAABEgen1,-6.2,25.992,23.479
6lu7_idAABEgen1,-6.2,9.396,5.768
6lu7_idAABEgen1,-6.1,6.434,3.664
6lu7_idAABEgen1,-6.1,24.928,22.146
6lu7_idAABFgen1,-7.3,0.0,0.0
6lu7_idAABFgen1,-6.8,25.77,22.25
6lu7_idAABFgen1,-6.4,5.798,2.837
6lu7_idAABFgen1,-6.4,5.57,3.111
6lu7_idAABFgen1,-6.2,6.69,2.079
6lu7_idAABFgen1,-6.1,24.32,21.759
6lu7_idAABFgen1,-6.1,36.249,33.445
6lu7_idAABFgen1,-6.0,25.061,21.143
6lu7_idAABFgen1,-5.9,7.135,4.541
6lu7_idAABGgen1,-6.7,0.0,0.0
6lu7_idAABGgen1,-6.6,19.348,16.663
6lu7_idAABGgen1,-6.6,8.992,2.898
6lu7_idAABGgen1,-6.6,8.941,5.575
6lu7_idAABGgen1,-6.5,20.359,17.044
6lu7_idAABGgen1,-6.4,10.028,4.314
6lu7_idAABGgen1,-6.3,9.541,2.956
6lu7_idAABGgen1,-6.3,11.088,8.304
6lu7_idAABGgen1,-6.3,10.549,7.986
6lu7_idAABHgen1,-9.4,0.0,0.0
6lu7_idAABHgen1,-9.3,37.543,36.242
6lu7_idAABHgen1,-9.2,39.671,38.026
6lu7_idAABHgen1,-9.1,41.595,40.038
6lu7_idAABHgen1,-9.1,39.7,38.451
6lu7_idAABHgen1,-8.8,41.958,40.816
6lu7_idAABHgen1,-8.8,29.01,26.377
6lu7_idAABHgen1,-8.8,25.812,23.658
6lu7_idAABHgen1,-8.8,33.633,30.35
6lu7_idAABJgen1,-5.8,25.633,23.256
6lu7_idAABJgen1,-5.8,10.052,7.077
6lu7_idAABJgen1,-5.8,0.0,0.0
6lu7_idAABJgen1,-5.6,6.212,2.399
6lu7_idAABJgen1,-5.5,6.404,3.071
6lu7_idAABJgen1,-5.4,33.61,28.999
6lu7_idAABJgen1,-5.4,3.632,2.358
6lu7_idAABJgen1,-5.3,4.547,3.385
6lu7_idAABJgen1,-5.3,45.155,39.996
6lu7_idAABKgen1,-9.3,0.0,0.0
6lu7_idAABKgen1,-9.2,6.272,2.216
6lu7_idAABKgen1,-9.2,6.734,1.614
6lu7_idAABKgen1,-9.1,6.287,1.175
6lu7_idAABKgen1,-8.9,6.042,2.522
6lu7_idAABKgen1,-8.5,2.608,1.502
6lu7_idAABKgen1,-8.5,9.061,5.092
6lu7_idAABKgen1,-8.4,7.389,3.005
6lu7_idAABKgen1,-8.4,5.185,2.922
6lu7_idAABLgen1,-5.9,0.0,0.0
6lu7_idAABLgen1,-5.8,24.761,22.431
6lu7_idAABLgen1,-5.8,25.989,23.293
6lu7_idAABLgen1,-5.7,6.323,2.606
6lu7_idAABLgen1,-5.5,20.377,18.664
6lu7_idAABLgen1,-5.5,25.664,22.932
6lu7_idAABLgen1,-5.4,7.173,4.607
6lu7_idAABLgen1,-5.3,25.113,22.774
6lu7_idAABLgen1,-5.3,8.567,4.513
6lu7_idAABMgen1,-9.8,0.0,0.0
6lu7_idAABMgen1,-9.3,8.842,3.807
6lu7_idAABMgen1,-9.1,24.205,19.561
6lu7_idAABMgen1,-9.1,4.444,2.568
6lu7_idAABMgen1,-9.0,14.9,8.586
6lu7_idAABMgen1,-9.0,7.742,3.484
6lu7_idAABMgen1,-9.0,7.221,2.87
6lu7_idAABMgen1,-8.9,16.104,8.886
6lu7_idAABMgen1,-8.9,6.063,3.125
6lu7_idAABNgen1,-5.8,0.0,0.0
6lu7_idAABNgen1,-5.7,6.612,3.093
6lu7_idAABNgen1,-5.7,22.709,20.705
6lu7_idAABNgen1,-5.7,23.35,21.548
6lu7_idAABNgen1,-5.7,4.242,2.583
6lu7_idAABNgen1,-5.6,7.973,3.353
6lu7_idAABNgen1,-5.6,27.743,25.805
6lu7_idAABNgen1,-5.5,7.264,4.364
6lu7_idAABNgen1,-5.4,3.564,2.474
6lu7_idAABOgen1,-7.4,0.0,0.0
6lu7_idAABOgen1,-7.2,24.913,22.744
6lu7_idAABOgen1,-6.7,6.168,3.438
6lu7_idAABOgen1,-6.6,21.475,19.805
6lu7_idAABOgen1,-6.5,23.396,20.85
6lu7_idAABOgen1,-6.4,6.839,3.871
6lu7_idAABOgen1,-6.3,7.463,4.588
6lu7_idAABOgen1,-6.3,21.043,19.291
6lu7_idAABOgen1,-6.2,23.73,21.816
6lu7_idAABPgen1,-6.6,2.596,1.882
6lu7_idAABPgen1,-6.6,0.0,0.0
6lu7_idAABPgen1,-6.4,5.057,2.726
6lu7_idAABPgen1,-6.3,3.991,2.645
6lu7_idAABPgen1,-6.2,25.646,23.181
6lu7_idAABPgen1,-6.2,28.351,25.95
6lu7_idAABPgen1,-6.2,20.811,18.596
6lu7_idAABPgen1,-6.1,7.966,6.052
6lu7_idAABPgen1,-6.1,20.123,18.08
6lu7_idAABQgen1,-7.3,0.0,0.0
6lu7_idAABQgen1,-7.2,4.81,3.062
6lu7_idAABQgen1,-6.9,5.565,3.148
6lu7_idAABQgen1,-6.8,42.112,39.818
6lu7_idAABQgen1,-6.8,42.634,38.806
6lu7_idAABQgen1,-6.7,4.902,3.203
6lu7_idAABQgen1,-6.7,27.493,24.224
6lu7_idAABQgen1,-6.7,4.731,2.052
6lu7_idAABQgen1,-6.6,7.207,4.617
6lu7_idAABRgen1,-6.2,0.0,0.0
6lu7_idAABRgen1,-6.1,8.209,2.839
6lu7_idAABRgen1,-6.1,23.738,22.567
6lu7_idAABRgen1,-6.1,23.997,20.565
6lu7_idAABRgen1,-6.1,7.51,2.373
6lu7_idAABRgen1,-6.0,24.043,23.028
6lu7_idAABRgen1,-6.0,6.83,2.106
6lu7_idAABRgen1,-6.0,19.175,15.558
6lu7_idAABRgen1,-6.0,17.63,14.598
6lu7_idAABSgen1,-6.8,0.0,0.0
6lu7_idAABSgen1,-6.7,19.77,18.489
6lu7_idAABSgen1,-6.6,20.574,18.784
6lu7_idAABSgen1,-6.3,19.852,15.854
6lu7_idAABSgen1,-6.3,22.752,20.923
6lu7_idAABSgen1,-6.1,13.689,10.069
6lu7_idAABSgen1,-5.9,23.404,20.234
6lu7_idAABSgen1,-5.9,28.938,23.852
6lu7_idAABSgen1,-5.9,21.206,17.822
6lu7_idAABTgen1,-10.8,0.0,0.0
6lu7_idAABTgen1,-9.5,32.858,29.501
6lu7_idAABTgen1,-9.3,56.441,52.421
6lu7_idAABTgen1,-9.2,42.822,38.697
6lu7_idAABTgen1,-9.1,37.409,33.311
6lu7_idAABTgen1,-9.1,40.742,36.275
6lu7_idAABTgen1,-9.0,38.739,35.038
6lu7_idAABTgen1,-8.9,41.007,36.946
6lu7_idAABTgen1,-8.9,37.792,33.742
6lu7_idAABUgen1,-6.2,0.0,0.0
6lu7_idAABUgen1,-6.0,3.344,2.311
6lu7_idAABUgen1,-5.8,2.149,1.388
6lu7_idAABUgen1,-5.7,23.915,21.945
6lu7_idAABUgen1,-5.7,1.415,1.143
6lu7_idAABUgen1,-5.7,5.07,2.635
6lu7_idAABUgen1,-5.6,3.382,2.492
6lu7_idAABUgen1,-5.6,33.614,30.664
6lu7_idAABUgen1,-5.4,33.609,30.557
6lu7_idAABVgen1,-7.3,0.0,0.0
6lu7_idAABVgen1,-7.1,5.803,3.706
6lu7_idAABVgen1,-6.9,22.551,18.512
6lu7_idAABVgen1,-6.8,4.363,3.546
6lu7_idAABVgen1,-6.7,8.291,3.353
6lu7_idAABVgen1,-6.7,21.313,18.642
6lu7_idAABVgen1,-6.7,11.074,6.333
6lu7_idAABVgen1,-6.6,9.798,5.236
6lu7_idAABVgen1,-6.6,8.931,3.245
6lu7_idAABWgen1,-6.7,22.835,19.797
6lu7_idAABWgen1,-6.7,0.0,0.0
6lu7_idAABWgen1,-6.5,22.506,20.6
6lu7_idAABWgen1,-6.5,22.307,19.565
6lu7_idAABWgen1,-6.3,3.996,1.813
6lu7_idAABWgen1,-6.1,3.371,2.186
6lu7_idAABWgen1,-6.1,4.031,2.047
6lu7_idAABWgen1,-6.0,17.001,13.753
6lu7_idAABWgen1,-6.0,20.986,17.273
6lu7_idAABXgen1,-8.2,0.0,0.0
6lu7_idAABXgen1,-8.0,5.602,2.289
6lu7_idAABXgen1,-7.8,6.311,2.899
6lu7_idAABXgen1,-7.7,7.545,4.308
6lu7_idAABXgen1,-7.7,6.379,2.853
6lu7_idAABXgen1,-7.7,2.547,1.825
6lu7_idAABXgen1,-7.6,9.209,6.057
6lu7_idAABXgen1,-7.6,3.269,2.133
6lu7_idAABXgen1,-7.5,6.612,3.027
6lu7_idAABYgen1,-9.9,0.0,0.0
6lu7_idAABYgen1,-9.8,8.28,3.168
6lu7_idAABYgen1,-9.4,7.243,2.566
6lu7_idAABYgen1,-9.2,8.759,4.472
6lu7_idAABYgen1,-8.9,8.403,3.605
6lu7_idAABYgen1,-8.7,8.7,4.739
6lu7_idAABYgen1,-8.7,9.127,3.176
6lu7_idAABYgen1,-8.6,24.825,18.985
6lu7_idAABYgen1,-8.6,8.592,3.588
6lu7_idAABZgen1,-7.6,21.191,19.552
6lu7_idAABZgen1,-7.6,0.0,0.0
6lu7_idAABZgen1,-7.3,18.44,15.667
6lu7_idAABZgen1,-7.3,24.024,20.372
6lu7_idAABZgen1,-7.2,18.736,16.82
6lu7_idAABZgen1,-7.1,24.642,20.771
6lu7_idAABZgen1,-7.1,23.45,20.275
6lu7_idAABZgen1,-7.0,27.32,20.67
6lu7_idAABZgen1,-6.9,12.892,7.263
6lu7_idAACAgen1,-5.5,28.098,25.106
6lu7_idAACAgen1,-5.5,0.0,0.0
6lu7_idAACAgen1,-5.3,3.798,2.482
6lu7_idAACAgen1,-5.3,3.726,2.851
6lu7_idAACAgen1,-5.3,36.26,33.301
6lu7_idAACAgen1,-5.3,26.929,23.621
6lu7_idAACAgen1,-5.3,26.577,21.99
6lu7_idAACAgen1,-5.2,9.299,6.387
6lu7_idAACAgen1,-5.2,28.005,24.367
6lu7_idAACBgen1,-5.3,0.0,0.0
6lu7_idAACBgen1,-5.2,5.477,2.224
6lu7_idAACBgen1,-5.2,26.802,24.089
6lu7_idAACBgen1,-5.1,6.829,3.386
6lu7_idAACBgen1,-5.1,3.097,1.724
6lu7_idAACBgen1,-5.0,2.291,1.579
6lu7_idAACBgen1,-5.0,4.752,2.745
6lu7_idAACBgen1,-5.0,25.7,23.551
6lu7_idAACBgen1,-5.0,26.218,22.828
6lu7_idAACCgen1,-7.1,0.0,0.0
6lu7_idAACCgen1,-6.5,5.673,3.39
6lu7_idAACCgen1,-6.4,20.679,17.698
6lu7_idAACCgen1,-6.4,21.223,19.865
6lu7_idAACCgen1,-6.3,24.78,23.101
6lu7_idAACCgen1,-6.3,29.014,24.316
6lu7_idAACCgen1,-6.1,32.825,30.609
6lu7_idAACCgen1,-6.1,4.032,2.743
6lu7_idAACCgen1,-6.0,25.48,24.14
6lu7_idAACDgen1,-5.7,25.616,23.297
6lu7_idAACDgen1,-5.7,23.897,21.773
6lu7_idAACDgen1,-5.7,0.0,0.0
6lu7_idAACDgen1,-5.6,25.012,22.647
6lu7_idAACDgen1,-5.6,24.725,22.365
6lu7_idAACDgen1,-5.6,35.446,32.984
6lu7_idAACDgen1,-5.5,4.897,2.732
6lu7_idAACDgen1,-5.4,35.252,32.937
6lu7_idAACDgen1,-5.3,27.326,24.952
6lu7_idAACEgen1,-6.9,0.0,0.0
6lu7_idAACEgen1,-6.7,1.574,0.813
6lu7_idAACEgen1,-6.6,2.595,1.635
6lu7_idAACEgen1,-6.3,5.332,2.544
6lu7_idAACEgen1,-6.2,2.559,1.56
6lu7_idAACEgen1,-6.2,6.126,2.348
6lu7_idAACEgen1,-6.1,5.12,2.513
6lu7_idAACEgen1,-6.0,33.932,30.521
6lu7_idAACEgen1,-6.0,34.058,31.326
6lu7_idAACGgen1,-6.1,0.0,0.0
6lu7_idAACGgen1,-6.0,4.615,3.201
6lu7_idAACGgen1,-5.7,12.799,10.885
6lu7_idAACGgen1,-5.7,23.499,21.565
6lu7_idAACGgen1,-5.7,8.231,5.67
6lu7_idAACGgen1,-5.7,2.898,1.983
6lu7_idAACGgen1,-5.7,4.376,3.054
6lu7_idAACGgen1,-5.7,27.882,25.742
6lu7_idAACGgen1,-5.7,26.571,24.271
6lu7_idAACHgen1,-6.6,5.662,1.79
6lu7_idAACHgen1,-6.6,0.0,0.0
6lu7_idAACHgen1,-6.5,4.014,2.686
6lu7_idAACHgen1,-6.5,7.581,1.962
6lu7_idAACHgen1,-6.4,19.923,15.304
6lu7_idAACHgen1,-6.4,19.311,15.603
6lu7_idAACHgen1,-6.4,19.227,14.866
6lu7_idAACHgen1,-6.4,25.365,22.258
6lu7_idAACHgen1,-6.3,24.649,23.059
6lu7_idAACIgen1,-5.4,0.0,0.0
6lu7_idAACIgen1,-5.3,23.783,21.495
6lu7_idAACIgen1,-5.3,7.094,2.447
6lu7_idAACIgen1,-5.3,20.187,16.445
6lu7_idAACIgen1,-5.2,18.347,16.097
6lu7_idAACIgen1,-5.2,40.64,37.716
6lu7_idAACIgen1,-5.1,2.768,1.95
6lu7_idAACIgen1,-5.1,19.451,16.352
6lu7_idAACIgen1,-5.1,19.741,16.992
6lu7_idAACJgen1,-6.7,0.0,0.0
6lu7_idAACJgen1,-6.5,2.29,1.566
6lu7_idAACJgen1,-6.5,1.656,1.212
6lu7_idAACJgen1,-6.3,2.421,1.738
6lu7_idAACJgen1,-6.3,2.913,2.003
6lu7_idAACJgen1,-5.8,28.719,24.881
6lu7_idAACJgen1,-5.8,23.238,20.04
6lu7_idAACJgen1,-5.7,27.565,23.871
6lu7_idAACJgen1,-5.6,25.19,21.571
6lu7_idAACKgen1,-8.2,0.0,0.0
6lu7_idAACKgen1,-7.8,13.749,5.161
6lu7_idAACKgen1,-7.6,4.794,1.394
6lu7_idAACKgen1,-7.5,14.485,5.255
6lu7_idAACKgen1,-7.5,6.934,4.195
6lu7_idAACKgen1,-7.4,19.496,17.341
6lu7_idAACKgen1,-7.4,13.124,4.819
6lu7_idAACKgen1,-7.3,19.001,17.305
6lu7_idAACKgen1,-7.2,18.779,17.144
6lu7_idAACLgen1,-10.2,0.0,0.0
6lu7_idAACLgen1,-9.1,21.03,12.207
6lu7_idAACLgen1,-9.1,25.847,21.639
6lu7_idAACLgen1,-9.1,23.021,15.221
6lu7_idAACLgen1,-9.0,16.217,9.563
6lu7_idAACLgen1,-8.7,21.402,12.876
6lu7_idAACLgen1,-8.6,7.543,2.484
6lu7_idAACLgen1,-8.6,33.0,31.337
6lu7_idAACLgen1,-8.5,28.105,22.424
6lu7_idAACMgen1,-8.0,0.0,0.0
6lu7_idAACMgen1,-7.8,23.393,19.527
6lu7_idAACMgen1,-7.6,23.719,20.105
6lu7_idAACMgen1,-7.5,22.111,19.24
6lu7_idAACMgen1,-7.4,6.519,2.337
6lu7_idAACMgen1,-7.3,2.644,1.977
6lu7_idAACMgen1,-7.2,8.792,3.543
6lu7_idAACMgen1,-7.2,22.0,18.867
6lu7_idAACMgen1,-7.1,10.821,4.791
6lu7_idAACNgen1,-10.4,0.0,0.0
6lu7_idAACNgen1,-9.6,2.497,1.534
6lu7_idAACNgen1,-9.2,6.537,2.697
6lu7_idAACNgen1,-8.9,6.913,2.551
6lu7_idAACNgen1,-8.9,2.812,1.88
6lu7_idAACNgen1,-8.8,24.964,22.467
6lu7_idAACNgen1,-8.8,2.799,1.886
6lu7_idAACNgen1,-8.8,24.502,20.669
6lu7_idAACNgen1,-8.7,7.21,3.567
6lu7_idAACOgen1,-6.6,0.0,0.0
6lu7_idAACOgen1,-6.6,2.721,2.037
6lu7_idAACOgen1,-6.1,11.304,6.045
6lu7_idAACOgen1,-6.1,10.839,5.892
6lu7_idAACOgen1,-6.1,26.275,23.295
6lu7_idAACOgen1,-6.0,27.52,25.035
6lu7_idAACOgen1,-6.0,7.607,4.007
6lu7_idAACOgen1,-5.9,9.957,6.252
6lu7_idAACOgen1,-5.8,7.399,3.713
6lu7_idAACPgen1,-7.3,0.0,0.0
6lu7_idAACPgen1,-7.1,4.546,2.356
6lu7_idAACPgen1,-6.9,4.724,1.69
6lu7_idAACPgen1,-6.8,4.052,1.782
6lu7_idAACPgen1,-6.7,3.761,1.87
6lu7_idAACPgen1,-6.7,32.486,27.372
6lu7_idAACPgen1,-6.6,2.511,1.772
6lu7_idAACPgen1,-6.6,8.634,3.19
6lu7_idAACPgen1,-6.5,8.926,2.914
6lu7_idAACQgen1,-8.3,0.0,0.0
6lu7_idAACQgen1,-8.1,25.351,22.604
6lu7_idAACQgen1,-7.7,9.027,6.572
6lu7_idAACQgen1,-7.7,6.379,3.818
6lu7_idAACQgen1,-7.4,25.286,21.813
6lu7_idAACQgen1,-7.4,8.141,5.166
6lu7_idAACQgen1,-7.3,4.662,3.398
6lu7_idAACQgen1,-7.3,25.497,22.778
6lu7_idAACQgen1,-7.1,22.227,18.802
6lu7_idAACRgen1,-9.9,0.0,0.0
6lu7_idAACRgen1,-9.0,7.602,2.643
6lu7_idAACRgen1,-8.8,6.241,2.868
6lu7_idAACRgen1,-8.7,24.401,20.636
6lu7_idAACRgen1,-8.5,7.843,3.271
6lu7_idAACRgen1,-8.5,5.774,3.736
6lu7_idAACRgen1,-8.5,6.159,2.379
6lu7_idAACRgen1,-8.5,15.503,8.793
6lu7_idAACRgen1,-8.3,6.02,2.601
6lu7_idAACSgen1,-8.4,0.0,0.0
6lu7_idAACSgen1,-8.3,24.15,19.528
6lu7_idAACSgen1,-8.1,17.2,10.833
6lu7_idAACSgen1,-7.9,9.297,3.417
6lu7_idAACSgen1,-7.8,8.49,3.17
6lu7_idAACSgen1,-7.7,7.099,1.873
6lu7_idAACSgen1,-7.7,6.957,1.314
6lu7_idAACSgen1,-7.6,7.77,3.419
6lu7_idAACSgen1,-7.6,25.742,21.72
6lu7_idAACTgen1,-7.9,0.0,0.0
6lu7_idAACTgen1,-7.9,38.37,36.231
6lu7_idAACTgen1,-7.7,39.69,37.981
6lu7_idAACTgen1,-7.7,39.955,38.179
6lu7_idAACTgen1,-7.5,37.765,35.618
6lu7_idAACTgen1,-7.3,31.508,29.723
6lu7_idAACTgen1,-7.1,37.849,35.715
6lu7_idAACTgen1,-7.1,32.046,30.561
6lu7_idAACTgen1,-6.9,35.303,32.328
6lu7_idAACUgen1,-6.2,0.0,0.0
6lu7_idAACUgen1,-5.9,6.229,3.628
6lu7_idAACUgen1,-5.9,21.343,17.282
6lu7_idAACUgen1,-5.8,20.931,16.989
6lu7_idAACUgen1,-5.8,22.506,19.76
6lu7_idAACUgen1,-5.7,39.072,35.429
6lu7_idAACUgen1,-5.7,7.579,3.852
6lu7_idAACUgen1,-5.7,8.548,5.609
6lu7_idAACUgen1,-5.7,18.288,15.489
6lu7_idAACVgen1,-7.7,0.0,0.0
6lu7_idAACVgen1,-7.6,24.985,22.413
6lu7_idAACVgen1,-7.5,32.749,30.381
6lu7_idAACVgen1,-7.4,24.487,22.404
6lu7_idAACVgen1,-7.3,7.529,3.618
6lu7_idAACVgen1,-7.3,24.085,22.599
6lu7_idAACVgen1,-7.2,25.927,23.524
6lu7_idAACVgen1,-7.0,32.166,29.458
6lu7_idAACVgen1,-6.9,32.592,30.199
6lu7_idAACWgen1,-7.1,0.0,0.0
6lu7_idAACWgen1,-6.5,3.958,2.802
6lu7_idAACWgen1,-6.4,23.948,21.692
6lu7_idAACWgen1,-6.4,22.566,21.398
6lu7_idAACWgen1,-6.4,23.144,22.019
6lu7_idAACWgen1,-6.3,6.189,3.866
6lu7_idAACWgen1,-6.3,21.314,20.261
6lu7_idAACWgen1,-6.3,24.435,22.066
6lu7_idAACWgen1,-6.2,23.204,22.064
6lu7_idAACXgen1,-8.1,0.0,0.0
6lu7_idAACXgen1,-7.7,24.947,22.477
6lu7_idAACXgen1,-7.7,24.123,21.674
6lu7_idAACXgen1,-7.7,4.277,3.296
6lu7_idAACXgen1,-7.7,24.141,21.987
6lu7_idAACXgen1,-7.7,28.568,25.437
6lu7_idAACXgen1,-7.6,3.057,2.128
6lu7_idAACXgen1,-7.6,24.852,22.73
6lu7_idAACXgen1,-7.6,7.67,4.783
6lu7_idAACYgen1,-5.6,0.0,0.0
6lu7_idAACYgen1,-5.5,6.672,3.698
6lu7_idAACYgen1,-5.1,7.048,3.862
6lu7_idAACYgen1,-5.0,23.676,21.266
6lu7_idAACYgen1,-4.8,4.063,1.601
6lu7_idAACYgen1,-4.7,5.478,2.774
6lu7_idAACYgen1,-4.7,7.79,4.386
6lu7_idAACYgen1,-4.7,7.46,3.678
6lu7_idAACYgen1,-4.7,7.13,3.967
6lu7_idAACZgen1,-7.8,0.0,0.0
6lu7_idAACZgen1,-7.4,5.298,1.72
6lu7_idAACZgen1,-7.3,8.811,3.708
6lu7_idAACZgen1,-7.3,2.526,1.886
6lu7_idAACZgen1,-7.3,26.26,21.709
6lu7_idAACZgen1,-7.0,5.087,1.771
6lu7_idAACZgen1,-6.9,24.892,21.13
6lu7_idAACZgen1,-6.8,5.761,2.643
6lu7_idAACZgen1,-6.8,9.195,4.365
6lu7_idAADAgen1,-6.7,0.0,0.0
6lu7_idAADAgen1,-6.1,22.735,18.685
6lu7_idAADAgen1,-6.1,8.976,4.116
6lu7_idAADAgen1,-6.1,6.68,2.886
6lu7_idAADAgen1,-6.0,21.326,17.312
6lu7_idAADAgen1,-6.0,49.403,45.836
6lu7_idAADAgen1,-6.0,21.561,18.371
6lu7_idAADAgen1,-6.0,4.308,2.459
6lu7_idAADAgen1,-6.0,22.496,19.47
6lu7_idAADBgen1,-6.7,0.0,0.0
6lu7_idAADBgen1,-6.5,20.291,17.708
6lu7_idAADBgen1,-6.4,20.436,17.473
6lu7_idAADBgen1,-6.4,2.613,1.602
6lu7_idAADBgen1,-6.2,8.989,2.793
6lu7_idAADBgen1,-6.2,21.439,17.624
6lu7_idAADBgen1,-6.1,8.816,2.829
6lu7_idAADBgen1,-6.1,22.428,21.321
6lu7_idAADBgen1,-6.0,20.881,18.472
6lu7_idAADCgen1,-7.0,0.0,0.0
6lu7_idAADCgen1,-6.8,28.767,27.526
6lu7_idAADCgen1,-6.7,9.611,4.509
6lu7_idAADCgen1,-6.7,25.16,21.031
6lu7_idAADCgen1,-6.6,10.273,5.125
6lu7_idAADCgen1,-6.5,9.743,6.92
6lu7_idAADCgen1,-6.5,26.857,23.164
6lu7_idAADCgen1,-6.5,3.346,2.235
6lu7_idAADCgen1,-6.5,10.549,7.297
6lu7_idAADDgen1,-7.2,0.0,0.0
6lu7_idAADDgen1,-6.8,26.064,23.228
6lu7_idAADDgen1,-6.8,24.964,22.324
6lu7_idAADDgen1,-6.6,8.395,5.599
6lu7_idAADDgen1,-6.5,28.975,25.753
6lu7_idAADDgen1,-6.4,25.732,22.884
6lu7_idAADDgen1,-6.4,29.274,27.247
6lu7_idAADDgen1,-6.4,9.579,7.968
6lu7_idAADDgen1,-6.3,7.835,6.308
6lu7_idAADEgen1,-7.3,0.0,0.0
6lu7_idAADEgen1,-7.2,1.921,0.094
6lu7_idAADEgen1,-6.8,4.381,3.416
6lu7_idAADEgen1,-6.6,4.065,2.709
6lu7_idAADEgen1,-6.6,3.592,2.375
6lu7_idAADEgen1,-6.5,22.232,20.881
6lu7_idAADEgen1,-6.5,22.496,21.146
6lu7_idAADEgen1,-6.3,22.847,21.485
6lu7_idAADEgen1,-6.2,8.941,1.312
6lu7_idAADFgen1,-8.3,0.0,0.0
6lu7_idAADFgen1,-8.1,10.985,6.918
6lu7_idAADFgen1,-7.9,11.222,3.322
6lu7_idAADFgen1,-7.8,10.949,3.093
6lu7_idAADFgen1,-7.8,7.978,3.38
6lu7_idAADFgen1,-7.8,10.449,3.25
6lu7_idAADFgen1,-7.8,8.786,2.7
6lu7_idAADFgen1,-7.7,8.725,2.904
6lu7_idAADFgen1,-7.7,3.018,1.744
6lu7_idAADHgen1,-7.0,0.0,0.0
6lu7_idAADHgen1,-6.9,25.17,22.636
6lu7_idAADHgen1,-6.8,25.437,22.306
6lu7_idAADHgen1,-6.7,24.385,21.777
6lu7_idAADHgen1,-6.5,3.882,2.546
6lu7_idAADHgen1,-6.5,25.103,22.422
6lu7_idAADHgen1,-6.4,8.425,3.259
6lu7_idAADHgen1,-6.4,25.399,22.387
6lu7_idAADHgen1,-6.4,20.461,18.354
6lu7_idAADIgen1,-9.3,0.0,0.0
6lu7_idAADIgen1,-9.2,29.461,26.961
6lu7_idAADIgen1,-9.2,12.772,7.866
6lu7_idAADIgen1,-8.9,30.799,27.265
6lu7_idAADIgen1,-8.9,32.872,29.316
6lu7_idAADIgen1,-8.9,14.8,10.334
6lu7_idAADIgen1,-8.8,29.087,25.315
6lu7_idAADIgen1,-8.8,24.095,17.107
6lu7_idAADIgen1,-8.7,20.625,17.183
6lu7_idAADJgen1,-7.7,0.0,0.0
6lu7_idAADJgen1,-7.3,5.225,3.067
6lu7_idAADJgen1,-6.7,25.099,21.673
6lu7_idAADJgen1,-6.6,2.652,1.757
6lu7_idAADJgen1,-6.5,24.228,21.38
6lu7_idAADJgen1,-6.5,26.473,23.153
6lu7_idAADJgen1,-6.4,24.662,21.929
6lu7_idAADJgen1,-6.3,24.832,22.286
6lu7_idAADJgen1,-6.3,21.447,19.349
6lu7_idAADKgen1,-6.5,0.0,0.0
6lu7_idAADKgen1,-6.3,6.564,3.384
6lu7_idAADKgen1,-5.9,2.843,1.85
6lu7_idAADKgen1,-5.8,28.613,26.349
6lu7_idAADKgen1,-5.8,3.261,2.645
6lu7_idAADKgen1,-5.7,24.305,22.279
6lu7_idAADKgen1,-5.5,25.952,23.452
6lu7_idAADKgen1,-5.5,24.756,21.935
6lu7_idAADKgen1,-5.5,29.007,26.433
6lu7_idAADLgen1,-8.1,0.0,0.0
6lu7_idAADLgen1,-7.9,24.471,20.739
6lu7_idAADLgen1,-7.8,32.001,28.428
6lu7_idAADLgen1,-7.8,24.527,20.708
6lu7_idAADLgen1,-7.7,23.002,20.131
6lu7_idAADLgen1,-7.6,23.429,20.707
6lu7_idAADLgen1,-7.5,24.192,20.564
6lu7_idAADLgen1,-7.4,23.42,20.075
6lu7_idAADLgen1,-7.3,25.193,22.107
6lu7_idAADMgen1,-8.1,0.0,0.0
6lu7_idAADMgen1,-7.6,7.223,3.127
6lu7_idAADMgen1,-7.3,2.472,1.659
6lu7_idAADMgen1,-7.1,8.675,1.625
6lu7_idAADMgen1,-7.1,23.229,19.686
6lu7_idAADMgen1,-7.1,22.413,20.748
6lu7_idAADMgen1,-7.1,23.771,19.689
6lu7_idAADMgen1,-7.1,30.08,28.012
6lu7_idAADMgen1,-7.0,22.429,19.305
6lu7_idAADNgen1,-8.3,0.0,0.0
6lu7_idAADNgen1,-8.1,25.972,21.776
6lu7_idAADNgen1,-8.0,16.386,9.483
6lu7_idAADNgen1,-7.9,8.368,2.881
6lu7_idAADNgen1,-7.7,8.186,3.013
6lu7_idAADNgen1,-7.7,5.367,2.764
6lu7_idAADNgen1,-7.6,10.716,4.081
6lu7_idAADNgen1,-7.5,2.61,1.881
6lu7_idAADNgen1,-7.5,23.459,19.739
6lu7_idAADOgen1,-7.5,0.0,0.0
6lu7_idAADOgen1,-7.1,3.585,2.055
6lu7_idAADOgen1,-6.9,2.57,1.699
6lu7_idAADOgen1,-6.7,2.313,1.507
6lu7_idAADOgen1,-6.5,7.159,3.444
6lu7_idAADOgen1,-6.4,3.461,1.619
6lu7_idAADOgen1,-6.4,33.564,30.956
6lu7_idAADOgen1,-6.3,29.301,26.119
6lu7_idAADOgen1,-6.2,24.759,21.751
6lu7_idAADPgen1,-8.8,0.0,0.0
6lu7_idAADPgen1,-8.5,7.858,3.768
6lu7_idAADPgen1,-8.4,1.98,1.242
6lu7_idAADPgen1,-8.3,1.99,1.513
6lu7_idAADPgen1,-8.2,3.072,1.891
6lu7_idAADPgen1,-8.1,22.763,19.162
6lu7_idAADPgen1,-8.1,8.27,3.93
6lu7_idAADPgen1,-8.0,3.557,1.865
6lu7_idAADPgen1,-8.0,2.475,1.591
6lu7_idAADQgen1,-6.5,0.0,0.0
6lu7_idAADQgen1,-6.3,15.819,13.599
6lu7_idAADQgen1,-6.3,15.233,13.164
6lu7_idAADQgen1,-6.2,18.61,17.403
6lu7_idAADQgen1,-6.1,21.843,19.802
6lu7_idAADQgen1,-6.1,16.283,14.252
6lu7_idAADQgen1,-6.0,21.383,19.668
6lu7_idAADQgen1,-5.9,28.608,24.804
6lu7_idAADQgen1,-5.9,18.124,15.973
6lu7_idAADRgen1,-9.2,0.0,0.0
6lu7_idAADRgen1,-8.8,21.753,19.451
6lu7_idAADRgen1,-8.7,10.013,5.826
6lu7_idAADRgen1,-8.6,22.923,19.24
6lu7_idAADRgen1,-8.5,22.58,19.612
6lu7_idAADRgen1,-8.5,22.666,20.039
6lu7_idAADRgen1,-8.4,7.313,4.716
6lu7_idAADRgen1,-8.3,2.285,1.742
6lu7_idAADRgen1,-8.3,8.125,5.122
6lu7_idAADSgen1,-7.4,0.0,0.0
6lu7_idAADSgen1,-6.7,26.828,25.024
6lu7_idAADSgen1,-6.7,27.588,26.163
6lu7_idAADSgen1,-6.5,24.74,22.985
6lu7_idAADSgen1,-6.5,3.524,2.592
6lu7_idAADSgen1,-6.4,27.835,26.101
6lu7_idAADSgen1,-6.4,31.162,29.799
6lu7_idAADSgen1,-6.2,13.011,9.211
6lu7_idAADSgen1,-6.2,11.933,7.788
6lu7_idAADTgen1,-5.8,0.0,0.0
6lu7_idAADTgen1,-5.8,2.722,2.263
6lu7_idAADTgen1,-5.6,11.263,8.161
6lu7_idAADTgen1,-5.4,26.074,23.329
6lu7_idAADTgen1,-5.4,26.161,23.424
6lu7_idAADTgen1,-5.3,26.535,23.93
6lu7_idAADTgen1,-5.3,4.387,2.481
6lu7_idAADTgen1,-5.3,5.868,3.351
6lu7_idAADTgen1,-5.2,27.189,24.131
6lu7_idAADUgen1,-6.6,0.0,0.0
6lu7_idAADUgen1,-6.6,23.596,20.953
6lu7_idAADUgen1,-6.5,25.284,22.547
6lu7_idAADUgen1,-6.3,25.778,22.719
6lu7_idAADUgen1,-6.3,25.064,21.647
6lu7_idAADUgen1,-6.3,23.606,21.248
6lu7_idAADUgen1,-6.3,2.339,1.868
6lu7_idAADUgen1,-6.2,30.127,23.734
6lu7_idAADUgen1,-6.1,28.813,24.179
6lu7_idAADWgen1,-9.2,0.0,0.0
6lu7_idAADWgen1,-8.7,7.635,3.118
6lu7_idAADWgen1,-8.3,5.103,3.192
6lu7_idAADWgen1,-8.3,23.674,19.4
6lu7_idAADWgen1,-8.2,6.069,3.257
6lu7_idAADWgen1,-8.0,15.577,9.608
6lu7_idAADWgen1,-8.0,9.367,6.313
6lu7_idAADWgen1,-8.0,7.702,3.651
6lu7_idAADWgen1,-7.9,32.107,25.224
6lu7_idAADYgen1,-8.2,0.0,0.0
6lu7_idAADYgen1,-8.0,23.911,20.968
6lu7_idAADYgen1,-8.0,23.925,20.994
6lu7_idAADYgen1,-8.0,23.625,20.797
6lu7_idAADYgen1,-7.9,23.201,19.886
6lu7_idAADYgen1,-7.6,2.712,1.162
6lu7_idAADYgen1,-7.5,2.955,1.817
6lu7_idAADYgen1,-7.4,3.847,2.122
6lu7_idAADYgen1,-7.4,4.341,2.097
6lu7_idAADZgen1,-7.1,0.0,0.0
6lu7_idAADZgen1,-7.0,4.666,2.664
6lu7_idAADZgen1,-7.0,3.246,1.435
6lu7_idAADZgen1,-6.9,5.781,3.207
6lu7_idAADZgen1,-6.6,17.546,15.322
6lu7_idAADZgen1,-6.5,3.736,2.176
6lu7_idAADZgen1,-6.5,27.183,23.932
6lu7_idAADZgen1,-6.4,10.672,7.266
6lu7_idAADZgen1,-6.4,26.39,23.125
6lu7_idAAEAgen1,-6.8,0.0,0.0
6lu7_idAAEAgen1,-6.8,3.237,2.231
6lu7_idAAEAgen1,-6.8,24.514,22.503
6lu7_idAAEAgen1,-6.5,3.614,2.321
6lu7_idAAEAgen1,-6.5,2.536,1.83
6lu7_idAAEAgen1,-6.3,24.103,22.275
6lu7_idAAEAgen1,-6.3,6.822,3.75
6lu7_idAAEAgen1,-6.2,4.541,2.247
6lu7_idAAEAgen1,-6.0,3.972,1.818
6lu7_idAAEBgen1,-7.9,0.0,0.0
6lu7_idAAEBgen1,-7.4,22.814,19.159
6lu7_idAAEBgen1,-7.4,23.228,21.351
6lu7_idAAEBgen1,-7.2,6.487,1.866
6lu7_idAAEBgen1,-7.2,23.086,21.346
6lu7_idAAEBgen1,-7.1,26.757,22.827
6lu7_idAAEBgen1,-7.1,25.875,22.133
6lu7_idAAEBgen1,-7.1,2.216,1.154
6lu7_idAAEBgen1,-7.0,22.95,20.983
6lu7_idAAECgen1,-7.1,0.0,0.0
6lu7_idAAECgen1,-6.7,25.923,22.887
6lu7_idAAECgen1,-6.3,6.907,2.551
6lu7_idAAECgen1,-6.3,3.994,1.762
6lu7_idAAECgen1,-6.2,26.312,23.492
6lu7_idAAECgen1,-6.2,2.179,1.535
6lu7_idAAECgen1,-6.1,27.364,22.819
6lu7_idAAECgen1,-6.0,26.627,23.987
6lu7_idAAECgen1,-5.9,25.484,22.938
6lu7_idAAEDgen1,-7.7,0.0,0.0
6lu7_idAAEDgen1,-7.2,22.738,19.086
6lu7_idAAEDgen1,-7.1,24.523,19.613
6lu7_idAAEDgen1,-7.0,9.878,4.906
6lu7_idAAEDgen1,-6.9,9.787,4.783
6lu7_idAAEDgen1,-6.8,25.791,20.136
6lu7_idAAEDgen1,-6.8,5.707,3.251
6lu7_idAAEDgen1,-6.8,24.661,19.693
6lu7_idAAEDgen1,-6.7,25.835,19.996
6lu7_idAAEEgen1,-9.5,0.0,0.0
6lu7_idAAEEgen1,-9.1,26.593,21.284
6lu7_idAAEEgen1,-8.7,25.977,21.361
6lu7_idAAEEgen1,-8.7,22.967,19.737
6lu7_idAAEEgen1,-8.7,23.289,20.716
6lu7_idAAEEgen1,-8.7,25.062,21.966
6lu7_idAAEEgen1,-8.5,22.011,19.797
6lu7_idAAEEgen1,-8.4,11.614,4.196
6lu7_idAAEEgen1,-8.3,26.723,21.682
6lu7_idAAEGgen1,-7.2,0.0,0.0
6lu7_idAAEGgen1,-6.9,3.003,2.183
6lu7_idAAEGgen1,-6.7,26.338,21.916
6lu7_idAAEGgen1,-6.7,5.81,2.123
6lu7_idAAEGgen1,-6.6,5.537,2.83
6lu7_idAAEGgen1,-6.5,41.672,37.482
6lu7_idAAEGgen1,-6.2,5.672,3.58
6lu7_idAAEGgen1,-6.2,41.873,38.332
6lu7_idAAEGgen1,-5.9,3.44,2.069
6lu7_idAAEHgen1,-10.0,0.0,0.0
6lu7_idAAEHgen1,-9.9,15.783,13.303
6lu7_idAAEHgen1,-9.7,25.86,20.427
6lu7_idAAEHgen1,-9.6,15.756,11.445
6lu7_idAAEHgen1,-9.5,16.614,12.129
6lu7_idAAEHgen1,-9.3,6.804,1.948
6lu7_idAAEHgen1,-9.2,25.282,20.604
6lu7_idAAEHgen1,-9.2,27.421,21.134
6lu7_idAAEHgen1,-9.0,22.957,21.14
6lu7_idAAEIgen1,-6.7,0.0,0.0
6lu7_idAAEIgen1,-5.6,5.541,2.976
6lu7_idAAEIgen1,-5.6,18.178,16.197
6lu7_idAAEIgen1,-5.6,13.928,10.682
6lu7_idAAEIgen1,-5.6,19.559,17.526
6lu7_idAAEIgen1,-5.5,4.606,3.073
6lu7_idAAEIgen1,-5.5,18.72,16.589
6lu7_idAAEIgen1,-5.3,24.846,22.836
6lu7_idAAEIgen1,-5.3,2.166,1.539
6lu7_idAAEJgen1,-9.0,0.0,0.0
6lu7_idAAEJgen1,-8.8,33.18,28.345
6lu7_idAAEJgen1,-8.7,39.692,35.881
6lu7_idAAEJgen1,-8.5,35.814,32.301
6lu7_idAAEJgen1,-8.4,34.818,32.693
6lu7_idAAEJgen1,-8.3,39.928,36.225
6lu7_idAAEJgen1,-8.0,41.573,38.205
6lu7_idAAEJgen1,-8.0,20.55,18.353
6lu7_idAAEJgen1,-7.9,44.48,40.316
6lu7_idAAEKgen1,-10.3,0.0,0.0
6lu7_idAAEKgen1,-10.2,7.688,2.076
6lu7_idAAEKgen1,-10.1,7.067,2.151
6lu7_idAAEKgen1,-10.0,7.085,2.309
6lu7_idAAEKgen1,-9.9,7.383,2.137
6lu7_idAAEKgen1,-9.7,7.924,2.948
6lu7_idAAEKgen1,-9.6,15.076,12.043
6lu7_idAAEKgen1,-9.5,10.445,5.449
6lu7_idAAEKgen1,-9.1,10.666,2.59
6lu7_idAAELgen1,-6.2,0.0,0.0
6lu7_idAAELgen1,-6.0,34.589,32.627
6lu7_idAAELgen1,-5.7,24.094,20.504
6lu7_idAAELgen1,-5.7,27.03,24.196
6lu7_idAAELgen1,-5.6,28.854,25.427
6lu7_idAAELgen1,-5.6,35.017,32.366
6lu7_idAAELgen1,-5.5,25.099,22.287
6lu7_idAAELgen1,-5.5,26.656,23.743
6lu7_idAAELgen1,-5.5,2.434,2.164
6lu7_idAAEMgen1,-5.6,0.0,0.0
6lu7_idAAEMgen1,-5.5,26.757,24.135
6lu7_idAAEMgen1,-5.3,3.023,2.181
6lu7_idAAEMgen1,-5.3,1.617,1.153
6lu7_idAAEMgen1,-5.2,3.18,1.928
6lu7_idAAEMgen1,-5.2,2.432,1.739
6lu7_idAAEMgen1,-5.2,2.856,1.805
6lu7_idAAEMgen1,-5.2,26.383,24.082
6lu7_idAAEMgen1,-5.2,2.0,1.375
6lu7_idAAENgen1,-10.2,0.0,0.0
6lu7_idAAENgen1,-9.8,2.292,1.721
6lu7_idAAENgen1,-9.6,24.283,19.628
6lu7_idAAENgen1,-9.4,24.6,21.941
6lu7_idAAENgen1,-9.4,3.438,2.287
6lu7_idAAENgen1,-9.0,6.656,2.984
6lu7_idAAENgen1,-8.8,2.113,1.693
6lu7_idAAENgen1,-8.7,24.464,20.787
6lu7_idAAENgen1,-8.6,24.627,22.294
6lu7_idAAEOgen1,-9.1,0.0,0.0
6lu7_idAAEOgen1,-8.7,7.516,2.971
6lu7_idAAEOgen1,-8.7,4.47,3.09
6lu7_idAAEOgen1,-8.7,7.343,3.505
6lu7_idAAEOgen1,-8.3,22.337,20.005
6lu7_idAAEOgen1,-8.3,24.948,23.836
6lu7_idAAEOgen1,-8.2,5.974,2.323
6lu7_idAAEOgen1,-8.1,30.605,26.145
6lu7_idAAEOgen1,-8.0,25.203,22.371
6lu7_idAAEPgen1,-10.2,0.0,0.0
6lu7_idAAEPgen1,-9.6,9.413,4.498
6lu7_idAAEPgen1,-9.5,12.375,5.049
6lu7_idAAEPgen1,-9.4,12.285,4.793
6lu7_idAAEPgen1,-9.4,15.545,9.506
6lu7_idAAEPgen1,-9.4,12.611,4.845
6lu7_idAAEPgen1,-9.3,11.664,6.713
6lu7_idAAEPgen1,-8.9,12.978,7.538
6lu7_idAAEPgen1,-8.9,12.569,6.541
6lu7_idAAEQgen1,-7.6,0.0,0.0
6lu7_idAAEQgen1,-7.6,22.129,19.005
6lu7_idAAEQgen1,-7.5,20.908,18.878
6lu7_idAAEQgen1,-7.2,22.544,19.204
6lu7_idAAEQgen1,-7.1,6.696,2.364
6lu7_idAAEQgen1,-7.1,8.568,3.842
6lu7_idAAEQgen1,-6.8,28.766,24.342
6lu7_idAAEQgen1,-6.7,9.286,4.5
6lu7_idAAEQgen1,-6.6,21.328,18.307
6lu7_idAAERgen1,-9.7,0.0,0.0
6lu7_idAAERgen1,-9.7,21.324,15.752
6lu7_idAAERgen1,-8.8,24.806,19.29
6lu7_idAAERgen1,-8.8,24.811,16.468
6lu7_idAAERgen1,-8.7,33.696,31.186
6lu7_idAAERgen1,-8.5,26.831,24.32
6lu7_idAAERgen1,-8.5,10.571,2.456
6lu7_idAAERgen1,-8.2,37.477,35.362
6lu7_idAAERgen1,-8.2,33.381,30.656
6lu7_idAAESgen1,-7.3,0.0,0.0
6lu7_idAAESgen1,-7.2,2.556,1.373
6lu7_idAAESgen1,-6.9,6.952,3.8
6lu7_idAAESgen1,-6.8,7.815,4.687
6lu7_idAAESgen1,-6.7,5.149,2.973
6lu7_idAAESgen1,-6.6,7.024,3.145
6lu7_idAAESgen1,-6.5,6.196,3.255
6lu7_idAAESgen1,-6.5,3.489,2.528
6lu7_idAAESgen1,-6.5,3.127,2.224
6lu7_idAAETgen1,-9.2,0.0,0.0
6lu7_idAAETgen1,-9.1,2.228,1.825
6lu7_idAAETgen1,-8.9,8.277,4.25
6lu7_idAAETgen1,-8.7,21.117,17.264
6lu7_idAAETgen1,-8.7,20.797,17.254
6lu7_idAAETgen1,-8.7,20.942,17.306
6lu7_idAAETgen1,-8.5,11.819,2.721
6lu7_idAAETgen1,-8.3,30.175,26.813
6lu7_idAAETgen1,-8.2,38.527,32.934
6lu7_idAAEUgen1,-7.9,0.0,0.0
6lu7_idAAEUgen1,-7.4,19.438,15.299
6lu7_idAAEUgen1,-7.2,24.656,22.603
6lu7_idAAEUgen1,-7.1,2.158,1.093
6lu7_idAAEUgen1,-7.0,8.082,1.63
6lu7_idAAEUgen1,-7.0,4.711,2.664
6lu7_idAAEUgen1,-6.9,5.122,2.792
6lu7_idAAEUgen1,-6.9,4.531,2.819
6lu7_idAAEUgen1,-6.8,26.852,23.833
6lu7_idAAEVgen1,-9.1,0.0,0.0
6lu7_idAAEVgen1,-9.0,21.068,17.951
6lu7_idAAEVgen1,-8.6,7.163,5.547
6lu7_idAAEVgen1,-8.5,36.699,33.736
6lu7_idAAEVgen1,-8.5,3.204,2.067
6lu7_idAAEVgen1,-8.5,6.643,3.618
6lu7_idAAEVgen1,-8.3,35.214,32.088
6lu7_idAAEVgen1,-8.3,20.947,18.862
6lu7_idAAEVgen1,-8.2,2.048,1.792
6lu7_idAAEWgen1,-7.1,0.0,0.0
6lu7_idAAEWgen1,-7.0,2.808,2.07
6lu7_idAAEWgen1,-6.7,31.239,28.494
6lu7_idAAEWgen1,-6.6,5.631,3.702
6lu7_idAAEWgen1,-6.4,19.975,17.85
6lu7_idAAEWgen1,-6.3,8.19,5.969
6lu7_idAAEWgen1,-6.3,8.218,4.754
6lu7_idAAEWgen1,-6.2,32.522,29.729
6lu7_idAAEWgen1,-6.2,22.518,19.938
6lu7_idAAEXgen1,-7.8,0.0,0.0
6lu7_idAAEXgen1,-7.7,5.312,3.946
6lu7_idAAEXgen1,-7.4,10.015,5.628
6lu7_idAAEXgen1,-7.3,5.136,3.718
6lu7_idAAEXgen1,-7.2,5.824,3.994
6lu7_idAAEXgen1,-7.1,1.901,1.346
6lu7_idAAEXgen1,-7.1,26.169,23.439
6lu7_idAAEXgen1,-7.1,27.291,24.395
6lu7_idAAEXgen1,-7.1,4.054,2.38
6lu7_idAAEYgen1,-6.6,0.0,0.0
6lu7_idAAEYgen1,-6.5,31.774,28.692
6lu7_idAAEYgen1,-6.4,9.805,7.084
6lu7_idAAEYgen1,-6.4,8.515,3.277
6lu7_idAAEYgen1,-6.4,9.502,6.663
6lu7_idAAEYgen1,-6.4,13.37,10.785
6lu7_idAAEYgen1,-6.3,13.368,10.645
6lu7_idAAEYgen1,-6.1,9.001,3.499
6lu7_idAAEYgen1,-6.1,9.939,7.515
6lu7_idAAEZgen1,-6.5,0.0,0.0
6lu7_idAAEZgen1,-6.3,3.619,1.386
6lu7_idAAEZgen1,-6.2,17.071,14.245
6lu7_idAAEZgen1,-5.8,3.692,2.621
6lu7_idAAEZgen1,-5.8,16.315,13.821
6lu7_idAAEZgen1,-5.7,5.055,2.301
6lu7_idAAEZgen1,-5.6,17.553,14.845
6lu7_idAAEZgen1,-5.6,27.374,24.372
6lu7_idAAEZgen1,-5.6,29.552,26.085
6lu7_idAAFAgen1,-6.6,0.0,0.0
6lu7_idAAFAgen1,-6.4,23.838,21.542
6lu7_idAAFAgen1,-6.3,4.426,2.592
6lu7_idAAFAgen1,-6.3,24.311,21.517
6lu7_idAAFAgen1,-6.0,21.333,19.089
6lu7_idAAFAgen1,-5.9,25.129,22.473
6lu7_idAAFAgen1,-5.9,8.8,4.023
6lu7_idAAFAgen1,-5.8,28.193,25.107
6lu7_idAAFAgen1,-5.7,6.525,2.95
6lu7_idAAFBgen1,-6.0,0.0,0.0
6lu7_idAAFBgen1,-6.0,25.261,24.171
6lu7_idAAFBgen1,-5.9,34.979,33.119
6lu7_idAAFBgen1,-5.8,21.807,20.294
6lu7_idAAFBgen1,-5.8,35.205,33.515
6lu7_idAAFBgen1,-5.8,35.123,33.444
6lu7_idAAFBgen1,-5.8,34.856,33.13
6lu7_idAAFBgen1,-5.8,25.637,24.24
6lu7_idAAFBgen1,-5.5,26.075,24.729
6lu7_idAAFCgen1,-6.2,0.0,0.0
6lu7_idAAFCgen1,-5.7,25.102,22.39
6lu7_idAAFCgen1,-5.6,27.646,23.128
6lu7_idAAFCgen1,-5.6,25.038,20.805
6lu7_idAAFCgen1,-5.6,2.768,1.679
6lu7_idAAFCgen1,-5.5,2.126,1.547
6lu7_idAAFCgen1,-5.5,8.376,3.726
6lu7_idAAFCgen1,-5.4,9.119,3.18
6lu7_idAAFCgen1,-5.4,6.66,2.739
6lu7_idAAFDgen1,-5.7,0.0,0.0
6lu7_idAAFDgen1,-5.6,2.641,1.384
6lu7_idAAFDgen1,-5.3,26.992,25.494
6lu7_idAAFDgen1,-5.2,23.463,21.894
6lu7_idAAFDgen1,-5.0,6.024,2.498
6lu7_idAAFDgen1,-5.0,22.684,21.181
6lu7_idAAFDgen1,-5.0,5.862,4.958
6lu7_idAAFDgen1,-4.9,23.89,22.359
6lu7_idAAFDgen1,-4.8,26.64,23.485
6lu7_idAAFEgen1,-7.4,0.0,0.0
6lu7_idAAFEgen1,-7.2,22.506,19.493
6lu7_idAAFEgen1,-7.1,8.32,2.789
6lu7_idAAFEgen1,-6.8,5.236,2.923
6lu7_idAAFEgen1,-6.8,25.734,21.618
6lu7_idAAFEgen1,-6.6,24.147,20.037
6lu7_idAAFEgen1,-6.6,23.176,19.441
6lu7_idAAFEgen1,-6.6,6.385,2.526
6lu7_idAAFEgen1,-6.6,38.816,36.725
6lu7_idAAFFgen1,-9.0,0.0,0.0
6lu7_idAAFFgen1,-8.6,2.727,2.175
6lu7_idAAFFgen1,-8.6,8.448,2.512
6lu7_idAAFFgen1,-8.5,7.54,2.681
6lu7_idAAFFgen1,-8.4,18.321,9.941
6lu7_idAAFFgen1,-8.4,3.381,2.706
6lu7_idAAFFgen1,-8.4,24.218,19.953
6lu7_idAAFFgen1,-8.4,6.663,2.359
6lu7_idAAFFgen1,-8.3,7.051,3.071
6lu7_idAAFGgen1,-6.7,0.0,0.0
6lu7_idAAFGgen1,-6.6,7.442,3.247
6lu7_idAAFGgen1,-6.5,23.677,21.753
6lu7_idAAFGgen1,-6.4,7.459,3.004
6lu7_idAAFGgen1,-6.3,34.664,30.161
6lu7_idAAFGgen1,-6.3,24.783,21.944
6lu7_idAAFGgen1,-6.2,7.405,4.246
6lu7_idAAFGgen1,-6.0,25.796,22.238
6lu7_idAAFGgen1,-5.8,17.537,15.575
6lu7_idAAFHgen1,-6.9,0.0,0.0
6lu7_idAAFHgen1,-6.8,13.297,9.46
6lu7_idAAFHgen1,-6.8,17.944,15.916
6lu7_idAAFHgen1,-6.8,40.137,36.521
6lu7_idAAFHgen1,-6.8,1.81,1.273
6lu7_idAAFHgen1,-6.5,17.52,14.645
6lu7_idAAFHgen1,-6.5,4.445,2.475
6lu7_idAAFHgen1,-6.5,20.224,16.625
6lu7_idAAFHgen1,-6.5,24.303,21.186
6lu7_idAAFJgen1,-7.0,0.0,0.0
6lu7_idAAFJgen1,-7.0,31.106,27.745
6lu7_idAAFJgen1,-6.8,21.663,18.528
6lu7_idAAFJgen1,-6.8,6.916,2.151
6lu7_idAAFJgen1,-6.7,7.459,2.208
6lu7_idAAFJgen1,-6.7,21.517,18.609
6lu7_idAAFJgen1,-6.6,19.306,13.9
6lu7_idAAFJgen1,-6.6,21.571,18.562
6lu7_idAAFJgen1,-6.6,7.804,1.889
6lu7_idAAFKgen1,-8.3,0.0,0.0
6lu7_idAAFKgen1,-8.0,7.347,2.199
6lu7_idAAFKgen1,-7.7,23.122,19.761
6lu7_idAAFKgen1,-7.6,22.654,19.243
6lu7_idAAFKgen1,-7.6,23.45,19.12
6lu7_idAAFKgen1,-7.5,23.256,19.385
6lu7_idAAFKgen1,-7.4,7.32,2.406
6lu7_idAAFKgen1,-7.3,5.824,2.023
6lu7_idAAFKgen1,-7.3,6.343,2.339
6lu7_idAAFLgen1,-6.8,0.0,0.0
6lu7_idAAFLgen1,-6.7,14.02,9.318
6lu7_idAAFLgen1,-6.5,30.361,28.348
6lu7_idAAFLgen1,-6.4,20.903,18.655
6lu7_idAAFLgen1,-6.3,21.661,18.146
6lu7_idAAFLgen1,-6.3,31.001,28.202
6lu7_idAAFLgen1,-6.2,6.864,4.443
6lu7_idAAFLgen1,-6.2,30.416,28.372
6lu7_idAAFLgen1,-6.1,31.148,28.626
6lu7_idAAFMgen1,-6.8,0.0,0.0
6lu7_idAAFMgen1,-6.8,3.78,2.595
6lu7_idAAFMgen1,-6.7,23.86,20.632
6lu7_idAAFMgen1,-6.7,7.668,4.416
6lu7_idAAFMgen1,-6.7,23.509,20.267
6lu7_idAAFMgen1,-6.6,5.213,2.807
6lu7_idAAFMgen1,-6.6,2.855,1.872
6lu7_idAAFMgen1,-6.5,24.746,21.08
6lu7_idAAFMgen1,-6.5,23.213,19.268
6lu7_idAAFNgen1,-7.6,0.0,0.0
6lu7_idAAFNgen1,-7.4,9.888,2.633
6lu7_idAAFNgen1,-7.3,16.795,15.573
6lu7_idAAFNgen1,-7.2,17.404,15.969
6lu7_idAAFNgen1,-7.0,8.088,4.489
6lu7_idAAFNgen1,-6.7,30.659,28.671
6lu7_idAAFNgen1,-6.7,17.059,15.853
6lu7_idAAFNgen1,-6.7,9.844,2.531
6lu7_idAAFNgen1,-6.6,18.448,16.421
6lu7_idAAFOgen1,-10.1,0.0,0.0
6lu7_idAAFOgen1,-9.9,16.796,10.287
6lu7_idAAFOgen1,-9.5,36.982,33.195
6lu7_idAAFOgen1,-9.4,27.943,24.349
6lu7_idAAFOgen1,-9.4,11.499,3.153
6lu7_idAAFOgen1,-9.4,10.892,2.242
6lu7_idAAFOgen1,-9.4,27.137,20.286
6lu7_idAAFOgen1,-9.4,38.167,33.79
6lu7_idAAFOgen1,-9.3,28.518,27.706
6lu7_idAAFPgen1,-7.1,0.0,0.0
6lu7_idAAFPgen1,-6.8,20.515,17.774
6lu7_idAAFPgen1,-6.7,10.096,5.562
6lu7_idAAFPgen1,-6.7,21.018,18.092
6lu7_idAAFPgen1,-6.5,23.751,19.815
6lu7_idAAFPgen1,-6.4,20.158,17.675
6lu7_idAAFPgen1,-6.4,10.378,5.518
6lu7_idAAFPgen1,-6.4,10.383,5.664
6lu7_idAAFPgen1,-6.3,37.702,36.171
6lu7_idAAFQgen1,-8.2,0.0,0.0
6lu7_idAAFQgen1,-8.0,8.774,4.339
6lu7_idAAFQgen1,-8.0,8.723,4.244
6lu7_idAAFQgen1,-7.7,19.449,17.858
6lu7_idAAFQgen1,-7.6,10.021,7.859
6lu7_idAAFQgen1,-7.5,21.359,19.722
6lu7_idAAFQgen1,-7.4,10.1,5.222
6lu7_idAAFQgen1,-7.3,21.855,20.488
6lu7_idAAFQgen1,-7.1,22.258,19.772
6lu7_idAAFRgen1,-6.7,0.0,0.0
6lu7_idAAFRgen1,-6.6,8.466,3.089
6lu7_idAAFRgen1,-6.6,5.247,1.85
6lu7_idAAFRgen1,-6.6,6.798,3.133
6lu7_idAAFRgen1,-6.6,7.671,2.703
6lu7_idAAFRgen1,-6.5,23.469,19.812
6lu7_idAAFRgen1,-6.4,22.439,17.587
6lu7_idAAFRgen1,-6.4,22.638,19.327
6lu7_idAAFRgen1,-6.2,10.603,5.727
6lu7_idAAFSgen1,-9.7,0.0,0.0
6lu7_idAAFSgen1,-9.3,25.282,21.146
6lu7_idAAFSgen1,-9.3,5.93,1.68
6lu7_idAAFSgen1,-9.3,5.889,1.32
6lu7_idAAFSgen1,-9.2,6.342,1.876
6lu7_idAAFSgen1,-9.1,8.894,3.136
6lu7_idAAFSgen1,-9.1,26.147,22.529
6lu7_idAAFSgen1,-9.0,25.207,22.368
6lu7_idAAFSgen1,-9.0,8.728,2.971
6lu7_idAAFTgen1,-7.9,0.0,0.0
6lu7_idAAFTgen1,-7.9,2.263,0.045
6lu7_idAAFTgen1,-7.8,4.492,1.736
6lu7_idAAFTgen1,-7.8,3.798,1.743
6lu7_idAAFTgen1,-7.3,3.86,1.345
6lu7_idAAFTgen1,-7.1,2.977,1.658
6lu7_idAAFTgen1,-6.9,24.095,20.592
6lu7_idAAFTgen1,-6.9,24.066,20.607
6lu7_idAAFTgen1,-6.7,31.497,28.713
6lu7_idAAFUgen1,-7.6,0.0,0.0
6lu7_idAAFUgen1,-7.1,24.507,20.519
6lu7_idAAFUgen1,-7.1,26.8,23.26
6lu7_idAAFUgen1,-7.0,25.743,22.079
6lu7_idAAFUgen1,-7.0,10.098,3.814
6lu7_idAAFUgen1,-7.0,22.823,19.107
6lu7_idAAFUgen1,-7.0,25.842,22.461
6lu7_idAAFUgen1,-7.0,6.931,4.129
6lu7_idAAFUgen1,-6.9,23.224,20.835
6lu7_idAAFWgen1,-5.7,0.0,0.0
6lu7_idAAFWgen1,-5.7,3.999,2.21
6lu7_idAAFWgen1,-5.5,5.876,2.896
6lu7_idAAFWgen1,-5.3,4.93,2.233
6lu7_idAAFWgen1,-5.2,5.377,3.019
6lu7_idAAFWgen1,-5.2,6.56,3.739
6lu7_idAAFWgen1,-5.0,10.263,6.924
6lu7_idAAFWgen1,-5.0,7.368,4.101
6lu7_idAAFWgen1,-5.0,5.51,3.465
6lu7_idAAFXgen1,-7.3,0.0,0.0
6lu7_idAAFXgen1,-7.2,4.282,1.432
6lu7_idAAFXgen1,-7.0,2.427,1.513
6lu7_idAAFXgen1,-6.9,2.413,1.748
6lu7_idAAFXgen1,-6.9,23.046,20.232
6lu7_idAAFXgen1,-6.8,22.779,19.872
6lu7_idAAFXgen1,-6.8,22.657,20.206
6lu7_idAAFXgen1,-6.7,5.991,4.236
6lu7_idAAFXgen1,-6.6,31.279,29.066
6lu7_idAAFYgen1,-6.7,0.0,0.0
6lu7_idAAFYgen1,-6.7,28.186,24.478
6lu7_idAAFYgen1,-6.7,27.86,24.071
6lu7_idAAFYgen1,-6.3,4.793,2.41
6lu7_idAAFYgen1,-6.3,5.256,2.57
6lu7_idAAFYgen1,-6.2,2.789,1.812
6lu7_idAAFYgen1,-6.1,5.111,2.868
6lu7_idAAFYgen1,-6.0,5.721,2.475
6lu7_idAAFYgen1,-6.0,32.595,30.759
6lu7_idAAFZgen1,-11.8,0.0,0.0
6lu7_idAAFZgen1,-11.8,18.495,15.871
6lu7_idAAFZgen1,-11.6,35.61,30.175
6lu7_idAAFZgen1,-11.5,20.325,14.117
6lu7_idAAFZgen1,-11.5,8.546,1.799
6lu7_idAAFZgen1,-11.4,35.888,30.223
6lu7_idAAFZgen1,-11.1,20.451,13.962
6lu7_idAAFZgen1,-11.0,20.407,13.798
6lu7_idAAFZgen1,-10.8,20.547,15.805
6lu7_idAAGAgen1,-6.2,0.0,0.0
6lu7_idAAGAgen1,-5.9,3.566,1.667
6lu7_idAAGAgen1,-5.8,26.049,23.638
6lu7_idAAGAgen1,-5.6,3.03,1.193
6lu7_idAAGAgen1,-5.6,7.801,3.835
6lu7_idAAGAgen1,-5.5,8.612,2.415
6lu7_idAAGAgen1,-5.5,34.65,30.051
6lu7_idAAGAgen1,-5.4,33.574,29.726
6lu7_idAAGAgen1,-5.4,18.542,14.683
6lu7_idAAGBgen1,-7.6,0.0,0.0
6lu7_idAAGBgen1,-7.5,9.412,2.114
6lu7_idAAGBgen1,-7.2,4.689,2.92
6lu7_idAAGBgen1,-7.1,6.04,2.16
6lu7_idAAGBgen1,-7.1,6.3,2.721
6lu7_idAAGBgen1,-7.0,7.802,3.289
6lu7_idAAGBgen1,-7.0,9.861,2.173
6lu7_idAAGBgen1,-7.0,8.344,2.501
6lu7_idAAGBgen1,-6.9,3.34,2.315
6lu7_idAAGDgen1,-8.7,0.0,0.0
6lu7_idAAGDgen1,-8.6,10.454,5.571
6lu7_idAAGDgen1,-7.8,12.868,8.419
6lu7_idAAGDgen1,-7.7,10.571,5.784
6lu7_idAAGDgen1,-7.6,7.455,4.733
6lu7_idAAGDgen1,-7.6,21.747,19.609
6lu7_idAAGDgen1,-7.6,29.212,25.879
6lu7_idAAGDgen1,-7.5,29.165,25.599
6lu7_idAAGDgen1,-7.5,30.177,26.005
6lu7_idAAGEgen1,-8.3,0.0,0.0
6lu7_idAAGEgen1,-7.8,14.809,12.502
6lu7_idAAGEgen1,-7.8,17.023,15.109
6lu7_idAAGEgen1,-7.7,11.066,3.508
6lu7_idAAGEgen1,-7.6,16.543,14.032
6lu7_idAAGEgen1,-7.6,18.045,15.005
6lu7_idAAGEgen1,-7.6,23.194,21.102
6lu7_idAAGEgen1,-7.3,12.328,8.769
6lu7_idAAGEgen1,-7.3,10.377,6.963
6lu7_idAAGFgen1,-6.5,0.0,0.0
6lu7_idAAGFgen1,-6.3,4.294,3.543
6lu7_idAAGFgen1,-6.2,2.129,1.717
6lu7_idAAGFgen1,-6.1,5.594,4.142
6lu7_idAAGFgen1,-5.9,3.079,2.206
6lu7_idAAGFgen1,-5.9,3.147,1.888
6lu7_idAAGFgen1,-5.8,13.828,11.329
6lu7_idAAGFgen1,-5.8,24.147,21.892
6lu7_idAAGFgen1,-5.7,42.02,40.012
6lu7_idAAGGgen1,-6.1,0.0,0.0
6lu7_idAAGGgen1,-6.1,25.591,22.404
6lu7_idAAGGgen1,-6.0,9.511,1.888
6lu7_idAAGGgen1,-6.0,20.484,17.331
6lu7_idAAGGgen1,-6.0,9.068,2.54
6lu7_idAAGGgen1,-6.0,25.529,22.402
6lu7_idAAGGgen1,-5.9,9.617,2.536
6lu7_idAAGGgen1,-5.9,19.028,15.151
6lu7_idAAGGgen1,-5.8,9.756,2.973
6lu7_idAAGHgen1,-6.6,0.0,0.0
6lu7_idAAGHgen1,-6.5,2.439,1.67
6lu7_idAAGHgen1,-6.5,4.199,2.718
6lu7_idAAGHgen1,-6.5,4.695,3.722
6lu7_idAAGHgen1,-6.4,5.274,4.358
6lu7_idAAGHgen1,-6.4,19.972,16.651
6lu7_idAAGHgen1,-6.2,5.052,4.073
6lu7_idAAGHgen1,-6.2,5.554,4.081
6lu7_idAAGHgen1,-6.2,3.525,3.119
6lu7_idAAGIgen1,-8.5,0.0,0.0
6lu7_idAAGIgen1,-8.1,8.902,5.648
6lu7_idAAGIgen1,-8.1,23.948,22.168
6lu7_idAAGIgen1,-8.1,8.915,4.485
6lu7_idAAGIgen1,-8.0,24.707,22.533
6lu7_idAAGIgen1,-8.0,27.301,25.075
6lu7_idAAGIgen1,-8.0,9.17,4.064
6lu7_idAAGIgen1,-8.0,9.052,4.913
6lu7_idAAGIgen1,-7.8,10.692,6.371
6lu7_idAAGJgen1,-7.9,0.0,0.0
6lu7_idAAGJgen1,-7.8,24.12,21.291
6lu7_idAAGJgen1,-7.5,9.438,4.974
6lu7_idAAGJgen1,-7.3,9.684,4.981
6lu7_idAAGJgen1,-7.2,8.799,5.021
6lu7_idAAGJgen1,-7.1,24.523,20.5
6lu7_idAAGJgen1,-7.1,24.107,20.125
6lu7_idAAGJgen1,-7.0,9.488,4.737
6lu7_idAAGJgen1,-6.9,9.508,5.127
6lu7_idAAGKgen1,-7.6,0.0,0.0
6lu7_idAAGKgen1,-7.6,6.52,3.207
6lu7_idAAGKgen1,-7.5,2.362,1.388
6lu7_idAAGKgen1,-7.1,15.681,12.204
6lu7_idAAGKgen1,-7.1,8.515,4.07
6lu7_idAAGKgen1,-7.1,23.312,17.022
6lu7_idAAGKgen1,-7.0,7.175,2.639
6lu7_idAAGKgen1,-6.9,26.101,21.649
6lu7_idAAGKgen1,-6.9,38.062,36.017
6lu7_idAAGLgen1,-7.7,0.0,0.0
6lu7_idAAGLgen1,-7.2,26.462,23.083
6lu7_idAAGLgen1,-7.1,25.773,21.626
6lu7_idAAGLgen1,-7.0,26.214,22.757
6lu7_idAAGLgen1,-7.0,8.182,3.0
6lu7_idAAGLgen1,-6.9,7.952,6.695
6lu7_idAAGLgen1,-6.9,24.756,21.783
6lu7_idAAGLgen1,-6.9,8.384,2.938
6lu7_idAAGLgen1,-6.9,27.667,23.722
6lu7_idAAGMgen1,-7.8,0.0,0.0
6lu7_idAAGMgen1,-7.8,2.102,1.517
6lu7_idAAGMgen1,-7.4,28.517,23.765
6lu7_idAAGMgen1,-7.4,27.203,22.94
6lu7_idAAGMgen1,-7.3,11.813,9.482
6lu7_idAAGMgen1,-7.2,30.768,29.276
6lu7_idAAGMgen1,-7.2,29.058,24.896
6lu7_idAAGMgen1,-7.0,29.718,25.466
6lu7_idAAGMgen1,-6.9,20.533,16.62
6lu7_idAAGNgen1,-6.5,0.0,0.0
6lu7_idAAGNgen1,-6.2,31.316,24.78
6lu7_idAAGNgen1,-6.2,7.842,5.493
6lu7_idAAGNgen1,-6.0,5.564,3.243
6lu7_idAAGNgen1,-6.0,13.12,4.568
6lu7_idAAGNgen1,-6.0,23.029,20.33
6lu7_idAAGNgen1,-5.9,22.183,19.708
6lu7_idAAGNgen1,-5.9,14.82,6.065
6lu7_idAAGNgen1,-5.9,22.494,20.201
6lu7_idAAGOgen1,-7.4,0.0,0.0
6lu7_idAAGOgen1,-7.1,22.636,19.045
6lu7_idAAGOgen1,-7.0,23.236,19.534
6lu7_idAAGOgen1,-6.9,24.668,21.96
6lu7_idAAGOgen1,-6.8,21.847,19.284
6lu7_idAAGOgen1,-6.8,26.974,22.511
6lu7_idAAGOgen1,-6.8,6.645,2.161
6lu7_idAAGOgen1,-6.7,23.491,19.72
6lu7_idAAGOgen1,-6.6,23.802,20.712
6lu7_idAAGPgen1,-6.2,0.0,0.0
6lu7_idAAGPgen1,-6.2,23.899,21.219
6lu7_idAAGPgen1,-6.2,24.577,21.341
6lu7_idAAGPgen1,-6.2,24.353,21.232
6lu7_idAAGPgen1,-6.0,24.166,22.603
6lu7_idAAGPgen1,-5.9,24.169,20.862
6lu7_idAAGPgen1,-5.9,32.321,27.696
6lu7_idAAGPgen1,-5.8,25.019,22.499
6lu7_idAAGPgen1,-5.8,4.39,2.091
6lu7_idAAGQgen1,-7.2,0.0,0.0
6lu7_idAAGQgen1,-6.5,26.227,22.622
6lu7_idAAGQgen1,-6.4,31.458,28.589
6lu7_idAAGQgen1,-6.4,31.233,28.701
6lu7_idAAGQgen1,-6.4,8.13,3.351
6lu7_idAAGQgen1,-6.2,31.883,28.677
6lu7_idAAGQgen1,-6.2,4.897,2.37
6lu7_idAAGQgen1,-6.2,31.529,28.548
6lu7_idAAGQgen1,-6.1,6.781,2.705
6lu7_idAAGRgen1,-7.4,0.0,0.0
6lu7_idAAGRgen1,-7.1,32.493,29.568
6lu7_idAAGRgen1,-7.1,40.68,38.476
6lu7_idAAGRgen1,-7.0,29.579,27.165
6lu7_idAAGRgen1,-6.9,40.354,38.161
6lu7_idAAGRgen1,-6.6,33.511,30.705
6lu7_idAAGRgen1,-6.6,32.609,30.012
6lu7_idAAGRgen1,-6.5,35.699,34.195
6lu7_idAAGRgen1,-6.5,5.299,3.884
6lu7_idAAGSgen1,-7.5,0.0,0.0
6lu7_idAAGSgen1,-6.7,3.932,2.284
6lu7_idAAGSgen1,-6.5,4.076,2.554
6lu7_idAAGSgen1,-6.3,7.053,4.371
6lu7_idAAGSgen1,-6.3,6.81,4.317
6lu7_idAAGSgen1,-6.2,2.934,1.999
6lu7_idAAGSgen1,-6.2,29.645,28.124
6lu7_idAAGSgen1,-6.1,33.808,31.764
6lu7_idAAGSgen1,-6.1,5.881,3.669
6lu7_idAAGTgen1,-9.6,0.0,0.0
6lu7_idAAGTgen1,-9.6,8.317,3.252
6lu7_idAAGTgen1,-9.5,7.418,3.66
6lu7_idAAGTgen1,-9.0,7.928,4.052
6lu7_idAAGTgen1,-8.9,25.216,20.812
6lu7_idAAGTgen1,-8.7,8.737,3.326
6lu7_idAAGTgen1,-8.6,7.603,3.195
6lu7_idAAGTgen1,-8.5,14.833,8.03
6lu7_idAAGTgen1,-8.5,21.328,16.495
6lu7_idAAGUgen1,-10.0,0.0,0.0
6lu7_idAAGUgen1,-9.3,40.281,37.003
6lu7_idAAGUgen1,-9.1,38.025,34.643
6lu7_idAAGUgen1,-8.9,34.125,31.411
6lu7_idAAGUgen1,-8.8,37.979,34.333
6lu7_idAAGUgen1,-8.8,53.811,51.095
6lu7_idAAGUgen1,-8.7,39.986,37.793
6lu7_idAAGUgen1,-8.6,44.658,41.091
6lu7_idAAGUgen1,-8.5,40.543,37.768
6lu7_idAAGVgen1,-7.3,0.0,0.0
6lu7_idAAGVgen1,-7.2,2.786,1.685
6lu7_idAAGVgen1,-7.1,2.945,1.905
6lu7_idAAGVgen1,-7.0,10.347,3.578
6lu7_idAAGVgen1,-6.9,8.859,1.925
6lu7_idAAGVgen1,-6.9,2.087,1.212
6lu7_idAAGVgen1,-6.9,9.164,1.997
6lu7_idAAGVgen1,-6.8,9.451,1.761
6lu7_idAAGVgen1,-6.7,6.311,3.417
6lu7_idAAGWgen1,-6.8,0.0,0.0
6lu7_idAAGWgen1,-6.4,35.381,32.939
6lu7_idAAGWgen1,-6.4,29.243,25.499
6lu7_idAAGWgen1,-6.2,26.935,23.102
6lu7_idAAGWgen1,-6.2,28.408,24.196
6lu7_idAAGWgen1,-6.0,27.924,24.383
6lu7_idAAGWgen1,-6.0,34.478,31.697
6lu7_idAAGWgen1,-6.0,11.176,8.201
6lu7_idAAGWgen1,-6.0,35.651,33.501
6lu7_idAAGYgen1,-6.7,0.0,0.0
6lu7_idAAGYgen1,-6.7,4.358,1.65
6lu7_idAAGYgen1,-6.7,2.006,1.61
6lu7_idAAGYgen1,-6.5,8.882,3.052
6lu7_idAAGYgen1,-6.5,8.182,3.077
6lu7_idAAGYgen1,-6.5,7.172,4.52
6lu7_idAAGYgen1,-6.4,21.604,18.906
6lu7_idAAGYgen1,-6.4,7.932,4.264
6lu7_idAAGYgen1,-6.4,4.787,2.267
6lu7_idAAGZgen1,-7.4,0.0,0.0
6lu7_idAAGZgen1,-7.3,31.227,28.621
6lu7_idAAGZgen1,-7.1,24.99,22.04
6lu7_idAAGZgen1,-7.1,25.326,22.46
6lu7_idAAGZgen1,-7.0,30.445,25.912
6lu7_idAAGZgen1,-7.0,3.025,1.825
6lu7_idAAGZgen1,-7.0,23.709,21.458
6lu7_idAAGZgen1,-6.6,7.926,2.518
6lu7_idAAGZgen1,-6.5,32.045,27.392
6lu7_idAAHAgen1,-6.2,0.0,0.0
6lu7_idAAHAgen1,-6.1,2.024,1.437
6lu7_idAAHAgen1,-5.7,7.306,4.107
6lu7_idAAHAgen1,-5.6,24.637,20.998
6lu7_idAAHAgen1,-5.6,26.294,23.139
6lu7_idAAHAgen1,-5.6,24.593,20.163
6lu7_idAAHAgen1,-5.4,26.628,22.377
6lu7_idAAHAgen1,-5.4,22.654,19.042
6lu7_idAAHAgen1,-5.4,21.834,18.249
6lu7_idAAHBgen1,-8.0,0.0,0.0
6lu7_idAAHBgen1,-7.7,7.172,4.404
6lu7_idAAHBgen1,-7.6,23.687,21.931
6lu7_idAAHBgen1,-7.4,22.721,21.01
6lu7_idAAHBgen1,-7.4,2.833,2.39
6lu7_idAAHBgen1,-7.0,24.304,22.586
6lu7_idAAHBgen1,-6.9,23.06,21.241
6lu7_idAAHBgen1,-6.9,8.244,5.046
6lu7_idAAHBgen1,-6.9,23.702,22.037
6lu7_idAAHCgen1,-8.1,0.0,0.0
6lu7_idAAHCgen1,-7.9,54.711,52.466
6lu7_idAAHCgen1,-7.5,55.513,52.34
6lu7_idAAHCgen1,-7.5,22.813,18.437
6lu7_idAAHCgen1,-7.5,24.872,19.428
6lu7_idAAHCgen1,-7.5,25.963,20.263
6lu7_idAAHCgen1,-7.4,55.62,52.656
6lu7_idAAHCgen1,-7.3,29.817,25.923
6lu7_idAAHCgen1,-7.2,55.472,52.441
6lu7_idAAHDgen1,-5.6,0.0,0.0
6lu7_idAAHDgen1,-5.4,2.46,1.269
6lu7_idAAHDgen1,-5.4,5.189,3.524
6lu7_idAAHDgen1,-5.1,6.047,3.704
6lu7_idAAHDgen1,-5.1,24.315,21.373
6lu7_idAAHDgen1,-5.0,6.647,3.821
6lu7_idAAHDgen1,-5.0,26.718,23.784
6lu7_idAAHDgen1,-4.7,26.474,23.607
6lu7_idAAHDgen1,-4.7,28.498,25.625
6lu7_idAAHEgen1,-8.6,0.0,0.0
6lu7_idAAHEgen1,-8.6,26.219,22.634
6lu7_idAAHEgen1,-8.4,26.266,22.405
6lu7_idAAHEgen1,-8.4,6.627,3.371
6lu7_idAAHEgen1,-8.1,4.757,1.821
6lu7_idAAHEgen1,-8.1,6.194,3.309
6lu7_idAAHEgen1,-8.0,2.151,1.34
6lu7_idAAHEgen1,-7.8,6.029,3.854
6lu7_idAAHEgen1,-7.7,4.599,2.263
6lu7_idAAHFgen1,-9.8,0.0,0.0
6lu7_idAAHFgen1,-9.7,25.421,20.614
6lu7_idAAHFgen1,-9.3,25.475,20.335
6lu7_idAAHFgen1,-9.2,25.111,20.75
6lu7_idAAHFgen1,-9.2,24.063,20.223
6lu7_idAAHFgen1,-9.2,13.113,7.309
6lu7_idAAHFgen1,-9.1,13.438,10.442
6lu7_idAAHFgen1,-9.1,25.31,22.445
6lu7_idAAHFgen1,-9.1,12.86,7.528
6lu7_idAAHGgen1,-8.7,0.0,0.0
6lu7_idAAHGgen1,-8.5,6.638,3.95
6lu7_idAAHGgen1,-8.3,10.741,3.986
6lu7_idAAHGgen1,-8.2,8.608,4.702
6lu7_idAAHGgen1,-8.1,9.916,2.358
6lu7_idAAHGgen1,-8.1,31.653,27.812
6lu7_idAAHGgen1,-8.1,9.61,1.736
6lu7_idAAHGgen1,-8.1,25.922,22.619
6lu7_idAAHGgen1,-8.0,24.758,21.72
6lu7_idAAHHgen1,-6.1,0.0,0.0
6lu7_idAAHHgen1,-5.8,2.725,1.714
6lu7_idAAHHgen1,-5.3,35.129,32.612
6lu7_idAAHHgen1,-5.1,28.07,24.255
6lu7_idAAHHgen1,-5.1,5.135,3.243
6lu7_idAAHHgen1,-5.1,11.899,8.57
6lu7_idAAHHgen1,-5.1,28.608,25.24
6lu7_idAAHHgen1,-5.1,27.363,23.466
6lu7_idAAHHgen1,-5.0,25.174,22.568
6lu7_idAAHIgen1,-8.4,0.0,0.0
6lu7_idAAHIgen1,-7.9,3.249,1.601
6lu7_idAAHIgen1,-7.7,4.105,2.826
6lu7_idAAHIgen1,-7.5,8.016,5.419
6lu7_idAAHIgen1,-7.5,6.445,2.258
6lu7_idAAHIgen1,-7.4,8.046,5.504
6lu7_idAAHIgen1,-7.3,25.438,22.296
6lu7_idAAHIgen1,-7.2,25.103,21.876
6lu7_idAAHIgen1,-7.2,9.259,4.982
6lu7_idAAHJgen1,-5.9,0.0,0.0
6lu7_idAAHJgen1,-5.8,2.781,2.072
6lu7_idAAHJgen1,-5.7,35.99,32.869
6lu7_idAAHJgen1,-5.7,35.829,33.376
6lu7_idAAHJgen1,-5.7,5.243,2.525
6lu7_idAAHJgen1,-5.5,27.162,24.842
6lu7_idAAHJgen1,-5.5,35.83,32.838
6lu7_idAAHJgen1,-5.4,35.935,32.804
6lu7_idAAHJgen1,-5.3,4.832,2.71
