Ligand,Binding Affinity,rmsd/ub, rmsd/lb
6lu7_idAAAAgen2,-7.7,40.52,36.193
6lu7_idAAAAgen2,-7.7,15.481,12.47
6lu7_idAAAAgen2,-7.7,24.072,22.079
6lu7_idAAAAgen2,-8.3,7.236,2.852
6lu7_idAAAAgen2,-8.3,5.505,3.03
6lu7_idAAAAgen2,-8.3,23.537,18.892
6lu7_idAAAAgen2,-8.5,7.29,3.052
6lu7_idAAAAgen2,-8.6,2.869,1.562
6lu7_idAAAAgen2,-9.2,0.0,0.0
6lu7_idAAABgen2,-8.9,25.719,20.902
6lu7_idAAABgen2,-8.9,25.045,18.339
6lu7_idAAABgen2,-9.0,30.966,25.514
6lu7_idAAABgen2,-9.0,30.012,23.749
6lu7_idAAABgen2,-9.1,4.498,2.626
6lu7_idAAABgen2,-9.3,2.19,1.55
6lu7_idAAABgen2,-9.4,26.138,21.148
6lu7_idAAABgen2,-9.7,12.009,4.816
6lu7_idAAABgen2,-9.8,0.0,0.0
6lu7_idAAACgen2,-10.3,6.58,2.07
6lu7_idAAACgen2,-10.3,33.027,31.503
6lu7_idAAACgen2,-10.5,9.561,2.018
6lu7_idAAACgen2,-10.5,9.11,3.248
6lu7_idAAACgen2,-10.6,7.225,1.907
6lu7_idAAACgen2,-10.6,7.55,1.45
6lu7_idAAACgen2,-11.2,6.793,1.705
6lu7_idAAACgen2,-11.4,7.76,1.63
6lu7_idAAACgen2,-11.6,0.0,0.0
6lu7_idAAADgen2,-4.8,5.104,3.293
6lu7_idAAADgen2,-4.9,5.148,3.268
6lu7_idAAADgen2,-4.9,24.025,21.206
6lu7_idAAADgen2,-5.2,6.713,2.111
6lu7_idAAADgen2,-5.3,5.653,3.166
6lu7_idAAADgen2,-5.4,33.585,31.426
6lu7_idAAADgen2,-5.4,5.135,2.232
6lu7_idAAADgen2,-5.5,5.474,2.62
6lu7_idAAADgen2,-5.6,0.0,0.0
6lu7_idAAAEgen2,-9.3,20.646,13.812
6lu7_idAAAEgen2,-9.3,37.028,28.217
6lu7_idAAAEgen2,-9.3,49.8,43.45
6lu7_idAAAEgen2,-9.4,8.86,3.568
6lu7_idAAAEgen2,-9.6,33.036,25.429
6lu7_idAAAEgen2,-9.9,12.623,5.041
6lu7_idAAAEgen2,-10.1,12.934,5.332
6lu7_idAAAEgen2,-10.1,17.311,9.563
6lu7_idAAAEgen2,-10.2,0.0,0.0
6lu7_idAAAFgen2,-5.9,25.948,22.036
6lu7_idAAAFgen2,-5.9,3.787,2.429
6lu7_idAAAFgen2,-6.0,24.528,21.387
6lu7_idAAAFgen2,-6.0,25.291,21.31
6lu7_idAAAFgen2,-6.1,25.024,21.747
6lu7_idAAAFgen2,-6.1,6.467,2.074
6lu7_idAAAFgen2,-6.1,24.25,20.872
6lu7_idAAAFgen2,-6.2,25.283,21.299
6lu7_idAAAFgen2,-6.5,0.0,0.0
6lu7_idAAAGgen2,-7.8,34.101,29.726
6lu7_idAAAGgen2,-7.8,45.806,40.51
6lu7_idAAAGgen2,-7.9,39.941,35.548
6lu7_idAAAGgen2,-7.9,40.213,37.093
6lu7_idAAAGgen2,-8.0,6.822,2.393
6lu7_idAAAGgen2,-8.1,32.186,29.825
6lu7_idAAAGgen2,-8.3,43.474,37.578
6lu7_idAAAGgen2,-8.3,44.561,39.067
6lu7_idAAAGgen2,-8.5,0.0,0.0
6lu7_idAAAHgen2,-7.3,14.018,13.13
6lu7_idAAAHgen2,-7.3,7.132,3.327
6lu7_idAAAHgen2,-7.3,4.395,2.782
6lu7_idAAAHgen2,-7.4,2.542,1.842
6lu7_idAAAHgen2,-7.5,8.551,3.888
6lu7_idAAAHgen2,-7.5,34.892,29.843
6lu7_idAAAHgen2,-7.6,34.152,29.237
6lu7_idAAAHgen2,-7.9,7.195,2.013
6lu7_idAAAHgen2,-8.4,0.0,0.0
6lu7_idAAAIgen2,-9.2,22.332,19.149
6lu7_idAAAIgen2,-9.2,10.826,3.042
6lu7_idAAAIgen2,-9.4,28.935,26.368
6lu7_idAAAIgen2,-9.4,6.049,3.389
6lu7_idAAAIgen2,-9.5,8.69,4.083
6lu7_idAAAIgen2,-9.6,5.35,2.832
6lu7_idAAAIgen2,-9.7,2.665,1.987
6lu7_idAAAIgen2,-10.0,8.785,5.178
6lu7_idAAAIgen2,-10.2,0.0,0.0
6lu7_idAAAJgen2,-6.6,23.643,19.861
6lu7_idAAAJgen2,-6.6,23.227,21.5
6lu7_idAAAJgen2,-6.7,22.363,19.909
6lu7_idAAAJgen2,-6.7,30.438,28.935
6lu7_idAAAJgen2,-6.8,21.647,19.51
6lu7_idAAAJgen2,-6.9,5.193,3.128
6lu7_idAAAJgen2,-7.0,7.332,4.152
6lu7_idAAAJgen2,-7.3,4.179,0.158
6lu7_idAAAJgen2,-7.3,0.0,0.0
6lu7_idAAAKgen2,-9.7,27.081,24.479
6lu7_idAAAKgen2,-9.7,28.275,24.286
6lu7_idAAAKgen2,-9.8,12.229,6.586
6lu7_idAAAKgen2,-9.9,31.865,25.712
6lu7_idAAAKgen2,-10.0,27.726,22.219
6lu7_idAAAKgen2,-10.2,28.402,23.229
6lu7_idAAAKgen2,-10.3,26.366,21.779
6lu7_idAAAKgen2,-10.5,12.409,2.261
6lu7_idAAAKgen2,-11.1,0.0,0.0
6lu7_idAAALgen2,-9.5,14.886,5.336
6lu7_idAAALgen2,-9.5,15.646,12.202
6lu7_idAAALgen2,-9.5,20.519,16.272
6lu7_idAAALgen2,-9.5,15.353,12.721
6lu7_idAAALgen2,-10.0,16.395,12.295
6lu7_idAAALgen2,-10.4,25.203,20.377
6lu7_idAAALgen2,-10.5,17.891,11.84
6lu7_idAAALgen2,-10.7,34.373,29.081
6lu7_idAAALgen2,-11.0,0.0,0.0
6lu7_idAAAMgen2,-9.1,26.956,22.066
6lu7_idAAAMgen2,-9.2,25.625,21.198
6lu7_idAAAMgen2,-9.2,26.968,22.185
6lu7_idAAAMgen2,-9.4,28.527,23.073
6lu7_idAAAMgen2,-9.4,26.657,22.635
6lu7_idAAAMgen2,-9.5,26.607,23.479
6lu7_idAAAMgen2,-9.5,25.82,22.499
6lu7_idAAAMgen2,-9.5,10.954,4.294
6lu7_idAAAMgen2,-9.5,0.0,0.0
6lu7_idAAANgen2,-7.1,8.055,3.223
6lu7_idAAANgen2,-7.1,7.366,1.957
6lu7_idAAANgen2,-7.3,25.715,20.372
6lu7_idAAANgen2,-7.3,18.754,14.446
6lu7_idAAANgen2,-7.3,16.355,9.015
6lu7_idAAANgen2,-7.4,31.542,29.96
6lu7_idAAANgen2,-7.4,7.348,2.371
6lu7_idAAANgen2,-7.7,16.582,10.954
6lu7_idAAANgen2,-8.0,0.0,0.0
6lu7_idAAAOgen2,-7.9,13.158,6.99
6lu7_idAAAOgen2,-8.0,8.824,2.704
6lu7_idAAAOgen2,-8.1,46.185,41.776
6lu7_idAAAOgen2,-8.2,10.595,5.268
6lu7_idAAAOgen2,-8.2,17.568,12.992
6lu7_idAAAOgen2,-8.3,7.506,3.755
6lu7_idAAAOgen2,-8.3,28.283,26.848
6lu7_idAAAOgen2,-8.5,6.232,2.808
6lu7_idAAAOgen2,-8.9,0.0,0.0
6lu7_idAAAPgen2,-5.4,12.356,9.177
6lu7_idAAAPgen2,-5.6,7.102,4.542
6lu7_idAAAPgen2,-5.7,25.763,22.506
6lu7_idAAAPgen2,-5.8,24.654,21.513
6lu7_idAAAPgen2,-6.0,6.778,2.362
6lu7_idAAAPgen2,-6.0,5.857,3.916
6lu7_idAAAPgen2,-6.0,5.84,3.462
6lu7_idAAAPgen2,-6.1,5.753,3.8
6lu7_idAAAPgen2,-6.3,0.0,0.0
6lu7_idAAAQgen2,-9.3,8.385,3.689
6lu7_idAAAQgen2,-9.4,8.971,3.139
6lu7_idAAAQgen2,-9.4,2.72,2.039
6lu7_idAAAQgen2,-9.5,2.01,1.505
6lu7_idAAAQgen2,-9.6,9.95,4.027
6lu7_idAAAQgen2,-9.8,7.559,3.759
6lu7_idAAAQgen2,-9.8,2.071,1.298
6lu7_idAAAQgen2,-10.2,8.736,4.022
6lu7_idAAAQgen2,-10.5,0.0,0.0
6lu7_idAAARgen2,-5.7,34.194,31.162
6lu7_idAAARgen2,-5.7,34.606,32.09
6lu7_idAAARgen2,-5.8,26.237,24.219
6lu7_idAAARgen2,-5.8,16.601,13.908
6lu7_idAAARgen2,-5.9,27.146,24.604
6lu7_idAAARgen2,-5.9,26.464,24.283
6lu7_idAAARgen2,-6.0,26.846,24.236
6lu7_idAAARgen2,-6.0,3.667,1.213
6lu7_idAAARgen2,-6.0,0.0,0.0
6lu7_idAAASgen2,-7.9,9.814,3.798
6lu7_idAAASgen2,-7.9,7.704,3.326
6lu7_idAAASgen2,-7.9,25.219,20.132
6lu7_idAAASgen2,-8.2,24.234,20.945
6lu7_idAAASgen2,-8.3,23.716,19.841
6lu7_idAAASgen2,-8.4,25.079,22.496
6lu7_idAAASgen2,-8.4,2.245,1.56
6lu7_idAAASgen2,-8.7,24.198,20.149
6lu7_idAAASgen2,-8.7,0.0,0.0
6lu7_idAAATgen2,-7.9,12.015,3.819
6lu7_idAAATgen2,-8.0,22.795,19.92
6lu7_idAAATgen2,-8.0,8.203,4.086
6lu7_idAAATgen2,-8.3,24.885,23.231
6lu7_idAAATgen2,-8.3,21.683,18.994
6lu7_idAAATgen2,-8.3,22.074,19.18
6lu7_idAAATgen2,-8.4,7.208,4.192
6lu7_idAAATgen2,-8.8,4.561,1.812
6lu7_idAAATgen2,-8.8,0.0,0.0
6lu7_idAAAUgen2,-9.9,34.527,29.559
6lu7_idAAAUgen2,-10.1,41.99,37.765
6lu7_idAAAUgen2,-10.2,43.219,38.929
6lu7_idAAAUgen2,-10.4,42.054,37.57
6lu7_idAAAUgen2,-10.4,41.028,36.384
6lu7_idAAAUgen2,-10.5,13.807,7.538
6lu7_idAAAUgen2,-10.6,30.129,24.852
6lu7_idAAAUgen2,-10.7,32.7,27.7
6lu7_idAAAUgen2,-10.8,0.0,0.0
6lu7_idAAAVgen2,-6.3,4.424,2.469
6lu7_idAAAVgen2,-6.3,23.359,21.959
6lu7_idAAAVgen2,-6.4,3.74,1.78
6lu7_idAAAVgen2,-6.4,40.839,38.022
6lu7_idAAAVgen2,-6.5,4.424,2.545
6lu7_idAAAVgen2,-6.5,16.315,14.502
6lu7_idAAAVgen2,-6.5,24.672,22.554
6lu7_idAAAVgen2,-6.6,25.118,23.019
6lu7_idAAAVgen2,-6.8,0.0,0.0
6lu7_idAAAWgen2,-4.7,5.979,3.16
6lu7_idAAAWgen2,-4.7,30.418,28.52
6lu7_idAAAWgen2,-4.8,23.198,20.735
6lu7_idAAAWgen2,-4.8,28.306,26.009
6lu7_idAAAWgen2,-4.9,36.367,34.018
6lu7_idAAAWgen2,-4.9,6.905,4.357
6lu7_idAAAWgen2,-4.9,36.39,33.122
6lu7_idAAAWgen2,-5.0,36.343,33.4
6lu7_idAAAWgen2,-5.3,0.0,0.0
6lu7_idAAAXgen2,-7.4,6.352,3.334
6lu7_idAAAXgen2,-7.4,6.247,3.797
6lu7_idAAAXgen2,-7.5,6.151,3.167
6lu7_idAAAXgen2,-7.6,25.006,20.236
6lu7_idAAAXgen2,-7.6,2.084,1.39
6lu7_idAAAXgen2,-7.7,25.201,20.767
6lu7_idAAAXgen2,-7.9,10.87,4.652
6lu7_idAAAXgen2,-7.9,7.516,1.59
6lu7_idAAAXgen2,-8.0,0.0,0.0
6lu7_idAAAYgen2,-8.2,32.162,28.679
6lu7_idAAAYgen2,-8.3,25.604,20.468
6lu7_idAAAYgen2,-8.4,32.145,27.685
6lu7_idAAAYgen2,-8.4,32.474,29.475
6lu7_idAAAYgen2,-8.4,27.028,24.073
6lu7_idAAAYgen2,-8.4,29.208,24.355
6lu7_idAAAYgen2,-8.6,29.258,23.624
6lu7_idAAAYgen2,-8.6,37.233,30.217
6lu7_idAAAYgen2,-9.1,0.0,0.0
6lu7_idAAAZgen2,-5.2,3.463,1.627
6lu7_idAAAZgen2,-5.2,2.36,1.594
6lu7_idAAAZgen2,-5.3,26.529,22.302
6lu7_idAAAZgen2,-5.4,28.55,23.449
6lu7_idAAAZgen2,-5.6,4.05,2.761
6lu7_idAAAZgen2,-5.8,7.33,3.037
6lu7_idAAAZgen2,-5.8,3.839,2.374
6lu7_idAAAZgen2,-5.9,4.302,2.709
6lu7_idAAAZgen2,-6.1,0.0,0.0
6lu7_idAABAgen2,-8.9,24.522,18.887
6lu7_idAABAgen2,-9.0,22.489,15.593
6lu7_idAABAgen2,-9.1,30.44,26.669
6lu7_idAABAgen2,-9.2,26.568,21.389
6lu7_idAABAgen2,-9.2,5.578,3.229
6lu7_idAABAgen2,-9.2,20.718,15.517
6lu7_idAABAgen2,-9.4,16.746,11.726
6lu7_idAABAgen2,-9.5,32.067,26.827
6lu7_idAABAgen2,-10.0,0.0,0.0
6lu7_idAABBgen2,-9.7,7.425,2.223
6lu7_idAABBgen2,-9.7,44.141,39.336
6lu7_idAABBgen2,-10.0,8.345,3.804
6lu7_idAABBgen2,-10.3,9.223,3.574
6lu7_idAABBgen2,-10.5,8.708,3.789
6lu7_idAABBgen2,-10.5,6.063,3.536
6lu7_idAABBgen2,-10.6,9.435,4.56
6lu7_idAABBgen2,-10.9,7.187,2.631
6lu7_idAABBgen2,-11.0,0.0,0.0
6lu7_idAABCgen2,-6.2,8.222,4.675
6lu7_idAABCgen2,-6.3,7.142,5.946
6lu7_idAABCgen2,-6.4,6.823,3.529
6lu7_idAABCgen2,-6.5,3.91,2.393
6lu7_idAABCgen2,-6.7,3.803,2.154
6lu7_idAABCgen2,-6.7,2.534,1.116
6lu7_idAABCgen2,-7.0,3.735,2.308
6lu7_idAABCgen2,-7.1,2.633,1.455
6lu7_idAABCgen2,-7.3,0.0,0.0
6lu7_idAABDgen2,-7.3,25.067,21.894
6lu7_idAABDgen2,-7.4,10.213,4.265
6lu7_idAABDgen2,-7.5,18.394,16.6
6lu7_idAABDgen2,-7.6,20.201,17.506
6lu7_idAABDgen2,-7.6,22.135,18.89
6lu7_idAABDgen2,-7.6,11.566,4.957
6lu7_idAABDgen2,-7.6,34.031,31.157
6lu7_idAABDgen2,-7.6,24.196,20.897
6lu7_idAABDgen2,-8.2,0.0,0.0
6lu7_idAABEgen2,-9.4,31.206,26.807
6lu7_idAABEgen2,-9.4,21.443,18.951
6lu7_idAABEgen2,-9.5,30.588,25.565
6lu7_idAABEgen2,-9.6,12.101,7.109
6lu7_idAABEgen2,-9.9,28.666,23.807
6lu7_idAABEgen2,-10.0,41.996,40.421
6lu7_idAABEgen2,-10.0,15.483,8.044
6lu7_idAABEgen2,-10.0,32.97,31.48
6lu7_idAABEgen2,-11.1,0.0,0.0
6lu7_idAABFgen2,-5.0,35.577,33.203
6lu7_idAABFgen2,-5.0,19.531,16.07
6lu7_idAABFgen2,-5.2,18.984,15.592
6lu7_idAABFgen2,-5.2,35.555,33.208
6lu7_idAABFgen2,-5.3,34.345,32.208
6lu7_idAABFgen2,-5.3,5.738,2.106
6lu7_idAABFgen2,-5.3,35.588,33.512
6lu7_idAABFgen2,-5.3,34.415,32.088
6lu7_idAABFgen2,-5.6,0.0,0.0
6lu7_idAABGgen2,-9.1,11.927,3.336
6lu7_idAABGgen2,-9.1,11.524,2.896
6lu7_idAABGgen2,-9.3,9.385,3.412
6lu7_idAABGgen2,-9.4,8.414,2.757
6lu7_idAABGgen2,-9.5,7.838,2.421
6lu7_idAABGgen2,-9.5,36.971,32.086
6lu7_idAABGgen2,-9.6,36.788,31.891
6lu7_idAABGgen2,-10.2,7.947,2.301
6lu7_idAABGgen2,-10.5,0.0,0.0
6lu7_idAABHgen2,-8.2,7.773,3.353
6lu7_idAABHgen2,-8.3,2.049,1.648
6lu7_idAABHgen2,-8.3,8.159,3.572
6lu7_idAABHgen2,-8.4,7.197,3.315
6lu7_idAABHgen2,-8.4,15.631,9.146
6lu7_idAABHgen2,-8.6,6.805,2.658
6lu7_idAABHgen2,-8.8,7.251,2.637
6lu7_idAABHgen2,-9.0,7.704,2.718
6lu7_idAABHgen2,-9.8,0.0,0.0
6lu7_idAABIgen2,-8.9,18.065,11.469
6lu7_idAABIgen2,-9.0,15.281,12.41
6lu7_idAABIgen2,-9.0,13.716,12.395
6lu7_idAABIgen2,-9.2,18.755,9.181
6lu7_idAABIgen2,-9.3,15.776,12.667
6lu7_idAABIgen2,-9.5,17.088,13.724
6lu7_idAABIgen2,-9.5,17.562,13.79
6lu7_idAABIgen2,-9.6,16.983,13.476
6lu7_idAABIgen2,-9.6,0.0,0.0
6lu7_idAABKgen2,-6.6,6.904,2.211
6lu7_idAABKgen2,-6.6,24.577,22.09
6lu7_idAABKgen2,-6.6,34.049,29.222
6lu7_idAABKgen2,-6.7,25.954,21.962
6lu7_idAABKgen2,-6.7,20.377,16.248
6lu7_idAABKgen2,-6.7,19.108,16.774
6lu7_idAABKgen2,-6.8,7.316,1.758
6lu7_idAABKgen2,-7.3,2.485,1.647
6lu7_idAABKgen2,-7.5,0.0,0.0
6lu7_idAABLgen2,-8.3,24.549,20.608
6lu7_idAABLgen2,-8.4,5.849,3.917
6lu7_idAABLgen2,-8.4,15.74,13.438
6lu7_idAABLgen2,-8.4,15.364,13.403
6lu7_idAABLgen2,-8.5,23.583,19.629
6lu7_idAABLgen2,-8.5,7.048,3.087
6lu7_idAABLgen2,-8.5,23.623,19.718
6lu7_idAABLgen2,-8.9,5.504,3.142
6lu7_idAABLgen2,-9.9,0.0,0.0
6lu7_idAABMgen2,-5.8,31.308,27.371
6lu7_idAABMgen2,-5.8,31.647,28.065
6lu7_idAABMgen2,-5.9,20.135,16.35
6lu7_idAABMgen2,-5.9,30.442,26.038
6lu7_idAABMgen2,-6.0,20.945,17.405
6lu7_idAABMgen2,-6.0,32.155,27.964
6lu7_idAABMgen2,-6.1,34.453,30.621
6lu7_idAABMgen2,-6.1,2.264,1.504
6lu7_idAABMgen2,-6.3,0.0,0.0
6lu7_idAABOgen2,-6.2,33.848,29.321
6lu7_idAABOgen2,-6.3,8.124,2.394
6lu7_idAABOgen2,-6.3,18.636,16.143
6lu7_idAABOgen2,-6.3,33.76,28.93
6lu7_idAABOgen2,-6.5,5.042,3.147
6lu7_idAABOgen2,-6.7,3.887,2.833
6lu7_idAABOgen2,-7.1,8.271,3.097
6lu7_idAABOgen2,-7.1,2.806,1.651
6lu7_idAABOgen2,-7.4,0.0,0.0
6lu7_idAABPgen2,-5.1,26.92,24.392
6lu7_idAABPgen2,-5.2,4.951,2.153
6lu7_idAABPgen2,-5.2,34.916,33.157
6lu7_idAABPgen2,-5.5,24.581,21.759
6lu7_idAABPgen2,-5.5,24.516,21.617
6lu7_idAABPgen2,-5.6,4.865,2.145
6lu7_idAABPgen2,-5.7,1.907,1.454
6lu7_idAABPgen2,-5.9,2.271,1.755
6lu7_idAABPgen2,-6.0,0.0,0.0
6lu7_idAABQgen2,-8.7,27.329,23.411
6lu7_idAABQgen2,-8.9,27.036,24.106
6lu7_idAABQgen2,-8.9,29.401,26.125
6lu7_idAABQgen2,-9.1,27.51,25.709
6lu7_idAABQgen2,-9.2,31.061,27.694
6lu7_idAABQgen2,-9.2,26.363,20.968
6lu7_idAABQgen2,-9.2,26.324,24.526
6lu7_idAABQgen2,-9.5,12.637,7.354
6lu7_idAABQgen2,-9.7,0.0,0.0
6lu7_idAABRgen2,-8.5,30.34,25.166
6lu7_idAABRgen2,-8.5,20.683,15.592
6lu7_idAABRgen2,-8.6,26.345,19.269
6lu7_idAABRgen2,-8.7,14.719,4.926
6lu7_idAABRgen2,-8.8,24.233,18.611
6lu7_idAABRgen2,-8.8,24.766,18.129
6lu7_idAABRgen2,-8.9,27.77,22.104
6lu7_idAABRgen2,-9.1,13.951,4.966
6lu7_idAABRgen2,-9.2,0.0,0.0
6lu7_idAABSgen2,-6.8,14.064,12.605
6lu7_idAABSgen2,-6.8,26.277,22.973
6lu7_idAABSgen2,-6.9,25.416,23.447
6lu7_idAABSgen2,-6.9,25.676,22.149
6lu7_idAABSgen2,-7.0,25.795,22.585
6lu7_idAABSgen2,-7.0,6.967,3.015
6lu7_idAABSgen2,-7.1,42.317,38.439
6lu7_idAABSgen2,-7.5,4.029,1.678
6lu7_idAABSgen2,-7.6,0.0,0.0
6lu7_idAABTgen2,-8.9,25.402,20.672
6lu7_idAABTgen2,-9.0,24.36,21.774
6lu7_idAABTgen2,-9.1,21.742,18.97
6lu7_idAABTgen2,-9.1,8.467,3.447
6lu7_idAABTgen2,-9.1,2.468,1.812
6lu7_idAABTgen2,-9.2,15.291,13.333
6lu7_idAABTgen2,-9.6,2.906,2.01
6lu7_idAABTgen2,-9.9,39.052,37.208
6lu7_idAABTgen2,-10.0,0.0,0.0
6lu7_idAABUgen2,-9.5,29.792,25.58
6lu7_idAABUgen2,-9.5,19.299,14.283
6lu7_idAABUgen2,-9.6,34.273,31.118
6lu7_idAABUgen2,-9.6,34.122,30.811
6lu7_idAABUgen2,-9.6,21.342,18.663
6lu7_idAABUgen2,-9.7,19.718,13.966
6lu7_idAABUgen2,-9.9,8.682,3.299
6lu7_idAABUgen2,-10.0,23.824,17.299
6lu7_idAABUgen2,-10.1,0.0,0.0
6lu7_idAABVgen2,-6.7,24.759,19.791
6lu7_idAABVgen2,-6.7,8.492,5.851
6lu7_idAABVgen2,-6.7,22.024,19.76
6lu7_idAABVgen2,-6.7,22.504,19.019
6lu7_idAABVgen2,-6.8,22.383,20.298
6lu7_idAABVgen2,-6.9,22.764,20.353
6lu7_idAABVgen2,-7.0,31.511,27.898
6lu7_idAABVgen2,-7.1,22.503,19.454
6lu7_idAABVgen2,-7.1,0.0,0.0
6lu7_idAABWgen2,-7.2,24.382,20.804
6lu7_idAABWgen2,-7.2,26.457,23.438
6lu7_idAABWgen2,-7.3,25.808,23.399
6lu7_idAABWgen2,-7.3,3.994,2.753
6lu7_idAABWgen2,-7.3,4.149,3.17
6lu7_idAABWgen2,-7.3,2.083,1.002
6lu7_idAABWgen2,-7.3,27.294,24.299
6lu7_idAABWgen2,-7.3,24.232,20.67
6lu7_idAABWgen2,-8.2,0.0,0.0
6lu7_idAABXgen2,-6.0,27.57,24.994
6lu7_idAABXgen2,-6.0,27.651,25.193
6lu7_idAABXgen2,-6.1,5.043,2.741
6lu7_idAABXgen2,-6.2,3.591,1.538
6lu7_idAABXgen2,-6.3,27.151,25.037
6lu7_idAABXgen2,-6.4,34.794,32.301
6lu7_idAABXgen2,-7.0,27.311,24.152
6lu7_idAABXgen2,-7.1,5.577,2.225
6lu7_idAABXgen2,-7.4,0.0,0.0
6lu7_idAABYgen2,-8.8,8.083,2.605
6lu7_idAABYgen2,-8.8,7.746,2.64
6lu7_idAABYgen2,-8.9,8.078,2.656
6lu7_idAABYgen2,-9.0,7.298,2.495
6lu7_idAABYgen2,-9.1,31.233,29.328
6lu7_idAABYgen2,-9.4,8.237,2.85
6lu7_idAABYgen2,-9.4,7.126,2.323
6lu7_idAABYgen2,-9.7,7.566,2.726
6lu7_idAABYgen2,-10.3,0.0,0.0
6lu7_idAABZgen2,-6.8,38.662,35.656
6lu7_idAABZgen2,-7.1,34.642,29.987
6lu7_idAABZgen2,-7.4,2.67,2.286
6lu7_idAABZgen2,-7.4,13.875,11.666
6lu7_idAABZgen2,-7.6,8.986,3.116
6lu7_idAABZgen2,-7.7,34.592,30.833
6lu7_idAABZgen2,-7.7,3.838,2.505
6lu7_idAABZgen2,-8.0,4.732,2.933
6lu7_idAABZgen2,-8.0,0.0,0.0
6lu7_idAACAgen2,-7.0,6.581,3.386
6lu7_idAACAgen2,-7.0,5.746,3.031
6lu7_idAACAgen2,-7.0,6.504,3.805
6lu7_idAACAgen2,-7.0,7.001,3.448
6lu7_idAACAgen2,-7.1,3.53,2.525
6lu7_idAACAgen2,-7.2,5.468,3.066
6lu7_idAACAgen2,-7.3,5.768,3.139
6lu7_idAACAgen2,-7.6,8.444,3.814
6lu7_idAACAgen2,-7.7,0.0,0.0
6lu7_idAACBgen2,-8.1,2.165,0.983
6lu7_idAACBgen2,-8.2,20.63,16.146
6lu7_idAACBgen2,-8.3,25.252,20.4
6lu7_idAACBgen2,-8.4,23.066,21.125
6lu7_idAACBgen2,-8.4,7.614,3.071
6lu7_idAACBgen2,-8.5,5.604,2.301
6lu7_idAACBgen2,-8.5,24.879,20.172
6lu7_idAACBgen2,-8.8,25.092,20.197
6lu7_idAACBgen2,-9.2,0.0,0.0
6lu7_idAACCgen2,-8.6,49.009,42.535
6lu7_idAACCgen2,-8.7,36.67,34.118
6lu7_idAACCgen2,-8.8,33.16,26.3
6lu7_idAACCgen2,-8.9,37.664,35.635
6lu7_idAACCgen2,-9.0,47.528,45.39
6lu7_idAACCgen2,-9.1,35.554,31.005
6lu7_idAACCgen2,-9.3,34.441,29.435
6lu7_idAACCgen2,-9.6,32.315,27.44
6lu7_idAACCgen2,-9.6,0.0,0.0
6lu7_idAACDgen2,-8.0,22.064,19.826
6lu7_idAACDgen2,-8.2,6.216,3.715
6lu7_idAACDgen2,-8.3,23.882,21.146
6lu7_idAACDgen2,-8.3,22.865,20.335
6lu7_idAACDgen2,-8.4,24.475,21.58
6lu7_idAACDgen2,-8.4,6.492,3.184
6lu7_idAACDgen2,-8.5,25.78,22.591
6lu7_idAACDgen2,-8.6,23.393,20.909
6lu7_idAACDgen2,-9.1,0.0,0.0
6lu7_idAACEgen2,-8.8,25.079,19.912
6lu7_idAACEgen2,-9.0,23.675,20.113
6lu7_idAACEgen2,-9.1,24.013,22.387
6lu7_idAACEgen2,-9.2,25.195,21.886
6lu7_idAACEgen2,-9.3,23.223,19.544
6lu7_idAACEgen2,-9.8,7.555,3.175
6lu7_idAACEgen2,-10.0,8.11,3.641
6lu7_idAACEgen2,-10.1,1.619,1.276
6lu7_idAACEgen2,-10.5,0.0,0.0
6lu7_idAACFgen2,-6.1,19.98,18.416
6lu7_idAACFgen2,-6.1,30.374,27.551
6lu7_idAACFgen2,-6.3,8.268,3.789
6lu7_idAACFgen2,-6.3,6.864,2.926
6lu7_idAACFgen2,-6.4,25.029,21.547
6lu7_idAACFgen2,-6.4,6.127,2.507
6lu7_idAACFgen2,-6.4,23.047,20.709
6lu7_idAACFgen2,-6.8,24.517,21.729
6lu7_idAACFgen2,-7.2,0.0,0.0
6lu7_idAACGgen2,-6.6,7.724,3.125
6lu7_idAACGgen2,-6.6,8.042,3.352
6lu7_idAACGgen2,-6.7,37.672,33.25
6lu7_idAACGgen2,-6.7,24.164,22.183
6lu7_idAACGgen2,-6.7,3.297,2.183
6lu7_idAACGgen2,-7.1,7.973,3.538
6lu7_idAACGgen2,-7.1,7.589,3.066
6lu7_idAACGgen2,-7.3,23.651,19.983
6lu7_idAACGgen2,-7.4,0.0,0.0
6lu7_idAACHgen2,-9.0,13.865,8.048
6lu7_idAACHgen2,-9.1,24.858,19.972
6lu7_idAACHgen2,-9.1,20.591,17.259
6lu7_idAACHgen2,-9.3,3.168,2.361
6lu7_idAACHgen2,-9.4,8.789,4.146
6lu7_idAACHgen2,-9.4,11.909,3.686
6lu7_idAACHgen2,-9.4,24.696,19.385
6lu7_idAACHgen2,-9.5,9.879,3.883
6lu7_idAACHgen2,-10.2,0.0,0.0
6lu7_idAACIgen2,-4.9,34.93,31.82
6lu7_idAACIgen2,-5.0,34.246,30.96
6lu7_idAACIgen2,-5.1,2.984,1.612
6lu7_idAACIgen2,-5.2,2.703,1.197
6lu7_idAACIgen2,-5.3,3.342,1.91
6lu7_idAACIgen2,-5.3,34.199,31.018
6lu7_idAACIgen2,-5.3,34.448,31.117
6lu7_idAACIgen2,-5.4,2.215,1.351
6lu7_idAACIgen2,-6.3,0.0,0.0
6lu7_idAACJgen2,-7.2,12.554,5.209
6lu7_idAACJgen2,-7.3,26.92,22.821
6lu7_idAACJgen2,-7.3,7.385,4.946
6lu7_idAACJgen2,-7.4,26.5,22.123
6lu7_idAACJgen2,-7.6,24.075,19.795
6lu7_idAACJgen2,-7.7,8.896,5.123
6lu7_idAACJgen2,-8.1,7.593,2.873
6lu7_idAACJgen2,-8.2,9.922,2.142
6lu7_idAACJgen2,-8.3,0.0,0.0
6lu7_idAACKgen2,-7.7,43.179,36.633
6lu7_idAACKgen2,-7.7,41.155,35.428
6lu7_idAACKgen2,-7.7,42.234,36.539
6lu7_idAACKgen2,-7.8,43.056,36.931
6lu7_idAACKgen2,-7.9,28.487,21.684
6lu7_idAACKgen2,-8.0,28.521,21.496
6lu7_idAACKgen2,-8.0,24.185,15.396
6lu7_idAACKgen2,-8.1,41.379,35.711
6lu7_idAACKgen2,-8.4,0.0,0.0
6lu7_idAACLgen2,-9.9,32.439,29.727
6lu7_idAACLgen2,-9.9,32.291,29.6
6lu7_idAACLgen2,-10.2,25.438,20.784
6lu7_idAACLgen2,-10.2,32.858,30.406
6lu7_idAACLgen2,-10.2,33.696,30.354
6lu7_idAACLgen2,-10.4,37.067,33.135
6lu7_idAACLgen2,-10.4,3.33,1.748
6lu7_idAACLgen2,-10.5,12.785,1.795
6lu7_idAACLgen2,-11.6,0.0,0.0
6lu7_idAACMgen2,-7.0,16.197,13.591
6lu7_idAACMgen2,-7.0,21.534,18.253
6lu7_idAACMgen2,-7.1,21.675,18.404
6lu7_idAACMgen2,-7.3,21.68,18.44
6lu7_idAACMgen2,-7.5,8.006,2.209
6lu7_idAACMgen2,-7.5,2.054,1.439
6lu7_idAACMgen2,-7.5,7.496,2.421
6lu7_idAACMgen2,-7.6,7.958,2.186
6lu7_idAACMgen2,-7.7,0.0,0.0
6lu7_idAACNgen2,-7.7,26.59,24.424
6lu7_idAACNgen2,-7.8,25.423,20.265
6lu7_idAACNgen2,-7.8,4.639,2.689
6lu7_idAACNgen2,-7.9,25.086,22.247
6lu7_idAACNgen2,-7.9,30.022,26.386
6lu7_idAACNgen2,-8.1,31.153,29.042
6lu7_idAACNgen2,-8.2,24.057,21.541
6lu7_idAACNgen2,-8.3,35.601,31.291
6lu7_idAACNgen2,-8.4,0.0,0.0
6lu7_idAACOgen2,-9.7,11.763,5.129
6lu7_idAACOgen2,-9.7,10.809,2.818
6lu7_idAACOgen2,-9.8,30.717,26.667
6lu7_idAACOgen2,-9.8,10.92,3.691
6lu7_idAACOgen2,-10.0,9.474,4.493
6lu7_idAACOgen2,-10.1,10.653,2.791
6lu7_idAACOgen2,-10.6,10.522,2.512
6lu7_idAACOgen2,-10.7,10.007,5.144
6lu7_idAACOgen2,-10.7,0.0,0.0
6lu7_idAACPgen2,-6.9,28.317,24.649
6lu7_idAACPgen2,-6.9,2.221,1.772
6lu7_idAACPgen2,-7.0,5.012,2.313
6lu7_idAACPgen2,-7.0,24.766,19.751
6lu7_idAACPgen2,-7.0,27.549,23.805
6lu7_idAACPgen2,-7.1,23.297,19.975
6lu7_idAACPgen2,-7.2,23.901,19.566
6lu7_idAACPgen2,-7.5,23.05,18.902
6lu7_idAACPgen2,-7.5,0.0,0.0
6lu7_idAACQgen2,-8.9,29.695,22.157
6lu7_idAACQgen2,-8.9,40.016,34.343
6lu7_idAACQgen2,-8.9,31.142,26.781
6lu7_idAACQgen2,-8.9,23.371,19.86
6lu7_idAACQgen2,-9.1,36.703,31.214
6lu7_idAACQgen2,-9.2,26.544,19.523
6lu7_idAACQgen2,-9.3,42.441,36.972
6lu7_idAACQgen2,-9.4,12.702,8.888
6lu7_idAACQgen2,-10.6,0.0,0.0
6lu7_idAACRgen2,-5.2,35.355,32.218
6lu7_idAACRgen2,-5.3,27.211,23.831
6lu7_idAACRgen2,-5.4,34.048,32.294
6lu7_idAACRgen2,-5.4,25.632,22.373
6lu7_idAACRgen2,-5.6,5.064,1.615
6lu7_idAACRgen2,-5.6,4.936,1.529
6lu7_idAACRgen2,-5.8,25.799,21.504
6lu7_idAACRgen2,-6.1,7.026,2.746
6lu7_idAACRgen2,-6.6,0.0,0.0
6lu7_idAACSgen2,-8.8,32.941,26.987
6lu7_idAACSgen2,-8.8,34.147,29.694
6lu7_idAACSgen2,-8.9,39.876,37.717
6lu7_idAACSgen2,-8.9,26.396,20.189
6lu7_idAACSgen2,-9.0,34.026,29.724
6lu7_idAACSgen2,-9.2,28.946,25.857
6lu7_idAACSgen2,-9.3,28.38,26.385
6lu7_idAACSgen2,-9.6,33.238,29.803
6lu7_idAACSgen2,-9.6,0.0,0.0
6lu7_idAACTgen2,-7.1,26.436,20.835
6lu7_idAACTgen2,-7.3,3.099,1.796
6lu7_idAACTgen2,-7.3,25.218,20.883
6lu7_idAACTgen2,-7.3,2.978,1.593
6lu7_idAACTgen2,-7.4,25.955,20.735
6lu7_idAACTgen2,-7.4,26.107,20.755
6lu7_idAACTgen2,-7.5,26.321,21.101
6lu7_idAACTgen2,-7.6,2.2,1.11
6lu7_idAACTgen2,-7.8,0.0,0.0
6lu7_idAACUgen2,-5.3,7.474,5.211
6lu7_idAACUgen2,-5.3,27.276,24.663
6lu7_idAACUgen2,-5.4,34.766,32.909
6lu7_idAACUgen2,-5.4,7.678,5.912
6lu7_idAACUgen2,-5.4,35.605,32.407
6lu7_idAACUgen2,-5.7,34.708,32.008
6lu7_idAACUgen2,-5.7,35.306,32.233
6lu7_idAACUgen2,-5.8,5.461,2.401
6lu7_idAACUgen2,-6.6,0.0,0.0
6lu7_idAACVgen2,-6.8,8.088,1.982
6lu7_idAACVgen2,-6.9,25.225,22.168
6lu7_idAACVgen2,-6.9,24.418,19.569
6lu7_idAACVgen2,-7.0,21.544,18.923
6lu7_idAACVgen2,-7.1,23.489,19.448
6lu7_idAACVgen2,-7.2,6.603,1.934
6lu7_idAACVgen2,-7.2,10.008,4.523
6lu7_idAACVgen2,-7.6,5.63,1.48
6lu7_idAACVgen2,-7.8,0.0,0.0
6lu7_idAACWgen2,-6.7,27.099,24.167
6lu7_idAACWgen2,-6.9,7.932,2.231
6lu7_idAACWgen2,-6.9,23.2,17.942
6lu7_idAACWgen2,-7.2,7.632,2.55
6lu7_idAACWgen2,-7.2,26.583,23.762
6lu7_idAACWgen2,-7.2,18.518,15.939
6lu7_idAACWgen2,-7.4,38.734,36.538
6lu7_idAACWgen2,-7.5,23.443,20.057
6lu7_idAACWgen2,-7.9,0.0,0.0
6lu7_idAACXgen2,-6.5,8.571,3.272
6lu7_idAACXgen2,-6.5,22.727,19.85
6lu7_idAACXgen2,-6.5,22.878,20.254
6lu7_idAACXgen2,-6.6,23.072,20.018
6lu7_idAACXgen2,-6.6,22.843,19.888
6lu7_idAACXgen2,-6.9,22.62,20.053
6lu7_idAACXgen2,-7.0,22.135,19.91
6lu7_idAACXgen2,-7.0,22.655,19.924
6lu7_idAACXgen2,-7.1,0.0,0.0
6lu7_idAACYgen2,-4.3,30.03,28.773
6lu7_idAACYgen2,-4.4,30.214,28.941
6lu7_idAACYgen2,-4.4,4.014,1.669
6lu7_idAACYgen2,-4.5,23.707,20.889
6lu7_idAACYgen2,-4.5,25.995,23.309
6lu7_idAACYgen2,-4.5,23.704,20.882
6lu7_idAACYgen2,-4.7,2.348,1.601
6lu7_idAACYgen2,-5.0,6.0,2.607
6lu7_idAACYgen2,-5.3,0.0,0.0
6lu7_idAACZgen2,-8.1,26.025,19.175
6lu7_idAACZgen2,-8.2,30.323,25.264
6lu7_idAACZgen2,-8.2,27.477,23.156
6lu7_idAACZgen2,-8.2,9.094,4.062
6lu7_idAACZgen2,-8.4,8.645,3.18
6lu7_idAACZgen2,-8.5,8.315,3.277
6lu7_idAACZgen2,-8.5,14.029,7.189
6lu7_idAACZgen2,-8.9,30.563,25.319
6lu7_idAACZgen2,-9.1,0.0,0.0
6lu7_idAADAgen2,-7.6,8.969,3.734
6lu7_idAADAgen2,-7.8,28.273,23.768
6lu7_idAADAgen2,-7.9,2.375,1.76
6lu7_idAADAgen2,-8.0,7.505,2.264
6lu7_idAADAgen2,-8.1,34.023,29.139
6lu7_idAADAgen2,-8.2,6.812,2.211
6lu7_idAADAgen2,-8.3,32.181,29.787
6lu7_idAADAgen2,-8.5,44.519,39.296
6lu7_idAADAgen2,-8.7,0.0,0.0
6lu7_idAADBgen2,-5.4,5.777,3.181
6lu7_idAADBgen2,-5.5,5.861,3.327
6lu7_idAADBgen2,-5.6,5.024,2.586
6lu7_idAADBgen2,-5.7,6.204,3.132
6lu7_idAADBgen2,-5.8,34.988,31.716
6lu7_idAADBgen2,-6.0,34.456,31.544
6lu7_idAADBgen2,-6.1,6.112,2.994
6lu7_idAADBgen2,-6.1,4.571,2.507
6lu7_idAADBgen2,-6.1,0.0,0.0
6lu7_idAADCgen2,-9.2,7.495,2.944
6lu7_idAADCgen2,-9.3,23.224,19.588
6lu7_idAADCgen2,-9.3,3.038,2.509
6lu7_idAADCgen2,-9.3,9.022,3.523
6lu7_idAADCgen2,-9.5,23.207,19.458
6lu7_idAADCgen2,-9.8,3.424,2.567
6lu7_idAADCgen2,-9.9,8.379,3.022
6lu7_idAADCgen2,-10.1,6.605,3.287
6lu7_idAADCgen2,-10.4,0.0,0.0
6lu7_idAADDgen2,-8.6,31.771,29.896
6lu7_idAADDgen2,-8.6,30.178,25.951
6lu7_idAADDgen2,-8.6,23.388,15.037
6lu7_idAADDgen2,-8.7,20.074,15.956
6lu7_idAADDgen2,-8.7,19.527,12.028
6lu7_idAADDgen2,-8.8,30.552,27.24
6lu7_idAADDgen2,-8.9,30.17,27.388
6lu7_idAADDgen2,-9.3,18.011,11.421
6lu7_idAADDgen2,-9.3,0.0,0.0
6lu7_idAADEgen2,-9.2,7.837,2.073
6lu7_idAADEgen2,-9.4,43.483,38.822
6lu7_idAADEgen2,-9.4,36.949,32.188
6lu7_idAADEgen2,-9.5,8.102,2.796
6lu7_idAADEgen2,-9.7,36.059,31.372
6lu7_idAADEgen2,-9.8,31.894,30.835
6lu7_idAADEgen2,-10.0,7.489,2.421
6lu7_idAADEgen2,-10.8,7.524,1.694
6lu7_idAADEgen2,-11.2,0.0,0.0
6lu7_idAADFgen2,-5.0,7.381,2.503
6lu7_idAADFgen2,-5.0,28.827,24.675
6lu7_idAADFgen2,-5.0,5.636,3.145
6lu7_idAADFgen2,-5.0,27.325,23.917
6lu7_idAADFgen2,-5.1,6.85,2.311
6lu7_idAADFgen2,-5.2,22.2,18.406
6lu7_idAADFgen2,-5.3,44.0,39.092
6lu7_idAADFgen2,-5.5,5.793,2.426
6lu7_idAADFgen2,-5.6,0.0,0.0
6lu7_idAADGgen2,-6.9,40.431,38.314
6lu7_idAADGgen2,-7.0,8.246,3.019
6lu7_idAADGgen2,-7.1,2.646,2.196
6lu7_idAADGgen2,-7.1,4.779,3.593
6lu7_idAADGgen2,-7.2,23.972,19.922
6lu7_idAADGgen2,-7.5,2.021,1.112
6lu7_idAADGgen2,-7.6,3.031,1.557
6lu7_idAADGgen2,-7.6,3.526,1.548
6lu7_idAADGgen2,-7.7,0.0,0.0
6lu7_idAADHgen2,-9.8,9.179,5.887
6lu7_idAADHgen2,-9.9,33.174,28.809
6lu7_idAADHgen2,-9.9,21.956,15.716
6lu7_idAADHgen2,-10.0,23.045,16.33
6lu7_idAADHgen2,-10.2,29.377,24.044
6lu7_idAADHgen2,-10.3,25.047,21.769
6lu7_idAADHgen2,-10.4,23.684,18.664
6lu7_idAADHgen2,-10.7,35.138,31.372
6lu7_idAADHgen2,-11.2,0.0,0.0
6lu7_idAADJgen2,-5.0,27.056,24.148
6lu7_idAADJgen2,-5.0,27.077,23.965
6lu7_idAADJgen2,-5.1,8.372,4.288
6lu7_idAADJgen2,-5.1,8.068,4.35
6lu7_idAADJgen2,-5.2,8.304,4.427
6lu7_idAADJgen2,-5.3,26.514,23.736
6lu7_idAADJgen2,-5.3,12.049,9.117
6lu7_idAADJgen2,-5.3,26.648,23.872
6lu7_idAADJgen2,-5.4,0.0,0.0
6lu7_idAADKgen2,-8.5,25.31,24.26
6lu7_idAADKgen2,-8.5,31.972,25.907
6lu7_idAADKgen2,-8.7,43.3,37.227
6lu7_idAADKgen2,-9.0,8.521,2.645
6lu7_idAADKgen2,-9.1,47.124,42.723
6lu7_idAADKgen2,-9.2,11.172,2.727
6lu7_idAADKgen2,-9.3,31.425,26.048
6lu7_idAADKgen2,-10.1,8.412,2.371
6lu7_idAADKgen2,-10.2,0.0,0.0
6lu7_idAADMgen2,-8.3,8.511,2.894
6lu7_idAADMgen2,-8.4,9.612,3.433
6lu7_idAADMgen2,-8.4,25.007,23.093
6lu7_idAADMgen2,-8.6,25.133,23.179
6lu7_idAADMgen2,-8.6,25.215,23.67
6lu7_idAADMgen2,-8.6,7.291,2.257
6lu7_idAADMgen2,-9.0,7.414,3.433
6lu7_idAADMgen2,-9.1,25.495,20.619
6lu7_idAADMgen2,-9.5,0.0,0.0
