Ligand,Binding Affinity,rmsd/ub, rmsd/lb
6lu7_idAAACgen2,-11.6,0.0,0.0
6lu7_idAAACgen2,-11.4,7.76,1.63
6lu7_idAAACgen2,-11.2,6.793,1.705
6lu7_idAABEgen2,-11.1,0.0,0.0
6lu7_idAAAKgen2,-11.1,0.0,0.0
6lu7_idAABBgen2,-11.0,0.0,0.0
6lu7_idAAALgen2,-11.0,0.0,0.0
6lu7_idAABBgen2,-10.9,7.187,2.631
6lu7_idAAAUgen2,-10.8,0.0,0.0
6lu7_idAAAUgen2,-10.7,32.7,27.7
6lu7_idAAALgen2,-10.7,34.373,29.081
6lu7_idAABBgen2,-10.6,9.435,4.56
6lu7_idAAAUgen2,-10.6,30.129,24.852
6lu7_idAAACgen2,-10.6,7.55,1.45
6lu7_idAAACgen2,-10.6,7.225,1.907
6lu7_idAABGgen2,-10.5,0.0,0.0
6lu7_idAABBgen2,-10.5,6.063,3.536
6lu7_idAABBgen2,-10.5,8.708,3.789
6lu7_idAAAUgen2,-10.5,13.807,7.538
6lu7_idAAACgen2,-10.5,9.11,3.248
6lu7_idAAACgen2,-10.5,9.561,2.018
6lu7_idAAAKgen2,-10.5,12.409,2.261
6lu7_idAAALgen2,-10.5,17.891,11.84
6lu7_idAAAQgen2,-10.5,0.0,0.0
6lu7_idAAAUgen2,-10.4,41.028,36.384
6lu7_idAAAUgen2,-10.4,42.054,37.57
6lu7_idAAALgen2,-10.4,25.203,20.377
6lu7_idAABBgen2,-10.3,9.223,3.574
6lu7_idAAACgen2,-10.3,33.027,31.503
6lu7_idAAACgen2,-10.3,6.58,2.07
6lu7_idAAAKgen2,-10.3,26.366,21.779
6lu7_idAABGgen2,-10.2,7.947,2.301
6lu7_idAAAUgen2,-10.2,43.219,38.929
6lu7_idAAAEgen2,-10.2,0.0,0.0
6lu7_idAAAIgen2,-10.2,0.0,0.0
6lu7_idAAAKgen2,-10.2,28.402,23.229
6lu7_idAAAQgen2,-10.2,8.736,4.022
6lu7_idAAAUgen2,-10.1,41.99,37.765
6lu7_idAAAEgen2,-10.1,17.311,9.563
6lu7_idAAAEgen2,-10.1,12.934,5.332
6lu7_idAABEgen2,-10.0,32.97,31.48
6lu7_idAABEgen2,-10.0,15.483,8.044
6lu7_idAABEgen2,-10.0,41.996,40.421
6lu7_idAABBgen2,-10.0,8.345,3.804
6lu7_idAABAgen2,-10.0,0.0,0.0
6lu7_idAAAIgen2,-10.0,8.785,5.178
6lu7_idAAAKgen2,-10.0,27.726,22.219
6lu7_idAAALgen2,-10.0,16.395,12.295
6lu7_idAABEgen2,-9.9,28.666,23.807
6lu7_idAAAUgen2,-9.9,34.527,29.559
6lu7_idAAAEgen2,-9.9,12.623,5.041
6lu7_idAAAKgen2,-9.9,31.865,25.712
6lu7_idAABHgen2,-9.8,0.0,0.0
6lu7_idAAABgen2,-9.8,0.0,0.0
6lu7_idAAAKgen2,-9.8,12.229,6.586
6lu7_idAAAQgen2,-9.8,2.071,1.298
6lu7_idAAAQgen2,-9.8,7.559,3.759
6lu7_idAABBgen2,-9.7,44.141,39.336
6lu7_idAABBgen2,-9.7,7.425,2.223
6lu7_idAAABgen2,-9.7,12.009,4.816
6lu7_idAAAIgen2,-9.7,2.665,1.987
6lu7_idAAAKgen2,-9.7,28.275,24.286
6lu7_idAAAKgen2,-9.7,27.081,24.479
6lu7_idAABGgen2,-9.6,36.788,31.891
6lu7_idAABEgen2,-9.6,12.101,7.109
6lu7_idAAAEgen2,-9.6,33.036,25.429
6lu7_idAAAIgen2,-9.6,5.35,2.832
6lu7_idAAAQgen2,-9.6,9.95,4.027
6lu7_idAABGgen2,-9.5,36.971,32.086
6lu7_idAABGgen2,-9.5,7.838,2.421
6lu7_idAABEgen2,-9.5,30.588,25.565
6lu7_idAABAgen2,-9.5,32.067,26.827
6lu7_idAAAIgen2,-9.5,8.69,4.083
6lu7_idAAALgen2,-9.5,15.353,12.721
6lu7_idAAALgen2,-9.5,20.519,16.272
6lu7_idAAALgen2,-9.5,15.646,12.202
6lu7_idAAALgen2,-9.5,14.886,5.336
6lu7_idAAAMgen2,-9.5,0.0,0.0
6lu7_idAAAMgen2,-9.5,10.954,4.294
6lu7_idAAAMgen2,-9.5,25.82,22.499
6lu7_idAAAMgen2,-9.5,26.607,23.479
6lu7_idAAAQgen2,-9.5,2.01,1.505
6lu7_idAABGgen2,-9.4,8.414,2.757
6lu7_idAABEgen2,-9.4,21.443,18.951
6lu7_idAABEgen2,-9.4,31.206,26.807
6lu7_idAABAgen2,-9.4,16.746,11.726
6lu7_idAAAEgen2,-9.4,8.86,3.568
6lu7_idAAABgen2,-9.4,26.138,21.148
6lu7_idAAAIgen2,-9.4,6.049,3.389
6lu7_idAAAIgen2,-9.4,28.935,26.368
6lu7_idAAAMgen2,-9.4,26.657,22.635
6lu7_idAAAMgen2,-9.4,28.527,23.073
6lu7_idAAAQgen2,-9.4,2.72,2.039
6lu7_idAAAQgen2,-9.4,8.971,3.139
6lu7_idAABGgen2,-9.3,9.385,3.412
6lu7_idAAAEgen2,-9.3,49.8,43.45
6lu7_idAAAEgen2,-9.3,37.028,28.217
6lu7_idAAAEgen2,-9.3,20.646,13.812
6lu7_idAAABgen2,-9.3,2.19,1.55
6lu7_idAAAQgen2,-9.3,8.385,3.689
6lu7_idAABAgen2,-9.2,20.718,15.517
6lu7_idAABAgen2,-9.2,5.578,3.229
6lu7_idAABAgen2,-9.2,26.568,21.389
6lu7_idAAAAgen2,-9.2,0.0,0.0
6lu7_idAAAIgen2,-9.2,10.826,3.042
6lu7_idAAAIgen2,-9.2,22.332,19.149
6lu7_idAAAMgen2,-9.2,26.968,22.185
6lu7_idAAAMgen2,-9.2,25.625,21.198
6lu7_idAABGgen2,-9.1,11.524,2.896
6lu7_idAABGgen2,-9.1,11.927,3.336
6lu7_idAABAgen2,-9.1,30.44,26.669
6lu7_idAAAYgen2,-9.1,0.0,0.0
6lu7_idAAABgen2,-9.1,4.498,2.626
6lu7_idAAAMgen2,-9.1,26.956,22.066
6lu7_idAABHgen2,-9.0,7.704,2.718
6lu7_idAABAgen2,-9.0,22.489,15.593
6lu7_idAAABgen2,-9.0,30.012,23.749
6lu7_idAAABgen2,-9.0,30.966,25.514
6lu7_idAABAgen2,-8.9,24.522,18.887
6lu7_idAAABgen2,-8.9,25.045,18.339
6lu7_idAAABgen2,-8.9,25.719,20.902
6lu7_idAAAOgen2,-8.9,0.0,0.0
6lu7_idAABHgen2,-8.8,7.251,2.637
6lu7_idAAATgen2,-8.8,0.0,0.0
6lu7_idAAATgen2,-8.8,4.561,1.812
6lu7_idAAASgen2,-8.7,0.0,0.0
6lu7_idAAASgen2,-8.7,24.198,20.149
6lu7_idAABHgen2,-8.6,6.805,2.658
6lu7_idAAAYgen2,-8.6,37.233,30.217
6lu7_idAAAYgen2,-8.6,29.258,23.624
6lu7_idAAAAgen2,-8.6,2.869,1.562
6lu7_idAAAAgen2,-8.5,7.29,3.052
6lu7_idAAAGgen2,-8.5,0.0,0.0
6lu7_idAAAOgen2,-8.5,6.232,2.808
6lu7_idAABHgen2,-8.4,15.631,9.146
6lu7_idAABHgen2,-8.4,7.197,3.315
6lu7_idAAAYgen2,-8.4,29.208,24.355
6lu7_idAAAYgen2,-8.4,27.028,24.073
6lu7_idAAAYgen2,-8.4,32.474,29.475
6lu7_idAAAYgen2,-8.4,32.145,27.685
6lu7_idAAAHgen2,-8.4,0.0,0.0
6lu7_idAAASgen2,-8.4,2.245,1.56
6lu7_idAAASgen2,-8.4,25.079,22.496
6lu7_idAAATgen2,-8.4,7.208,4.192
6lu7_idAABHgen2,-8.3,8.159,3.572
6lu7_idAABHgen2,-8.3,2.049,1.648
6lu7_idAAAYgen2,-8.3,25.604,20.468
6lu7_idAAAAgen2,-8.3,23.537,18.892
6lu7_idAAAAgen2,-8.3,5.505,3.03
6lu7_idAAAAgen2,-8.3,7.236,2.852
6lu7_idAAAGgen2,-8.3,44.561,39.067
6lu7_idAAAGgen2,-8.3,43.474,37.578
6lu7_idAAAOgen2,-8.3,28.283,26.848
6lu7_idAAAOgen2,-8.3,7.506,3.755
6lu7_idAAASgen2,-8.3,23.716,19.841
6lu7_idAAATgen2,-8.3,22.074,19.18
6lu7_idAAATgen2,-8.3,21.683,18.994
6lu7_idAAATgen2,-8.3,24.885,23.231
6lu7_idAABHgen2,-8.2,7.773,3.353
6lu7_idAABDgen2,-8.2,0.0,0.0
6lu7_idAAAYgen2,-8.2,32.162,28.679
6lu7_idAAAOgen2,-8.2,17.568,12.992
6lu7_idAAAOgen2,-8.2,10.595,5.268
6lu7_idAAASgen2,-8.2,24.234,20.945
6lu7_idAAAGgen2,-8.1,32.186,29.825
6lu7_idAAAOgen2,-8.1,46.185,41.776
6lu7_idAAAXgen2,-8.0,0.0,0.0
6lu7_idAAAGgen2,-8.0,6.822,2.393
6lu7_idAAANgen2,-8.0,0.0,0.0
6lu7_idAAAOgen2,-8.0,8.824,2.704
6lu7_idAAATgen2,-8.0,8.203,4.086
6lu7_idAAATgen2,-8.0,22.795,19.92
6lu7_idAAAXgen2,-7.9,7.516,1.59
6lu7_idAAAXgen2,-7.9,10.87,4.652
6lu7_idAAAGgen2,-7.9,40.213,37.093
6lu7_idAAAGgen2,-7.9,39.941,35.548
6lu7_idAAAHgen2,-7.9,7.195,2.013
6lu7_idAAAOgen2,-7.9,13.158,6.99
6lu7_idAAASgen2,-7.9,25.219,20.132
6lu7_idAAASgen2,-7.9,7.704,3.326
6lu7_idAAASgen2,-7.9,9.814,3.798
6lu7_idAAATgen2,-7.9,12.015,3.819
6lu7_idAAAGgen2,-7.8,45.806,40.51
6lu7_idAAAGgen2,-7.8,34.101,29.726
6lu7_idAAAXgen2,-7.7,25.201,20.767
6lu7_idAAAAgen2,-7.7,24.072,22.079
6lu7_idAAAAgen2,-7.7,15.481,12.47
6lu7_idAAAAgen2,-7.7,40.52,36.193
6lu7_idAAANgen2,-7.7,16.582,10.954
6lu7_idAABDgen2,-7.6,24.196,20.897
6lu7_idAABDgen2,-7.6,34.031,31.157
6lu7_idAABDgen2,-7.6,11.566,4.957
6lu7_idAABDgen2,-7.6,22.135,18.89
6lu7_idAABDgen2,-7.6,20.201,17.506
6lu7_idAAAXgen2,-7.6,2.084,1.39
6lu7_idAAAXgen2,-7.6,25.006,20.236
6lu7_idAAAHgen2,-7.6,34.152,29.237
6lu7_idAABDgen2,-7.5,18.394,16.6
6lu7_idAAAXgen2,-7.5,6.151,3.167
6lu7_idAAAHgen2,-7.5,34.892,29.843
6lu7_idAAAHgen2,-7.5,8.551,3.888
6lu7_idAABDgen2,-7.4,10.213,4.265
6lu7_idAAAXgen2,-7.4,6.247,3.797
6lu7_idAAAXgen2,-7.4,6.352,3.334
6lu7_idAAAHgen2,-7.4,2.542,1.842
6lu7_idAAANgen2,-7.4,7.348,2.371
6lu7_idAAANgen2,-7.4,31.542,29.96
6lu7_idAABDgen2,-7.3,25.067,21.894
6lu7_idAABCgen2,-7.3,0.0,0.0
6lu7_idAAAHgen2,-7.3,4.395,2.782
6lu7_idAAAHgen2,-7.3,7.132,3.327
6lu7_idAAAHgen2,-7.3,14.018,13.13
6lu7_idAAAJgen2,-7.3,0.0,0.0
6lu7_idAAAJgen2,-7.3,4.179,0.158
6lu7_idAAANgen2,-7.3,16.355,9.015
6lu7_idAAANgen2,-7.3,18.754,14.446
6lu7_idAAANgen2,-7.3,25.715,20.372
6lu7_idAABCgen2,-7.1,2.633,1.455
6lu7_idAAANgen2,-7.1,7.366,1.957
6lu7_idAAANgen2,-7.1,8.055,3.223
6lu7_idAABCgen2,-7.0,3.735,2.308
6lu7_idAAAJgen2,-7.0,7.332,4.152
6lu7_idAAAJgen2,-6.9,5.193,3.128
6lu7_idAAAVgen2,-6.8,0.0,0.0
6lu7_idAAAJgen2,-6.8,21.647,19.51
6lu7_idAABCgen2,-6.7,2.534,1.116
6lu7_idAABCgen2,-6.7,3.803,2.154
6lu7_idAAAJgen2,-6.7,30.438,28.935
6lu7_idAAAJgen2,-6.7,22.363,19.909
6lu7_idAAAVgen2,-6.6,25.118,23.019
6lu7_idAAAJgen2,-6.6,23.227,21.5
6lu7_idAAAJgen2,-6.6,23.643,19.861
6lu7_idAABCgen2,-6.5,3.91,2.393
6lu7_idAAAVgen2,-6.5,24.672,22.554
6lu7_idAAAVgen2,-6.5,16.315,14.502
6lu7_idAAAVgen2,-6.5,4.424,2.545
6lu7_idAAAFgen2,-6.5,0.0,0.0
6lu7_idAABCgen2,-6.4,6.823,3.529
6lu7_idAAAVgen2,-6.4,40.839,38.022
6lu7_idAAAVgen2,-6.4,3.74,1.78
6lu7_idAABCgen2,-6.3,7.142,5.946
6lu7_idAAAVgen2,-6.3,23.359,21.959
6lu7_idAAAVgen2,-6.3,4.424,2.469
6lu7_idAAAPgen2,-6.3,0.0,0.0
6lu7_idAABCgen2,-6.2,8.222,4.675
6lu7_idAAAFgen2,-6.2,25.283,21.299
6lu7_idAAAZgen2,-6.1,0.0,0.0
6lu7_idAAAFgen2,-6.1,24.25,20.872
6lu7_idAAAFgen2,-6.1,6.467,2.074
6lu7_idAAAFgen2,-6.1,25.024,21.747
6lu7_idAAAPgen2,-6.1,5.753,3.8
6lu7_idAAAFgen2,-6.0,25.291,21.31
6lu7_idAAAFgen2,-6.0,24.528,21.387
6lu7_idAAAPgen2,-6.0,5.84,3.462
6lu7_idAAAPgen2,-6.0,5.857,3.916
6lu7_idAAAPgen2,-6.0,6.778,2.362
6lu7_idAAARgen2,-6.0,0.0,0.0
6lu7_idAAARgen2,-6.0,3.667,1.213
6lu7_idAAARgen2,-6.0,26.846,24.236
6lu7_idAAAZgen2,-5.9,4.302,2.709
6lu7_idAAAFgen2,-5.9,3.787,2.429
6lu7_idAAAFgen2,-5.9,25.948,22.036
6lu7_idAAARgen2,-5.9,26.464,24.283
6lu7_idAAARgen2,-5.9,27.146,24.604
6lu7_idAAAZgen2,-5.8,3.839,2.374
6lu7_idAAAZgen2,-5.8,7.33,3.037
6lu7_idAAAPgen2,-5.8,24.654,21.513
6lu7_idAAARgen2,-5.8,16.601,13.908
6lu7_idAAARgen2,-5.8,26.237,24.219
6lu7_idAAAPgen2,-5.7,25.763,22.506
6lu7_idAAARgen2,-5.7,34.606,32.09
6lu7_idAAARgen2,-5.7,34.194,31.162
6lu7_idAABFgen2,-5.6,0.0,0.0
6lu7_idAAAZgen2,-5.6,4.05,2.761
6lu7_idAAADgen2,-5.6,0.0,0.0
6lu7_idAAAPgen2,-5.6,7.102,4.542
6lu7_idAAADgen2,-5.5,5.474,2.62
6lu7_idAAAZgen2,-5.4,28.55,23.449
6lu7_idAAADgen2,-5.4,5.135,2.232
6lu7_idAAADgen2,-5.4,33.585,31.426
6lu7_idAAAPgen2,-5.4,12.356,9.177
6lu7_idAABFgen2,-5.3,34.415,32.088
6lu7_idAABFgen2,-5.3,35.588,33.512
6lu7_idAABFgen2,-5.3,5.738,2.106
6lu7_idAABFgen2,-5.3,34.345,32.208
6lu7_idAAAZgen2,-5.3,26.529,22.302
6lu7_idAAAWgen2,-5.3,0.0,0.0
6lu7_idAAADgen2,-5.3,5.653,3.166
6lu7_idAABFgen2,-5.2,35.555,33.208
6lu7_idAABFgen2,-5.2,18.984,15.592
6lu7_idAAAZgen2,-5.2,2.36,1.594
6lu7_idAAAZgen2,-5.2,3.463,1.627
6lu7_idAAADgen2,-5.2,6.713,2.111
6lu7_idAABFgen2,-5.0,19.531,16.07
6lu7_idAABFgen2,-5.0,35.577,33.203
6lu7_idAAAWgen2,-5.0,36.343,33.4
6lu7_idAAAWgen2,-4.9,36.39,33.122
6lu7_idAAAWgen2,-4.9,6.905,4.357
6lu7_idAAAWgen2,-4.9,36.367,34.018
6lu7_idAAADgen2,-4.9,24.025,21.206
6lu7_idAAADgen2,-4.9,5.148,3.268
6lu7_idAAAWgen2,-4.8,28.306,26.009
6lu7_idAAAWgen2,-4.8,23.198,20.735
6lu7_idAAADgen2,-4.8,5.104,3.293
6lu7_idAAAWgen2,-4.7,30.418,28.52
6lu7_idAAAWgen2,-4.7,5.979,3.16
6lu7_idAABIgen2,-9.6,0.0,0.0
6lu7_idAABIgen2,-9.6,16.983,13.476
6lu7_idAABIgen2,-9.5,17.562,13.79
6lu7_idAABIgen2,-9.5,17.088,13.724
6lu7_idAABIgen2,-9.3,15.776,12.667
6lu7_idAABIgen2,-9.2,18.755,9.181
6lu7_idAABIgen2,-9.0,13.716,12.395
6lu7_idAABIgen2,-9.0,15.281,12.41
6lu7_idAABIgen2,-8.9,18.065,11.469
6lu7_idAABKgen2,-7.5,0.0,0.0
6lu7_idAABKgen2,-7.3,2.485,1.647
6lu7_idAABKgen2,-6.8,7.316,1.758
6lu7_idAABKgen2,-6.7,19.108,16.774
6lu7_idAABKgen2,-6.7,20.377,16.248
6lu7_idAABKgen2,-6.7,25.954,21.962
6lu7_idAABKgen2,-6.6,34.049,29.222
6lu7_idAABKgen2,-6.6,24.577,22.09
6lu7_idAABKgen2,-6.6,6.904,2.211
6lu7_idAABLgen2,-9.9,0.0,0.0
6lu7_idAABLgen2,-8.9,5.504,3.142
6lu7_idAABLgen2,-8.5,23.623,19.718
6lu7_idAABLgen2,-8.5,7.048,3.087
6lu7_idAABLgen2,-8.5,23.583,19.629
6lu7_idAABLgen2,-8.4,15.364,13.403
6lu7_idAABLgen2,-8.4,15.74,13.438
6lu7_idAABLgen2,-8.4,5.849,3.917
6lu7_idAABLgen2,-8.3,24.549,20.608
6lu7_idAABMgen2,-6.3,0.0,0.0
6lu7_idAABMgen2,-6.1,2.264,1.504
6lu7_idAABMgen2,-6.1,34.453,30.621
6lu7_idAABMgen2,-6.0,32.155,27.964
6lu7_idAABMgen2,-6.0,20.945,17.405
6lu7_idAABMgen2,-5.9,30.442,26.038
6lu7_idAABMgen2,-5.9,20.135,16.35
6lu7_idAABMgen2,-5.8,31.647,28.065
6lu7_idAABMgen2,-5.8,31.308,27.371
