Ligand,Binding Affinity,rmsd/ub, rmsd/lb
6lu7_idAADKgen5,-11.4,23.883,17.125
6lu7_idAADKgen5,-11.7,42.488,36.89
6lu7_idAADKgen5,-11.8,36.578,30.199
6lu7_idAADKgen5,-11.9,10.912,1.982
6lu7_idAADKgen5,-11.9,8.748,2.259
6lu7_idAADKgen5,-12.1,7.862,1.249
6lu7_idAADKgen5,-12.5,8.926,1.917
6lu7_idAADKgen5,-12.9,10.156,3.867
6lu7_idAADKgen5,-13.9,0.0,0.0
6lu7_idAADJgen5,-9.8,13.356,9.088
6lu7_idAADJgen5,-9.9,17.842,16.055
6lu7_idAADJgen5,-10.0,29.841,25.833
6lu7_idAADJgen5,-10.1,34.167,25.32
6lu7_idAADJgen5,-10.2,11.955,4.61
6lu7_idAADJgen5,-10.7,18.116,11.995
6lu7_idAADJgen5,-10.7,38.853,33.652
6lu7_idAADJgen5,-11.0,2.069,1.52
6lu7_idAADJgen5,-11.8,0.0,0.0
6lu7_idAADIgen5,-9.0,7.657,2.559
6lu7_idAADIgen5,-9.0,6.126,3.157
6lu7_idAADIgen5,-9.2,3.36,1.333
6lu7_idAADIgen5,-9.2,34.837,30.65
6lu7_idAADIgen5,-9.2,24.766,19.899
6lu7_idAADIgen5,-9.3,28.565,25.507
6lu7_idAADIgen5,-9.3,3.134,1.97
6lu7_idAADIgen5,-9.5,6.975,2.602
6lu7_idAADIgen5,-9.6,0.0,0.0
6lu7_idAADHgen5,-9.8,6.482,1.321
6lu7_idAADHgen5,-10.2,5.014,2.69
6lu7_idAADHgen5,-10.2,3.0,2.191
6lu7_idAADHgen5,-10.5,31.103,3.224
6lu7_idAADHgen5,-10.5,30.927,2.253
6lu7_idAADHgen5,-10.5,2.014,0.786
6lu7_idAADHgen5,-10.6,2.462,1.257
6lu7_idAADHgen5,-10.6,4.436,2.324
6lu7_idAADHgen5,-10.7,0.0,0.0
6lu7_idAADGgen5,-10.6,10.267,5.719
6lu7_idAADGgen5,-10.7,7.184,2.977
6lu7_idAADGgen5,-10.8,43.818,38.841
6lu7_idAADGgen5,-11.1,6.595,2.438
6lu7_idAADGgen5,-11.2,37.843,32.178
6lu7_idAADGgen5,-11.3,7.564,2.88
6lu7_idAADGgen5,-11.5,6.62,2.9
6lu7_idAADGgen5,-11.9,2.783,1.949
6lu7_idAADGgen5,-12.5,0.0,0.0
6lu7_idAADFgen5,-7.4,2.106,1.69
6lu7_idAADFgen5,-7.5,17.801,15.472
6lu7_idAADFgen5,-7.5,39.664,38.147
6lu7_idAADFgen5,-7.5,3.406,2.342
6lu7_idAADFgen5,-7.5,24.025,21.259
6lu7_idAADFgen5,-7.7,3.155,1.45
6lu7_idAADFgen5,-7.8,2.477,1.332
6lu7_idAADFgen5,-8.3,40.146,37.733
6lu7_idAADFgen5,-8.5,0.0,0.0
6lu7_idAADEgen5,-9.4,11.859,1.795
6lu7_idAADEgen5,-9.5,47.977,43.132
6lu7_idAADEgen5,-9.7,27.106,24.006
6lu7_idAADEgen5,-9.9,25.97,20.974
6lu7_idAADEgen5,-10.0,27.504,24.665
6lu7_idAADEgen5,-10.2,49.26,44.169
6lu7_idAADEgen5,-10.3,7.543,1.484
6lu7_idAADEgen5,-10.5,34.512,32.994
6lu7_idAADEgen5,-10.6,0.0,0.0
6lu7_idAADDgen5,-10.7,26.729,21.807
6lu7_idAADDgen5,-10.8,44.83,38.313
6lu7_idAADDgen5,-11.0,17.444,13.716
6lu7_idAADDgen5,-11.0,27.812,20.922
6lu7_idAADDgen5,-11.1,21.814,14.469
6lu7_idAADDgen5,-11.2,27.792,20.893
6lu7_idAADDgen5,-11.5,23.082,11.463
6lu7_idAADDgen5,-11.9,11.665,6.007
6lu7_idAADDgen5,-12.6,0.0,0.0
6lu7_idAADCgen5,-8.6,23.782,22.464
6lu7_idAADCgen5,-8.7,20.567,18.4
6lu7_idAADCgen5,-8.7,21.513,19.358
6lu7_idAADCgen5,-8.8,20.491,18.77
6lu7_idAADCgen5,-8.8,8.362,5.341
6lu7_idAADCgen5,-8.9,25.8,19.119
6lu7_idAADCgen5,-8.9,2.49,1.717
6lu7_idAADCgen5,-9.1,21.046,19.314
6lu7_idAADCgen5,-9.5,0.0,0.0
6lu7_idAADBgen5,-12.8,10.139,4.231
6lu7_idAADBgen5,-12.9,33.998,28.334
6lu7_idAADBgen5,-13.0,16.762,8.666
6lu7_idAADBgen5,-13.1,33.132,28.43
6lu7_idAADBgen5,-13.3,3.094,1.834
6lu7_idAADBgen5,-13.6,4.118,2.652
6lu7_idAADBgen5,-13.8,6.113,3.463
6lu7_idAADBgen5,-14.0,2.827,1.818
6lu7_idAADBgen5,-14.1,0.0,0.0
6lu7_idAADAgen5,-9.6,7.718,3.001
6lu7_idAADAgen5,-9.6,8.612,3.986
6lu7_idAADAgen5,-9.6,10.485,4.119
6lu7_idAADAgen5,-9.8,6.82,2.193
6lu7_idAADAgen5,-9.9,11.829,4.972
6lu7_idAADAgen5,-9.9,6.743,2.615
6lu7_idAADAgen5,-10.0,7.192,3.374
6lu7_idAADAgen5,-10.6,7.959,3.021
6lu7_idAADAgen5,-11.0,0.0,0.0
6lu7_idAACYgen5,-6.3,7.374,3.149
6lu7_idAACYgen5,-6.6,26.847,24.17
6lu7_idAACYgen5,-6.6,34.766,32.269
6lu7_idAACYgen5,-6.8,25.336,21.361
6lu7_idAACYgen5,-6.8,6.026,2.62
6lu7_idAACYgen5,-6.9,25.602,22.925
6lu7_idAACYgen5,-7.2,25.861,24.229
6lu7_idAACYgen5,-7.4,25.585,22.91
6lu7_idAACYgen5,-7.5,0.0,0.0
6lu7_idAACWgen5,-11.0,29.049,28.665
6lu7_idAACWgen5,-11.0,28.844,28.752
6lu7_idAACWgen5,-11.3,23.96,20.491
6lu7_idAACWgen5,-11.4,10.314,5.448
6lu7_idAACWgen5,-11.5,23.949,20.775
6lu7_idAACWgen5,-12.0,15.081,12.625
6lu7_idAACWgen5,-12.3,4.764,1.24
6lu7_idAACWgen5,-12.5,5.148,1.608
6lu7_idAACWgen5,-12.8,0.0,0.0
6lu7_idAACVgen5,-9.0,31.225,26.805
6lu7_idAACVgen5,-9.0,26.86,20.784
6lu7_idAACVgen5,-9.5,30.674,27.255
6lu7_idAACVgen5,-9.5,8.485,3.089
6lu7_idAACVgen5,-9.6,28.873,23.347
6lu7_idAACVgen5,-9.7,3.334,1.835
6lu7_idAACVgen5,-9.9,31.63,25.124
6lu7_idAACVgen5,-10.0,13.164,8.526
6lu7_idAACVgen5,-10.4,0.0,0.0
6lu7_idAACUgen5,-12.6,22.387,15.734
6lu7_idAACUgen5,-12.6,32.066,28.114
6lu7_idAACUgen5,-12.7,19.872,14.39
6lu7_idAACUgen5,-12.8,33.121,27.894
6lu7_idAACUgen5,-13.2,36.893,30.033
6lu7_idAACUgen5,-13.3,11.598,1.818
6lu7_idAACUgen5,-13.3,26.947,23.648
6lu7_idAACUgen5,-13.6,7.572,1.739
6lu7_idAACUgen5,-15.1,0.0,0.0
6lu7_idAACSgen5,-9.5,36.061,30.757
6lu7_idAACSgen5,-9.6,30.16,29.396
6lu7_idAACSgen5,-9.6,42.17,36.71
6lu7_idAACSgen5,-9.7,35.88,30.968
6lu7_idAACSgen5,-10.2,42.782,37.388
6lu7_idAACSgen5,-10.2,20.933,15.528
6lu7_idAACSgen5,-10.4,5.728,3.113
6lu7_idAACSgen5,-10.4,7.763,2.577
6lu7_idAACSgen5,-11.8,0.0,0.0
6lu7_idAACRgen5,-9.9,25.613,22.161
6lu7_idAACRgen5,-9.9,11.754,6.598
6lu7_idAACRgen5,-9.9,27.317,22.454
6lu7_idAACRgen5,-9.9,31.639,28.691
6lu7_idAACRgen5,-10.1,7.003,3.616
6lu7_idAACRgen5,-10.1,2.876,1.863
6lu7_idAACRgen5,-10.3,7.618,5.022
6lu7_idAACRgen5,-10.3,7.151,3.422
6lu7_idAACRgen5,-10.5,0.0,0.0
6lu7_idAACQgen5,-9.8,15.144,10.473
6lu7_idAACQgen5,-9.8,13.144,6.202
6lu7_idAACQgen5,-10.0,18.38,7.654
6lu7_idAACQgen5,-10.1,18.464,7.803
6lu7_idAACQgen5,-10.3,20.717,9.195
6lu7_idAACQgen5,-10.4,12.032,7.295
6lu7_idAACQgen5,-10.8,10.306,5.447
6lu7_idAACQgen5,-11.3,8.788,4.262
6lu7_idAACQgen5,-11.3,0.0,0.0
6lu7_idAACPgen5,-10.4,22.099,15.916
6lu7_idAACPgen5,-11.1,10.598,6.094
6lu7_idAACPgen5,-11.1,7.041,2.504
6lu7_idAACPgen5,-11.3,26.127,20.597
6lu7_idAACPgen5,-11.4,33.311,27.615
6lu7_idAACPgen5,-11.5,9.308,4.523
6lu7_idAACPgen5,-11.6,9.012,3.691
6lu7_idAACPgen5,-11.7,10.226,4.544
6lu7_idAACPgen5,-11.8,0.0,0.0
6lu7_idAACOgen5,-7.3,23.693,20.14
6lu7_idAACOgen5,-7.3,24.364,21.15
6lu7_idAACOgen5,-7.4,28.729,23.593
6lu7_idAACOgen5,-7.4,21.181,16.418
6lu7_idAACOgen5,-7.5,16.939,12.948
6lu7_idAACOgen5,-7.5,5.779,1.961
6lu7_idAACOgen5,-7.9,25.87,22.889
6lu7_idAACOgen5,-8.5,3.239,2.598
6lu7_idAACOgen5,-8.6,0.0,0.0
6lu7_idAACNgen5,-11.0,10.947,6.525
6lu7_idAACNgen5,-11.1,13.512,4.845
6lu7_idAACNgen5,-11.1,22.578,13.625
6lu7_idAACNgen5,-11.2,11.034,5.066
6lu7_idAACNgen5,-11.2,7.142,4.634
6lu7_idAACNgen5,-11.4,2.253,1.576
6lu7_idAACNgen5,-11.5,44.284,39.609
6lu7_idAACNgen5,-12.0,8.991,3.659
6lu7_idAACNgen5,-12.1,0.0,0.0
6lu7_idAACMgen5,-10.8,27.268,19.752
6lu7_idAACMgen5,-10.8,28.13,24.882
6lu7_idAACMgen5,-10.9,24.272,19.698
6lu7_idAACMgen5,-10.9,28.469,24.028
6lu7_idAACMgen5,-11.0,24.729,19.732
6lu7_idAACMgen5,-11.2,25.874,19.979
6lu7_idAACMgen5,-11.7,16.779,9.79
6lu7_idAACMgen5,-11.8,16.325,9.304
6lu7_idAACMgen5,-12.1,0.0,0.0
6lu7_idAACLgen5,-9.8,8.176,3.563
6lu7_idAACLgen5,-9.9,44.358,39.255
6lu7_idAACLgen5,-10.1,9.213,4.364
6lu7_idAACLgen5,-10.3,10.895,5.091
6lu7_idAACLgen5,-10.3,10.424,5.519
6lu7_idAACLgen5,-10.4,7.31,4.484
6lu7_idAACLgen5,-10.7,6.565,2.11
6lu7_idAACLgen5,-11.0,7.924,3.709
6lu7_idAACLgen5,-12.1,0.0,0.0
6lu7_idAACKgen5,-11.2,34.33,28.343
6lu7_idAACKgen5,-11.3,32.429,27.11
6lu7_idAACKgen5,-11.4,2.545,1.947
6lu7_idAACKgen5,-11.5,38.385,30.859
6lu7_idAACKgen5,-11.6,37.797,30.77
6lu7_idAACKgen5,-11.6,21.424,14.307
6lu7_idAACKgen5,-11.8,37.621,30.65
6lu7_idAACKgen5,-12.5,9.86,1.592
6lu7_idAACKgen5,-13.2,0.0,0.0
6lu7_idAACJgen5,-9.5,46.329,41.534
6lu7_idAACJgen5,-9.6,21.525,16.04
6lu7_idAACJgen5,-9.8,24.839,18.211
6lu7_idAACJgen5,-10.0,39.554,33.266
6lu7_idAACJgen5,-10.0,27.964,23.563
6lu7_idAACJgen5,-10.3,44.146,38.926
6lu7_idAACJgen5,-10.3,22.1,13.053
6lu7_idAACJgen5,-10.4,31.594,26.485
6lu7_idAACJgen5,-11.1,0.0,0.0
6lu7_idAACIgen5,-9.0,23.954,19.48
6lu7_idAACIgen5,-9.0,2.965,1.772
6lu7_idAACIgen5,-9.2,27.296,24.623
6lu7_idAACIgen5,-9.2,26.918,24.382
6lu7_idAACIgen5,-9.2,8.666,5.436
6lu7_idAACIgen5,-9.3,30.731,27.572
6lu7_idAACIgen5,-9.5,25.896,23.934
6lu7_idAACIgen5,-9.8,8.18,5.005
6lu7_idAACIgen5,-10.0,0.0,0.0
6lu7_idAACHgen5,-11.3,32.503,27.141
6lu7_idAACHgen5,-11.3,11.908,1.91
6lu7_idAACHgen5,-11.5,38.352,30.89
6lu7_idAACHgen5,-11.7,2.338,1.769
6lu7_idAACHgen5,-11.7,21.358,14.241
6lu7_idAACHgen5,-11.8,37.585,30.663
6lu7_idAACHgen5,-11.9,7.849,1.191
6lu7_idAACHgen5,-12.5,9.86,1.709
6lu7_idAACHgen5,-13.2,0.0,0.0
6lu7_idAACGgen5,-8.3,8.259,2.146
6lu7_idAACGgen5,-8.4,20.478,17.771
6lu7_idAACGgen5,-8.4,11.518,9.235
6lu7_idAACGgen5,-8.5,37.17,35.821
6lu7_idAACGgen5,-8.6,16.976,13.248
6lu7_idAACGgen5,-8.8,7.913,1.365
6lu7_idAACGgen5,-8.9,2.69,1.551
6lu7_idAACGgen5,-8.9,8.968,2.109
6lu7_idAACGgen5,-8.9,0.0,0.0
6lu7_idAACEgen5,-5.9,22.892,19.726
6lu7_idAACEgen5,-5.9,5.88,2.677
6lu7_idAACEgen5,-5.9,5.364,2.512
6lu7_idAACEgen5,-6.0,5.164,2.656
6lu7_idAACEgen5,-6.0,26.084,23.489
6lu7_idAACEgen5,-6.1,23.653,20.568
6lu7_idAACEgen5,-6.1,6.352,2.838
6lu7_idAACEgen5,-6.2,3.717,1.665
6lu7_idAACEgen5,-6.5,0.0,0.0
6lu7_idAACDgen5,-6.6,8.815,2.222
6lu7_idAACDgen5,-6.7,19.829,16.865
6lu7_idAACDgen5,-6.8,20.797,18.119
6lu7_idAACDgen5,-6.9,24.598,21.476
6lu7_idAACDgen5,-6.9,24.198,21.044
6lu7_idAACDgen5,-7.1,1.717,1.36
6lu7_idAACDgen5,-7.3,23.893,21.441
6lu7_idAACDgen5,-7.3,24.505,21.041
6lu7_idAACDgen5,-7.6,0.0,0.0
6lu7_idAACCgen5,-10.9,11.138,6.505
6lu7_idAACCgen5,-11.0,6.845,2.847
6lu7_idAACCgen5,-11.0,43.778,38.839
6lu7_idAACCgen5,-11.2,10.925,4.963
6lu7_idAACCgen5,-11.2,24.877,18.485
6lu7_idAACCgen5,-11.2,21.487,12.614
6lu7_idAACCgen5,-11.4,6.97,4.511
6lu7_idAACCgen5,-12.2,8.093,3.611
6lu7_idAACCgen5,-12.6,0.0,0.0
6lu7_idAACBgen5,-11.2,41.062,35.828
6lu7_idAACBgen5,-11.3,19.094,11.706
6lu7_idAACBgen5,-11.5,30.1,25.091
6lu7_idAACBgen5,-11.6,7.531,4.45
6lu7_idAACBgen5,-11.6,8.492,3.676
6lu7_idAACBgen5,-11.6,40.806,35.703
6lu7_idAACBgen5,-12.1,10.453,5.755
6lu7_idAACBgen5,-12.7,9.338,4.562
6lu7_idAACBgen5,-12.9,0.0,0.0
6lu7_idAACAgen5,-11.3,33.38,27.714
6lu7_idAACAgen5,-11.6,26.863,24.72
6lu7_idAACAgen5,-11.6,12.96,1.854
6lu7_idAACAgen5,-11.6,16.05,9.525
6lu7_idAACAgen5,-12.0,19.585,12.229
6lu7_idAACAgen5,-12.7,7.207,1.818
6lu7_idAACAgen5,-14.1,0.0,0.0
6lu7_idAABZgen5,-10.7,41.524,35.985
6lu7_idAABZgen5,-10.8,30.513,24.993
6lu7_idAABZgen5,-10.9,17.922,13.034
6lu7_idAABZgen5,-11.3,18.916,11.52
6lu7_idAABZgen5,-11.5,40.906,35.882
6lu7_idAABZgen5,-11.7,30.035,25.072
6lu7_idAABZgen5,-11.9,11.241,3.646
6lu7_idAABZgen5,-12.3,9.504,4.773
6lu7_idAABZgen5,-12.8,0.0,0.0
6lu7_idAABYgen5,-10.6,19.982,12.246
6lu7_idAABYgen5,-10.6,20.547,13.766
6lu7_idAABYgen5,-10.6,29.704,25.891
6lu7_idAABYgen5,-10.9,30.823,26.405
6lu7_idAABYgen5,-10.9,15.493,7.915
6lu7_idAABYgen5,-11.2,14.689,2.915
6lu7_idAABYgen5,-11.7,38.86,33.027
6lu7_idAABYgen5,-12.7,13.109,2.596
6lu7_idAABYgen5,-12.9,0.0,0.0
6lu7_idAABXgen5,-8.3,5.052,3.016
6lu7_idAABXgen5,-8.3,30.289,26.794
6lu7_idAABXgen5,-8.3,16.046,14.015
6lu7_idAABXgen5,-8.3,9.589,3.535
6lu7_idAABXgen5,-8.6,19.764,18.373
6lu7_idAABXgen5,-8.6,24.723,21.222
6lu7_idAABXgen5,-8.6,8.089,1.382
6lu7_idAABXgen5,-8.7,7.13,3.827
6lu7_idAABXgen5,-8.8,0.0,0.0
6lu7_idAABWgen5,-9.9,21.896,15.704
6lu7_idAABWgen5,-10.1,43.734,38.34
6lu7_idAABWgen5,-10.1,43.418,37.838
6lu7_idAABWgen5,-10.1,45.132,39.538
6lu7_idAABWgen5,-10.1,14.221,6.594
6lu7_idAABWgen5,-10.2,15.262,9.269
6lu7_idAABWgen5,-10.2,13.587,7.608
6lu7_idAABWgen5,-11.0,9.455,2.186
6lu7_idAABWgen5,-12.2,0.0,0.0
6lu7_idAABVgen5,-11.4,12.452,2.727
6lu7_idAABVgen5,-11.4,11.391,4.176
6lu7_idAABVgen5,-11.5,4.579,2.72
6lu7_idAABVgen5,-11.8,6.396,2.203
6lu7_idAABVgen5,-11.8,22.873,18.44
6lu7_idAABVgen5,-11.9,10.264,3.796
6lu7_idAABVgen5,-12.0,6.452,2.345
6lu7_idAABVgen5,-12.1,6.832,2.653
6lu7_idAABVgen5,-12.3,0.0,0.0
6lu7_idAABUgen5,-10.8,14.697,9.217
6lu7_idAABUgen5,-10.9,31.85,28.681
6lu7_idAABUgen5,-11.0,18.898,14.681
6lu7_idAABUgen5,-11.0,34.483,31.287
6lu7_idAABUgen5,-11.0,18.095,13.056
6lu7_idAABUgen5,-11.1,27.527,21.547
6lu7_idAABUgen5,-11.2,26.143,20.309
6lu7_idAABUgen5,-11.4,22.42,20.027
6lu7_idAABUgen5,-11.6,0.0,0.0
6lu7_idAABTgen5,-6.8,29.586,25.916
6lu7_idAABTgen5,-6.9,34.119,29.59
6lu7_idAABTgen5,-6.9,4.684,1.548
6lu7_idAABTgen5,-7.1,35.13,31.409
6lu7_idAABTgen5,-7.2,28.318,24.453
6lu7_idAABTgen5,-7.2,34.263,31.178
6lu7_idAABTgen5,-7.3,34.03,30.437
6lu7_idAABTgen5,-7.4,27.987,23.776
6lu7_idAABTgen5,-8.0,0.0,0.0
6lu7_idAABSgen5,-9.1,33.084,27.271
6lu7_idAABSgen5,-9.1,33.146,29.023
6lu7_idAABSgen5,-9.2,33.809,29.153
6lu7_idAABSgen5,-9.2,8.54,2.765
6lu7_idAABSgen5,-9.6,8.059,1.347
6lu7_idAABSgen5,-9.6,8.465,2.703
6lu7_idAABSgen5,-9.9,7.776,2.179
6lu7_idAABSgen5,-10.0,37.313,31.686
6lu7_idAABSgen5,-10.4,0.0,0.0
6lu7_idAABRgen5,-5.1,28.059,25.707
6lu7_idAABRgen5,-5.1,24.223,22.087
6lu7_idAABRgen5,-5.2,25.633,23.198
6lu7_idAABRgen5,-5.3,27.57,25.248
6lu7_idAABRgen5,-5.3,29.439,26.933
6lu7_idAABRgen5,-5.4,28.682,26.286
6lu7_idAABRgen5,-5.4,28.331,25.2
6lu7_idAABRgen5,-5.4,27.523,25.031
6lu7_idAABRgen5,-6.4,0.0,0.0
6lu7_idAABQgen5,-10.8,28.515,24.136
6lu7_idAABQgen5,-10.8,29.746,24.459
6lu7_idAABQgen5,-10.8,2.203,1.563
6lu7_idAABQgen5,-11.1,2.471,1.602
6lu7_idAABQgen5,-11.3,28.964,23.118
6lu7_idAABQgen5,-11.4,14.291,5.084
6lu7_idAABQgen5,-11.6,20.35,16.889
6lu7_idAABQgen5,-11.7,30.875,26.927
6lu7_idAABQgen5,-12.2,0.0,0.0
6lu7_idAABPgen5,-10.6,33.972,32.245
6lu7_idAABPgen5,-10.9,34.142,32.053
6lu7_idAABPgen5,-11.2,9.377,4.105
6lu7_idAABPgen5,-11.4,34.438,28.066
6lu7_idAABPgen5,-11.7,32.186,25.484
6lu7_idAABPgen5,-11.8,12.157,5.03
6lu7_idAABPgen5,-11.9,30.209,24.582
6lu7_idAABPgen5,-12.3,6.818,1.381
6lu7_idAABPgen5,-13.0,0.0,0.0
6lu7_idAABOgen5,-9.3,11.659,7.396
6lu7_idAABOgen5,-9.4,43.885,37.289
6lu7_idAABOgen5,-9.5,20.483,15.155
6lu7_idAABOgen5,-9.6,38.662,32.385
6lu7_idAABOgen5,-9.6,39.391,33.245
6lu7_idAABOgen5,-9.6,9.539,4.042
6lu7_idAABOgen5,-9.6,6.797,2.626
6lu7_idAABOgen5,-9.8,10.842,5.571
6lu7_idAABOgen5,-10.1,0.0,0.0
6lu7_idAABNgen5,-10.7,30.548,22.531
6lu7_idAABNgen5,-10.7,22.962,17.211
6lu7_idAABNgen5,-10.8,6.438,1.714
6lu7_idAABNgen5,-10.8,30.537,22.559
6lu7_idAABNgen5,-10.9,27.282,23.039
6lu7_idAABNgen5,-11.0,14.706,1.852
6lu7_idAABNgen5,-11.0,30.782,22.089
6lu7_idAABNgen5,-11.3,32.483,27.966
6lu7_idAABNgen5,-11.5,0.0,0.0
6lu7_idAABMgen5,-10.3,11.762,6.152
6lu7_idAABMgen5,-10.5,9.44,5.53
6lu7_idAABMgen5,-10.6,16.903,8.957
6lu7_idAABMgen5,-10.6,30.835,26.79
6lu7_idAABMgen5,-10.8,16.648,5.224
6lu7_idAABMgen5,-10.8,20.517,17.09
6lu7_idAABMgen5,-10.9,1.979,1.093
6lu7_idAABMgen5,-10.9,15.772,7.001
6lu7_idAABMgen5,-11.3,0.0,0.0
6lu7_idAABLgen5,-10.5,12.851,6.23
6lu7_idAABLgen5,-10.7,31.217,27.988
6lu7_idAABLgen5,-10.7,30.239,26.116
6lu7_idAABLgen5,-10.9,9.649,4.422
6lu7_idAABLgen5,-11.1,18.825,11.895
6lu7_idAABLgen5,-11.1,8.361,2.87
6lu7_idAABLgen5,-11.3,19.897,9.033
6lu7_idAABLgen5,-11.7,10.646,4.037
6lu7_idAABLgen5,-12.9,0.0,0.0
6lu7_idAABKgen5,-10.2,9.003,2.842
6lu7_idAABKgen5,-10.2,42.995,37.582
6lu7_idAABKgen5,-10.3,8.544,2.532
6lu7_idAABKgen5,-10.5,7.528,2.483
6lu7_idAABKgen5,-10.6,41.934,36.828
6lu7_idAABKgen5,-10.8,5.607,3.287
6lu7_idAABKgen5,-11.5,7.347,2.49
6lu7_idAABKgen5,-13.1,0.0,0.0
6lu7_idAABJgen5,-9.9,22.596,19.381
6lu7_idAABJgen5,-10.0,27.785,26.393
6lu7_idAABJgen5,-10.2,26.608,21.991
6lu7_idAABJgen5,-10.2,33.106,30.164
6lu7_idAABJgen5,-10.3,18.956,16.534
6lu7_idAABJgen5,-10.7,10.058,3.812
6lu7_idAABJgen5,-10.7,2.231,1.407
6lu7_idAABJgen5,-10.8,3.656,1.843
6lu7_idAABJgen5,-11.5,0.0,0.0
6lu7_idAABIgen5,-10.3,33.278,30.427
6lu7_idAABIgen5,-10.4,19.168,16.922
6lu7_idAABIgen5,-10.4,8.001,4.642
6lu7_idAABIgen5,-10.4,10.129,4.147
6lu7_idAABIgen5,-10.4,18.486,15.979
6lu7_idAABIgen5,-10.5,19.411,16.818
6lu7_idAABIgen5,-10.8,2.798,1.826
6lu7_idAABIgen5,-10.9,4.038,2.635
6lu7_idAABIgen5,-11.7,0.0,0.0
6lu7_idAABHgen5,-6.4,35.895,30.641
6lu7_idAABHgen5,-6.8,26.869,24.699
6lu7_idAABHgen5,-6.8,24.959,23.047
6lu7_idAABHgen5,-7.0,26.864,24.428
6lu7_idAABHgen5,-7.2,6.037,1.351
6lu7_idAABHgen5,-7.5,17.985,13.39
6lu7_idAABHgen5,-7.5,16.474,13.333
6lu7_idAABHgen5,-7.6,7.967,4.051
6lu7_idAABHgen5,-7.7,0.0,0.0
6lu7_idAABGgen5,-10.6,9.502,2.367
6lu7_idAABGgen5,-10.6,30.311,25.0
6lu7_idAABGgen5,-10.6,26.302,20.066
6lu7_idAABGgen5,-10.9,38.899,32.558
6lu7_idAABGgen5,-11.3,38.996,33.7
6lu7_idAABGgen5,-11.3,24.632,19.643
6lu7_idAABGgen5,-11.4,10.277,5.042
6lu7_idAABGgen5,-11.5,33.499,31.308
6lu7_idAABGgen5,-11.9,0.0,0.0
6lu7_idAABEgen5,-9.2,9.086,2.746
6lu7_idAABEgen5,-9.3,13.015,7.612
6lu7_idAABEgen5,-9.4,7.485,3.869
6lu7_idAABEgen5,-9.5,24.277,22.282
6lu7_idAABEgen5,-9.6,2.773,1.766
6lu7_idAABEgen5,-10.1,4.04,2.436
6lu7_idAABEgen5,-10.2,1.751,1.114
6lu7_idAABEgen5,-10.2,7.53,1.722
6lu7_idAABEgen5,-10.3,0.0,0.0
6lu7_idAABDgen5,-5.1,24.65,21.688
6lu7_idAABDgen5,-5.1,24.774,21.489
6lu7_idAABDgen5,-5.1,5.649,3.249
6lu7_idAABDgen5,-5.2,3.814,2.825
6lu7_idAABDgen5,-5.3,28.801,26.235
6lu7_idAABDgen5,-5.5,4.289,2.71
6lu7_idAABDgen5,-5.6,25.227,21.98
6lu7_idAABDgen5,-5.7,6.164,3.212
6lu7_idAABDgen5,-5.8,0.0,0.0
6lu7_idAABCgen5,-8.0,3.092,1.815
6lu7_idAABCgen5,-8.0,25.836,23.342
6lu7_idAABCgen5,-8.0,2.994,1.634
6lu7_idAABCgen5,-8.4,26.829,23.192
6lu7_idAABCgen5,-8.4,26.305,23.172
6lu7_idAABCgen5,-8.4,26.283,24.038
6lu7_idAABCgen5,-8.4,4.258,2.544
6lu7_idAABCgen5,-8.6,25.79,23.163
6lu7_idAABCgen5,-8.7,0.0,0.0
6lu7_idAABBgen5,-9.4,15.844,7.496
6lu7_idAABBgen5,-9.4,8.592,2.978
6lu7_idAABBgen5,-9.4,32.282,25.958
6lu7_idAABBgen5,-9.8,26.354,18.963
6lu7_idAABBgen5,-9.8,28.819,23.203
6lu7_idAABBgen5,-10.1,2.622,1.965
6lu7_idAABBgen5,-10.1,3.043,1.756
6lu7_idAABBgen5,-10.4,1.982,1.488
6lu7_idAABBgen5,-10.6,0.0,0.0
6lu7_idAABAgen5,-13.6,7.649,2.541
6lu7_idAABAgen5,-13.6,41.689,36.604
6lu7_idAABAgen5,-13.6,7.89,3.319
6lu7_idAABAgen5,-13.7,7.947,2.573
6lu7_idAABAgen5,-13.7,7.65,1.496
6lu7_idAABAgen5,-13.9,7.917,2.64
6lu7_idAABAgen5,-14.0,7.627,3.218
6lu7_idAABAgen5,-14.2,6.315,2.022
6lu7_idAABAgen5,-14.8,0.0,0.0
6lu7_idAAAZgen5,-10.8,21.86,18.738
6lu7_idAAAZgen5,-10.8,18.283,16.415
6lu7_idAAAZgen5,-10.9,20.115,17.742
6lu7_idAAAZgen5,-11.0,32.251,28.726
6lu7_idAAAZgen5,-11.1,20.772,17.837
6lu7_idAAAZgen5,-11.1,27.949,26.319
6lu7_idAAAZgen5,-11.1,9.04,1.552
6lu7_idAAAZgen5,-11.5,20.403,17.381
6lu7_idAAAZgen5,-11.7,0.0,0.0
6lu7_idAAAYgen5,-5.9,24.872,22.666
6lu7_idAAAYgen5,-6.0,30.012,28.334
6lu7_idAAAYgen5,-6.2,45.423,41.169
6lu7_idAAAYgen5,-6.4,32.371,26.611
6lu7_idAAAYgen5,-6.4,26.295,23.588
6lu7_idAAAYgen5,-6.7,6.495,3.337
6lu7_idAAAYgen5,-6.9,4.538,2.864
6lu7_idAAAYgen5,-7.0,25.707,23.929
6lu7_idAAAYgen5,-7.2,0.0,0.0
6lu7_idAAAWgen5,-6.3,6.672,3.457
6lu7_idAAAWgen5,-6.4,17.704,11.481
6lu7_idAAAWgen5,-6.4,29.755,27.874
6lu7_idAAAWgen5,-6.5,24.956,23.469
6lu7_idAAAWgen5,-6.5,18.166,13.361
6lu7_idAAAWgen5,-6.6,7.36,1.304
6lu7_idAAAWgen5,-6.8,31.264,25.584
6lu7_idAAAWgen5,-7.0,34.046,31.275
6lu7_idAAAWgen5,-7.2,0.0,0.0
6lu7_idAAAVgen5,-10.4,12.902,3.244
6lu7_idAAAVgen5,-10.4,53.411,50.406
6lu7_idAAAVgen5,-10.5,21.906,16.185
6lu7_idAAAVgen5,-10.5,11.119,3.748
6lu7_idAAAVgen5,-11.1,24.833,21.82
6lu7_idAAAVgen5,-11.2,23.108,18.399
6lu7_idAAAVgen5,-11.2,40.529,36.482
6lu7_idAAAVgen5,-11.4,53.507,50.357
6lu7_idAAAVgen5,-12.0,0.0,0.0
6lu7_idAAAUgen5,-10.4,27.888,25.016
6lu7_idAAAUgen5,-10.5,41.011,36.319
6lu7_idAAAUgen5,-10.6,10.482,5.342
6lu7_idAAAUgen5,-10.6,9.066,5.094
6lu7_idAAAUgen5,-10.8,40.344,35.312
6lu7_idAAAUgen5,-10.8,16.153,14.321
6lu7_idAAAUgen5,-11.3,6.326,4.037
6lu7_idAAAUgen5,-11.3,9.078,2.85
6lu7_idAAAUgen5,-11.5,0.0,0.0
6lu7_idAAATgen5,-14.1,35.79,29.401
6lu7_idAAATgen5,-14.2,23.338,20.187
6lu7_idAAATgen5,-14.4,15.301,10.111
6lu7_idAAATgen5,-14.5,10.867,5.221
6lu7_idAAATgen5,-14.9,3.268,1.449
6lu7_idAAATgen5,-15.0,36.267,29.479
6lu7_idAAATgen5,-15.1,8.103,0.888
6lu7_idAAATgen5,-15.4,10.445,1.745
6lu7_idAAATgen5,-15.9,0.0,0.0
6lu7_idAAASgen5,-12.7,14.377,9.635
6lu7_idAAASgen5,-12.8,16.313,4.691
6lu7_idAAASgen5,-12.8,15.722,4.636
6lu7_idAAASgen5,-12.9,14.741,9.636
6lu7_idAAASgen5,-13.1,9.088,5.426
6lu7_idAAASgen5,-13.2,15.759,3.854
6lu7_idAAASgen5,-13.9,15.796,4.185
6lu7_idAAASgen5,-14.0,2.096,1.453
6lu7_idAAASgen5,-14.4,0.0,0.0
6lu7_idAAARgen5,-10.8,18.725,13.626
6lu7_idAAARgen5,-11.1,30.639,25.216
6lu7_idAAARgen5,-11.3,6.355,2.944
6lu7_idAAARgen5,-11.3,12.556,5.153
6lu7_idAAARgen5,-11.5,21.14,14.433
6lu7_idAAARgen5,-11.5,20.185,7.125
6lu7_idAAARgen5,-11.6,12.171,8.134
6lu7_idAAARgen5,-12.5,7.503,3.377
6lu7_idAAARgen5,-13.6,0.0,0.0
6lu7_idAAAQgen5,-5.1,8.331,4.422
6lu7_idAAAQgen5,-5.2,6.555,3.967
6lu7_idAAAQgen5,-5.3,26.293,22.875
6lu7_idAAAQgen5,-5.3,26.899,23.389
6lu7_idAAAQgen5,-5.4,5.477,2.662
6lu7_idAAAQgen5,-5.5,3.888,2.804
6lu7_idAAAQgen5,-5.7,5.456,3.412
6lu7_idAAAQgen5,-5.7,4.078,2.083
6lu7_idAAAQgen5,-5.8,0.0,0.0
6lu7_idAAAPgen5,-12.4,25.113,17.445
6lu7_idAAAPgen5,-12.4,37.03,32.971
6lu7_idAAAPgen5,-13.0,31.191,27.346
6lu7_idAAAPgen5,-13.0,25.3,23.337
6lu7_idAAAPgen5,-13.7,20.218,12.254
6lu7_idAAAPgen5,-13.7,30.913,25.171
6lu7_idAAAPgen5,-14.0,19.194,12.653
6lu7_idAAAPgen5,-14.1,19.44,13.696
6lu7_idAAAPgen5,-14.3,0.0,0.0
6lu7_idAAAOgen5,-12.9,8.061,1.638
6lu7_idAAAOgen5,-13.3,6.828,1.805
6lu7_idAAAOgen5,-13.6,18.428,11.832
6lu7_idAAAOgen5,-15.6,0.0,0.0
6lu7_idAAAMgen5,-11.4,26.435,20.943
6lu7_idAAAMgen5,-11.5,12.778,7.486
6lu7_idAAAMgen5,-11.6,21.273,15.118
6lu7_idAAAMgen5,-11.7,25.079,22.007
6lu7_idAAAMgen5,-11.7,18.149,10.338
6lu7_idAAAMgen5,-11.7,25.309,22.03
6lu7_idAAAMgen5,-11.9,9.74,6.719
6lu7_idAAAMgen5,-12.0,18.867,10.895
6lu7_idAAAMgen5,-12.3,0.0,0.0
6lu7_idAAALgen5,-11.1,16.136,4.837
6lu7_idAAALgen5,-11.3,7.458,3.835
6lu7_idAAALgen5,-11.3,10.663,4.511
6lu7_idAAALgen5,-11.5,2.654,1.722
6lu7_idAAALgen5,-11.5,24.553,22.179
6lu7_idAAALgen5,-12.0,6.541,2.338
6lu7_idAAALgen5,-12.1,3.475,1.498
6lu7_idAAALgen5,-12.3,2.475,1.788
6lu7_idAAALgen5,-13.0,0.0,0.0
6lu7_idAAAKgen5,-9.8,10.873,6.464
6lu7_idAAAKgen5,-9.8,31.441,26.417
6lu7_idAAAKgen5,-9.8,12.946,4.817
6lu7_idAAAKgen5,-9.9,24.889,19.005
6lu7_idAAAKgen5,-10.0,12.275,4.432
6lu7_idAAAKgen5,-10.1,11.116,5.173
6lu7_idAAAKgen5,-10.1,6.785,2.389
6lu7_idAAAKgen5,-10.4,9.114,3.858
6lu7_idAAAKgen5,-11.3,0.0,0.0
6lu7_idAAAJgen5,-4.9,13.195,10.621
6lu7_idAAAJgen5,-4.9,26.519,24.51
6lu7_idAAAJgen5,-5.0,12.173,9.7
6lu7_idAAAJgen5,-5.1,27.497,25.582
6lu7_idAAAJgen5,-5.1,5.095,2.887
6lu7_idAAAJgen5,-5.4,6.399,2.821
6lu7_idAAAJgen5,-5.4,33.711,31.116
6lu7_idAAAJgen5,-5.5,33.791,31.102
6lu7_idAAAJgen5,-5.7,0.0,0.0
6lu7_idAAAIgen5,-9.8,44.514,40.008
6lu7_idAAAIgen5,-9.8,32.833,26.158
6lu7_idAAAIgen5,-9.8,32.523,26.775
6lu7_idAAAIgen5,-10.0,56.903,53.434
6lu7_idAAAIgen5,-10.0,50.371,47.357
6lu7_idAAAIgen5,-10.1,47.386,42.18
6lu7_idAAAIgen5,-10.3,32.383,26.57
6lu7_idAAAIgen5,-10.4,26.829,22.755
6lu7_idAAAIgen5,-10.9,0.0,0.0
6lu7_idAAAHgen5,-9.8,26.541,24.263
6lu7_idAAAHgen5,-9.9,12.083,5.046
6lu7_idAAAHgen5,-9.9,3.65,1.997
6lu7_idAAAHgen5,-10.2,10.661,2.694
6lu7_idAAAHgen5,-10.3,2.62,1.489
6lu7_idAAAHgen5,-10.5,40.085,35.67
6lu7_idAAAHgen5,-10.7,8.963,2.463
6lu7_idAAAHgen5,-11.0,2.886,1.517
6lu7_idAAAHgen5,-11.1,0.0,0.0
6lu7_idAAAGgen5,-9.8,11.228,2.571
6lu7_idAAAGgen5,-9.9,8.096,4.811
6lu7_idAAAGgen5,-10.0,7.005,2.976
6lu7_idAAAGgen5,-10.2,9.653,4.437
6lu7_idAAAGgen5,-10.2,10.109,3.525
6lu7_idAAAGgen5,-10.4,7.804,3.818
6lu7_idAAAGgen5,-10.7,3.037,2.076
6lu7_idAAAGgen5,-10.8,2.016,1.121
6lu7_idAAAGgen5,-11.4,0.0,0.0
6lu7_idAAAFgen5,-11.5,12.246,5.073
6lu7_idAAAFgen5,-11.5,11.475,3.019
6lu7_idAAAFgen5,-11.5,25.811,22.395
6lu7_idAAAFgen5,-11.6,6.631,2.026
6lu7_idAAAFgen5,-11.8,30.187,22.456
6lu7_idAAAFgen5,-12.0,9.91,4.42
6lu7_idAAAFgen5,-12.3,7.042,2.268
6lu7_idAAAFgen5,-12.3,39.911,35.721
6lu7_idAAAFgen5,-12.5,0.0,0.0
6lu7_idAAAEgen5,-9.3,40.787,35.985
6lu7_idAAAEgen5,-9.4,35.275,31.171
6lu7_idAAAEgen5,-9.5,29.858,29.311
6lu7_idAAAEgen5,-9.5,30.368,29.43
6lu7_idAAAEgen5,-9.9,41.925,37.09
6lu7_idAAAEgen5,-10.0,7.309,2.426
6lu7_idAAAEgen5,-10.1,42.677,37.463
6lu7_idAAAEgen5,-10.4,5.658,3.196
6lu7_idAAAEgen5,-12.0,0.0,0.0
6lu7_idAAADgen5,-10.1,42.414,37.572
6lu7_idAAADgen5,-10.4,8.61,2.571
6lu7_idAAADgen5,-10.5,2.355,1.797
6lu7_idAAADgen5,-10.6,10.054,4.112
6lu7_idAAADgen5,-10.8,5.706,3.428
6lu7_idAAADgen5,-10.9,42.204,37.208
6lu7_idAAADgen5,-11.5,7.401,2.605
6lu7_idAAADgen5,-13.0,0.0,0.0
6lu7_idAAACgen5,-8.1,2.835,1.912
6lu7_idAAACgen5,-8.1,20.833,15.993
6lu7_idAAACgen5,-8.3,3.096,2.262
6lu7_idAAACgen5,-8.3,7.714,2.829
6lu7_idAAACgen5,-8.4,42.255,40.841
6lu7_idAAACgen5,-8.8,2.534,1.728
6lu7_idAAACgen5,-8.9,0.0,0.0
6lu7_idAAACgen5,-8.9,6.295,3.466
6lu7_idAAACgen5,-8.9,27.894,24.563
