Ligand,Binding Affinity,rmsd/ub, rmsd/lb
6lu7_idAAUAgen0,-6.9,0.0,0.0
6lu7_idAAUAgen0,-6.7,3.339,2.265
6lu7_idAAUAgen0,-6.7,22.59,19.126
6lu7_idAAUAgen0,-6.5,2.329,1.891
6lu7_idAAUAgen0,-6.5,47.705,42.488
6lu7_idAAUAgen0,-6.3,10.238,4.414
6lu7_idAAUAgen0,-6.3,2.863,2.268
6lu7_idAAUAgen0,-6.3,22.994,19.521
6lu7_idAAUAgen0,-6.1,45.115,39.35
6lu7_idAAUBgen0,-6.5,0.0,0.0
6lu7_idAAUBgen0,-6.4,5.156,3.836
6lu7_idAAUBgen0,-6.3,21.907,20.419
6lu7_idAAUBgen0,-6.2,22.347,20.742
6lu7_idAAUBgen0,-6.2,4.294,3.311
6lu7_idAAUBgen0,-6.1,39.242,37.442
6lu7_idAAUBgen0,-5.9,33.692,29.16
6lu7_idAAUBgen0,-5.9,20.123,17.142
6lu7_idAAUBgen0,-5.9,22.112,21.111
6lu7_idAAUCgen0,-5.8,0.0,0.0
6lu7_idAAUCgen0,-5.8,4.883,1.303
6lu7_idAAUCgen0,-5.6,27.702,24.754
6lu7_idAAUCgen0,-5.5,4.806,1.983
6lu7_idAAUCgen0,-5.4,28.068,25.799
6lu7_idAAUCgen0,-5.4,20.71,17.468
6lu7_idAAUCgen0,-5.3,32.63,29.593
6lu7_idAAUCgen0,-5.2,2.028,1.506
6lu7_idAAUCgen0,-5.2,6.695,2.267
6lu7_idAAUDgen0,-6.1,0.0,0.0
6lu7_idAAUDgen0,-6.1,31.006,29.121
6lu7_idAAUDgen0,-5.9,40.307,37.676
6lu7_idAAUDgen0,-5.9,42.155,39.656
6lu7_idAAUDgen0,-5.8,31.207,29.232
6lu7_idAAUDgen0,-5.7,42.884,40.341
6lu7_idAAUDgen0,-5.6,17.541,16.559
6lu7_idAAUDgen0,-5.6,30.528,28.417
6lu7_idAAUDgen0,-5.5,41.387,39.153
6lu7_idAAUEgen0,-6.0,0.0,0.0
6lu7_idAAUEgen0,-5.9,29.727,26.4
6lu7_idAAUEgen0,-5.7,42.759,39.379
6lu7_idAAUEgen0,-5.6,6.696,2.601
6lu7_idAAUEgen0,-5.5,42.089,38.453
6lu7_idAAUEgen0,-5.5,29.569,26.434
6lu7_idAAUEgen0,-5.5,29.806,26.139
6lu7_idAAUEgen0,-5.5,28.433,23.947
6lu7_idAAUEgen0,-5.4,30.066,26.469
6lu7_idAAUFgen0,-6.5,0.0,0.0
6lu7_idAAUFgen0,-6.2,2.336,1.762
6lu7_idAAUFgen0,-6.0,10.121,4.757
6lu7_idAAUFgen0,-5.9,26.175,22.608
6lu7_idAAUFgen0,-5.9,25.777,21.723
6lu7_idAAUFgen0,-5.9,25.218,21.16
6lu7_idAAUFgen0,-5.8,26.197,22.195
6lu7_idAAUFgen0,-5.8,27.028,22.931
6lu7_idAAUFgen0,-5.7,26.988,22.891
6lu7_idAAUGgen0,-6.1,0.0,0.0
6lu7_idAAUGgen0,-6.1,2.518,1.841
6lu7_idAAUGgen0,-6.0,17.805,15.77
6lu7_idAAUGgen0,-5.9,33.448,29.428
6lu7_idAAUGgen0,-5.5,26.205,22.361
6lu7_idAAUGgen0,-5.5,45.908,41.937
6lu7_idAAUGgen0,-5.4,33.294,30.636
6lu7_idAAUGgen0,-5.4,37.954,35.606
6lu7_idAAUGgen0,-5.4,23.705,21.388
6lu7_idAAUJgen0,-7.3,0.0,0.0
6lu7_idAAUJgen0,-7.3,2.076,1.341
6lu7_idAAUJgen0,-7.0,5.606,3.681
6lu7_idAAUJgen0,-6.8,25.717,22.222
6lu7_idAAUJgen0,-6.8,25.476,21.954
6lu7_idAAUJgen0,-6.8,4.668,3.055
6lu7_idAAUJgen0,-6.6,7.738,4.15
6lu7_idAAUJgen0,-6.5,4.905,3.578
6lu7_idAAUJgen0,-6.5,26.862,23.399
6lu7_idAAULgen0,-7.1,0.0,0.0
6lu7_idAAULgen0,-7.0,7.641,3.431
6lu7_idAAULgen0,-6.9,22.341,20.911
6lu7_idAAULgen0,-6.9,22.512,21.401
6lu7_idAAULgen0,-6.6,20.726,19.033
6lu7_idAAULgen0,-6.6,24.917,23.703
6lu7_idAAULgen0,-6.6,23.121,19.794
6lu7_idAAULgen0,-6.5,22.393,20.634
6lu7_idAAULgen0,-6.5,6.448,3.189
6lu7_idAAUMgen0,-6.6,0.0,0.0
6lu7_idAAUMgen0,-6.3,16.197,13.286
6lu7_idAAUMgen0,-6.3,20.801,18.221
6lu7_idAAUMgen0,-6.2,5.723,4.958
6lu7_idAAUMgen0,-6.2,31.688,27.266
6lu7_idAAUMgen0,-6.2,26.252,21.88
6lu7_idAAUMgen0,-6.1,24.895,21.376
6lu7_idAAUMgen0,-6.1,39.907,35.62
6lu7_idAAUMgen0,-6.0,38.892,35.86
6lu7_idAAUOgen0,-5.6,0.0,0.0
6lu7_idAAUOgen0,-5.2,5.594,2.971
6lu7_idAAUOgen0,-5.0,5.33,2.217
6lu7_idAAUOgen0,-5.0,6.682,4.66
6lu7_idAAUOgen0,-4.9,36.14,33.277
6lu7_idAAUOgen0,-4.9,36.126,33.258
6lu7_idAAUOgen0,-4.9,5.298,2.789
6lu7_idAAUOgen0,-4.8,7.455,5.566
6lu7_idAAUOgen0,-4.8,4.891,2.495
6lu7_idAAUPgen0,-5.8,0.0,0.0
6lu7_idAAUPgen0,-5.7,9.977,4.065
6lu7_idAAUPgen0,-5.7,10.714,5.366
6lu7_idAAUPgen0,-5.7,1.982,1.588
6lu7_idAAUPgen0,-5.6,21.239,17.767
6lu7_idAAUPgen0,-5.4,21.018,18.148
6lu7_idAAUPgen0,-5.4,8.786,2.602
6lu7_idAAUPgen0,-5.3,42.085,37.789
6lu7_idAAUPgen0,-5.3,40.647,38.635
6lu7_idAAUQgen0,-6.8,0.0,0.0
6lu7_idAAUQgen0,-5.8,23.275,20.54
6lu7_idAAUQgen0,-5.7,4.647,2.188
6lu7_idAAUQgen0,-5.7,21.244,19.163
6lu7_idAAUQgen0,-5.7,20.504,17.556
6lu7_idAAUQgen0,-5.7,23.521,21.011
6lu7_idAAUQgen0,-5.7,6.912,4.848
6lu7_idAAUQgen0,-5.6,3.384,2.243
6lu7_idAAUQgen0,-5.6,3.95,2.348
6lu7_idAAURgen0,-5.3,0.0,0.0
6lu7_idAAURgen0,-5.0,45.001,40.443
6lu7_idAAURgen0,-5.0,8.218,4.441
6lu7_idAAURgen0,-4.8,33.781,30.89
6lu7_idAAURgen0,-4.8,18.85,15.501
6lu7_idAAURgen0,-4.8,30.746,28.752
6lu7_idAAURgen0,-4.8,1.969,1.525
6lu7_idAAURgen0,-4.8,2.412,1.805
6lu7_idAAURgen0,-4.8,43.223,39.479
6lu7_idAAUTgen0,-6.7,0.0,0.0
6lu7_idAAUTgen0,-6.7,34.743,31.2
6lu7_idAAUTgen0,-6.7,34.449,31.083
6lu7_idAAUTgen0,-6.6,33.575,30.296
6lu7_idAAUTgen0,-6.5,35.642,32.343
6lu7_idAAUTgen0,-6.4,17.313,14.47
6lu7_idAAUTgen0,-6.3,25.426,21.623
6lu7_idAAUTgen0,-6.2,28.838,27.417
6lu7_idAAUTgen0,-6.2,35.288,33.001
6lu7_idAAUUgen0,-6.3,0.0,0.0
6lu7_idAAUUgen0,-5.8,35.736,32.45
6lu7_idAAUUgen0,-5.6,5.259,2.172
6lu7_idAAUUgen0,-5.5,24.59,21.611
6lu7_idAAUUgen0,-5.4,4.022,2.085
6lu7_idAAUUgen0,-5.4,23.556,20.612
6lu7_idAAUUgen0,-5.3,24.076,21.284
6lu7_idAAUUgen0,-5.3,11.261,9.214
6lu7_idAAUUgen0,-5.3,24.596,21.609
6lu7_idAAUVgen0,-7.4,0.0,0.0
6lu7_idAAUVgen0,-6.8,41.809,38.126
6lu7_idAAUVgen0,-6.8,43.133,39.816
6lu7_idAAUVgen0,-6.8,42.529,38.822
6lu7_idAAUVgen0,-6.7,3.109,2.454
6lu7_idAAUVgen0,-6.7,42.545,38.915
6lu7_idAAUVgen0,-6.5,56.037,53.49
6lu7_idAAUVgen0,-6.5,31.237,27.711
6lu7_idAAUVgen0,-6.3,42.938,39.27
6lu7_idAAUWgen0,-7.2,0.0,0.0
6lu7_idAAUWgen0,-7.1,8.367,4.961
6lu7_idAAUWgen0,-7.0,7.705,5.039
6lu7_idAAUWgen0,-6.9,24.168,22.735
6lu7_idAAUWgen0,-6.9,30.952,29.053
6lu7_idAAUWgen0,-6.8,24.631,23.048
6lu7_idAAUWgen0,-6.8,7.223,5.289
6lu7_idAAUWgen0,-6.7,25.378,23.719
6lu7_idAAUWgen0,-6.7,21.005,19.251
6lu7_idAAUXgen0,-6.9,0.0,0.0
6lu7_idAAUXgen0,-6.8,4.185,1.39
6lu7_idAAUXgen0,-6.7,8.284,2.363
6lu7_idAAUXgen0,-6.7,23.628,20.088
6lu7_idAAUXgen0,-6.6,8.775,2.49
6lu7_idAAUXgen0,-6.4,24.178,21.613
6lu7_idAAUXgen0,-6.3,24.084,20.6
6lu7_idAAUXgen0,-6.3,8.684,2.348
6lu7_idAAUXgen0,-6.3,8.171,2.979
6lu7_idAAUZgen0,-6.9,0.0,0.0
6lu7_idAAUZgen0,-6.7,36.63,34.365
6lu7_idAAUZgen0,-6.4,39.596,37.428
6lu7_idAAUZgen0,-6.1,2.059,1.232
6lu7_idAAUZgen0,-6.1,39.668,37.384
6lu7_idAAUZgen0,-5.8,39.017,36.837
6lu7_idAAUZgen0,-5.8,53.301,50.748
6lu7_idAAUZgen0,-5.7,43.591,41.363
6lu7_idAAUZgen0,-5.6,36.107,34.532
6lu7_idAAVAgen0,-8.2,0.0,0.0
6lu7_idAAVAgen0,-7.7,36.559,30.319
6lu7_idAAVAgen0,-7.3,39.666,34.837
6lu7_idAAVAgen0,-7.0,25.251,22.02
6lu7_idAAVAgen0,-7.0,37.567,31.539
6lu7_idAAVAgen0,-7.0,33.725,29.667
6lu7_idAAVAgen0,-7.0,31.994,25.934
6lu7_idAAVAgen0,-6.8,32.003,26.045
6lu7_idAAVAgen0,-6.6,4.81,1.542
6lu7_idAAVCgen0,-6.6,0.0,0.0
6lu7_idAAVCgen0,-6.6,26.954,25.384
6lu7_idAAVCgen0,-6.5,26.736,25.142
6lu7_idAAVCgen0,-6.3,26.208,24.9
6lu7_idAAVCgen0,-6.2,40.287,37.65
6lu7_idAAVCgen0,-6.1,40.596,38.232
6lu7_idAAVCgen0,-6.0,27.257,25.642
6lu7_idAAVCgen0,-6.0,40.709,38.038
6lu7_idAAVCgen0,-5.8,41.336,39.049
6lu7_idAAVDgen0,-6.1,0.0,0.0
6lu7_idAAVDgen0,-6.1,26.645,23.703
6lu7_idAAVDgen0,-5.9,2.776,2.088
6lu7_idAAVDgen0,-5.8,24.208,22.589
6lu7_idAAVDgen0,-5.7,23.621,21.32
6lu7_idAAVDgen0,-5.7,10.717,7.573
6lu7_idAAVDgen0,-5.7,9.735,6.77
6lu7_idAAVDgen0,-5.7,24.477,22.252
6lu7_idAAVDgen0,-5.6,23.434,21.896
6lu7_idAAVEgen0,-6.9,0.0,0.0
6lu7_idAAVEgen0,-6.6,7.278,4.846
6lu7_idAAVEgen0,-6.4,19.999,18.131
6lu7_idAAVEgen0,-6.2,11.372,6.056
6lu7_idAAVEgen0,-6.2,19.894,17.92
6lu7_idAAVEgen0,-6.1,19.584,17.96
6lu7_idAAVEgen0,-6.1,30.102,26.697
6lu7_idAAVEgen0,-6.1,20.43,18.568
6lu7_idAAVEgen0,-6.0,31.358,28.095
6lu7_idAAVFgen0,-6.1,0.0,0.0
6lu7_idAAVFgen0,-6.1,18.22,16.581
6lu7_idAAVFgen0,-6.1,33.943,29.342
6lu7_idAAVFgen0,-6.1,7.443,3.455
6lu7_idAAVFgen0,-6.0,19.261,17.26
6lu7_idAAVFgen0,-6.0,9.468,2.184
6lu7_idAAVFgen0,-6.0,9.579,1.802
6lu7_idAAVFgen0,-5.9,8.695,4.039
6lu7_idAAVFgen0,-5.9,8.37,4.131
6lu7_idAAVHgen0,-6.3,0.0,0.0
6lu7_idAAVHgen0,-5.9,24.897,21.949
6lu7_idAAVHgen0,-5.8,34.863,31.565
6lu7_idAAVHgen0,-5.8,35.125,32.167
6lu7_idAAVHgen0,-5.8,4.417,3.177
6lu7_idAAVHgen0,-5.8,9.862,6.767
6lu7_idAAVHgen0,-5.8,9.926,7.033
6lu7_idAAVHgen0,-5.7,7.714,2.947
6lu7_idAAVHgen0,-5.7,25.463,22.355
6lu7_idAAVIgen0,-6.6,0.0,0.0
6lu7_idAAVIgen0,-6.0,23.297,20.422
6lu7_idAAVIgen0,-5.6,2.685,1.675
6lu7_idAAVIgen0,-5.5,8.637,5.185
6lu7_idAAVIgen0,-5.5,24.18,21.218
6lu7_idAAVIgen0,-5.4,24.259,21.41
6lu7_idAAVIgen0,-5.4,23.4,19.97
6lu7_idAAVIgen0,-5.3,19.582,17.885
6lu7_idAAVIgen0,-5.1,27.858,24.768
6lu7_idAAVJgen0,-9.9,0.0,0.0
6lu7_idAAVJgen0,-9.7,7.736,3.346
6lu7_idAAVJgen0,-9.3,7.794,2.566
6lu7_idAAVJgen0,-9.2,34.702,29.937
6lu7_idAAVJgen0,-9.0,2.93,1.631
6lu7_idAAVJgen0,-8.9,8.555,3.459
6lu7_idAAVJgen0,-8.8,5.574,2.872
6lu7_idAAVJgen0,-8.4,19.962,17.38
6lu7_idAAVJgen0,-8.4,18.44,15.867
6lu7_idAAVKgen0,-7.2,0.0,0.0
6lu7_idAAVKgen0,-7.0,25.626,23.524
6lu7_idAAVKgen0,-6.7,27.9,26.448
6lu7_idAAVKgen0,-6.6,21.949,18.472
6lu7_idAAVKgen0,-6.6,26.021,23.763
6lu7_idAAVKgen0,-6.5,7.184,3.199
6lu7_idAAVKgen0,-6.5,25.725,23.317
6lu7_idAAVKgen0,-6.5,3.532,2.44
6lu7_idAAVKgen0,-6.4,25.494,22.454
6lu7_idAAVLgen0,-6.5,0.0,0.0
6lu7_idAAVLgen0,-6.5,18.044,16.98
6lu7_idAAVLgen0,-6.4,23.414,21.268
6lu7_idAAVLgen0,-6.4,22.73,20.679
6lu7_idAAVLgen0,-6.4,6.536,4.397
6lu7_idAAVLgen0,-6.3,9.112,3.306
6lu7_idAAVLgen0,-6.3,22.637,20.434
6lu7_idAAVLgen0,-6.3,22.548,18.755
6lu7_idAAVLgen0,-6.2,32.962,29.07
6lu7_idAAVMgen0,-5.9,0.0,0.0
6lu7_idAAVMgen0,-5.8,22.51,19.457
6lu7_idAAVMgen0,-5.8,22.701,19.568
6lu7_idAAVMgen0,-5.7,22.151,19.664
6lu7_idAAVMgen0,-5.7,21.938,19.805
6lu7_idAAVMgen0,-5.6,22.832,21.19
6lu7_idAAVMgen0,-5.6,7.725,2.187
6lu7_idAAVMgen0,-5.5,19.915,18.774
6lu7_idAAVMgen0,-5.5,7.866,3.416
6lu7_idAAVNgen0,-7.6,0.0,0.0
6lu7_idAAVNgen0,-7.5,5.99,1.548
6lu7_idAAVNgen0,-7.2,2.531,1.591
6lu7_idAAVNgen0,-7.1,8.128,3.35
6lu7_idAAVNgen0,-7.0,7.426,2.921
6lu7_idAAVNgen0,-6.9,9.7,2.943
6lu7_idAAVNgen0,-6.8,8.771,3.462
6lu7_idAAVNgen0,-6.7,7.281,2.787
6lu7_idAAVNgen0,-6.7,26.468,22.748
6lu7_idAAVPgen0,-5.0,0.0,0.0
6lu7_idAAVPgen0,-4.9,6.742,3.324
6lu7_idAAVPgen0,-4.9,35.68,32.912
6lu7_idAAVPgen0,-4.8,36.285,32.838
6lu7_idAAVPgen0,-4.7,6.158,4.622
6lu7_idAAVPgen0,-4.6,34.957,32.812
6lu7_idAAVPgen0,-4.6,7.456,3.908
6lu7_idAAVPgen0,-4.5,3.191,2.296
6lu7_idAAVPgen0,-4.5,6.992,3.082
6lu7_idAAVQgen0,-7.0,0.0,0.0
6lu7_idAAVQgen0,-6.9,24.85,22.086
6lu7_idAAVQgen0,-6.9,7.237,4.675
6lu7_idAAVQgen0,-6.7,8.231,5.125
6lu7_idAAVQgen0,-6.6,6.731,4.34
6lu7_idAAVQgen0,-6.6,25.272,22.002
6lu7_idAAVQgen0,-6.5,8.206,4.923
6lu7_idAAVQgen0,-6.3,24.263,21.16
6lu7_idAAVQgen0,-6.2,9.984,5.33
6lu7_idAAVSgen0,-7.6,0.0,0.0
6lu7_idAAVSgen0,-7.4,31.737,29.567
6lu7_idAAVSgen0,-7.4,31.312,26.863
6lu7_idAAVSgen0,-7.3,32.568,29.025
6lu7_idAAVSgen0,-7.3,32.478,26.93
6lu7_idAAVSgen0,-7.3,32.329,26.851
6lu7_idAAVSgen0,-7.2,33.95,31.285
6lu7_idAAVSgen0,-7.2,33.847,31.627
6lu7_idAAVSgen0,-7.2,34.813,31.529
6lu7_idAAVVgen0,-7.4,0.0,0.0
6lu7_idAAVVgen0,-7.2,16.789,14.555
6lu7_idAAVVgen0,-7.2,22.09,18.947
6lu7_idAAVVgen0,-7.2,25.65,22.19
6lu7_idAAVVgen0,-7.0,22.972,19.13
6lu7_idAAVVgen0,-7.0,23.308,19.588
6lu7_idAAVVgen0,-7.0,22.108,19.183
6lu7_idAAVVgen0,-7.0,21.491,17.22
6lu7_idAAVVgen0,-7.0,4.567,2.261
6lu7_idAAVWgen0,-5.9,0.0,0.0
6lu7_idAAVWgen0,-5.7,14.064,10.206
6lu7_idAAVWgen0,-5.5,10.673,3.449
6lu7_idAAVWgen0,-5.5,19.161,16.927
6lu7_idAAVWgen0,-5.5,24.387,22.355
6lu7_idAAVWgen0,-5.4,39.098,35.943
6lu7_idAAVWgen0,-5.3,19.114,15.998
6lu7_idAAVWgen0,-5.3,18.476,15.688
6lu7_idAAVWgen0,-5.3,10.27,3.041
6lu7_idAAVXgen0,-10.1,0.0,0.0
6lu7_idAAVXgen0,-9.5,5.809,1.967
6lu7_idAAVXgen0,-9.4,23.058,18.728
6lu7_idAAVXgen0,-9.2,16.827,10.462
6lu7_idAAVXgen0,-9.2,14.697,4.518
6lu7_idAAVXgen0,-9.2,15.323,5.806
6lu7_idAAVXgen0,-9.1,15.94,4.707
6lu7_idAAVXgen0,-9.0,29.498,22.693
6lu7_idAAVXgen0,-9.0,16.696,5.629
6lu7_idAAVYgen0,-6.8,0.0,0.0
6lu7_idAAVYgen0,-6.7,24.375,22.089
6lu7_idAAVYgen0,-6.7,25.816,22.761
6lu7_idAAVYgen0,-6.7,2.119,0.345
6lu7_idAAVYgen0,-6.7,25.668,22.599
6lu7_idAAVYgen0,-6.6,24.295,21.429
6lu7_idAAVYgen0,-6.5,6.768,3.418
6lu7_idAAVYgen0,-6.4,23.32,20.322
6lu7_idAAVYgen0,-6.3,25.943,22.905
6lu7_idAAVZgen0,-6.2,0.0,0.0
6lu7_idAAVZgen0,-6.2,1.539,0.157
6lu7_idAAVZgen0,-6.2,3.026,0.256
6lu7_idAAVZgen0,-6.1,37.615,35.399
6lu7_idAAVZgen0,-6.0,35.167,33.989
6lu7_idAAVZgen0,-5.9,41.892,37.089
6lu7_idAAVZgen0,-5.9,39.804,35.449
6lu7_idAAVZgen0,-5.9,40.6,36.303
6lu7_idAAVZgen0,-5.8,41.406,36.546
6lu7_idAAWAgen0,-7.1,0.0,0.0
6lu7_idAAWAgen0,-7.0,7.116,2.972
6lu7_idAAWAgen0,-6.8,7.556,3.584
6lu7_idAAWAgen0,-6.6,8.129,4.285
6lu7_idAAWAgen0,-6.5,26.021,23.823
6lu7_idAAWAgen0,-6.4,16.845,13.87
6lu7_idAAWAgen0,-6.4,3.441,2.105
6lu7_idAAWAgen0,-6.4,21.694,19.393
6lu7_idAAWAgen0,-6.4,44.078,39.565
6lu7_idAAWBgen0,-6.5,0.0,0.0
6lu7_idAAWBgen0,-6.3,4.118,2.483
6lu7_idAAWBgen0,-6.2,11.642,10.213
6lu7_idAAWBgen0,-6.2,37.362,33.409
6lu7_idAAWBgen0,-6.1,36.513,32.871
6lu7_idAAWBgen0,-6.1,36.747,34.427
6lu7_idAAWBgen0,-6.0,8.576,2.134
6lu7_idAAWBgen0,-5.8,16.682,14.095
6lu7_idAAWBgen0,-5.8,9.199,6.331
6lu7_idAAWCgen0,-6.7,0.0,0.0
6lu7_idAAWCgen0,-6.5,4.737,2.728
6lu7_idAAWCgen0,-6.4,4.063,1.016
6lu7_idAAWCgen0,-6.3,4.444,2.521
6lu7_idAAWCgen0,-6.1,5.274,2.978
6lu7_idAAWCgen0,-5.9,5.268,2.274
6lu7_idAAWCgen0,-5.8,7.238,4.947
6lu7_idAAWCgen0,-5.8,6.716,3.294
6lu7_idAAWCgen0,-5.7,25.012,22.405
6lu7_idAAWDgen0,-5.0,0.0,0.0
6lu7_idAAWDgen0,-4.9,31.478,27.434
6lu7_idAAWDgen0,-4.9,17.226,15.042
6lu7_idAAWDgen0,-4.8,22.005,20.542
6lu7_idAAWDgen0,-4.7,22.423,18.325
6lu7_idAAWDgen0,-4.7,27.727,24.671
6lu7_idAAWDgen0,-4.7,12.882,9.821
6lu7_idAAWDgen0,-4.6,7.521,4.084
6lu7_idAAWDgen0,-4.6,6.896,2.242
6lu7_idAAWFgen0,-6.6,0.0,0.0
6lu7_idAAWFgen0,-6.6,41.216,37.109
6lu7_idAAWFgen0,-6.6,4.292,3.129
6lu7_idAAWFgen0,-6.6,41.788,36.956
6lu7_idAAWFgen0,-6.5,2.695,1.693
6lu7_idAAWFgen0,-6.4,23.625,21.903
6lu7_idAAWFgen0,-6.3,3.967,2.31
6lu7_idAAWFgen0,-6.2,39.168,37.166
6lu7_idAAWFgen0,-6.1,41.268,36.205
6lu7_idAAWGgen0,-7.3,0.0,0.0
6lu7_idAAWGgen0,-7.1,32.877,26.378
6lu7_idAAWGgen0,-7.0,28.213,25.646
6lu7_idAAWGgen0,-7.0,24.322,19.992
6lu7_idAAWGgen0,-6.8,9.819,5.984
6lu7_idAAWGgen0,-6.8,28.407,24.237
6lu7_idAAWGgen0,-6.8,3.499,2.775
6lu7_idAAWGgen0,-6.8,27.954,25.49
6lu7_idAAWGgen0,-6.7,27.251,25.328
6lu7_idAAWIgen0,-5.9,0.0,0.0
6lu7_idAAWIgen0,-5.8,17.718,15.849
6lu7_idAAWIgen0,-5.6,21.607,20.463
6lu7_idAAWIgen0,-5.6,16.899,14.796
6lu7_idAAWIgen0,-5.5,20.943,19.067
6lu7_idAAWIgen0,-5.5,19.036,17.192
6lu7_idAAWIgen0,-5.4,28.167,26.841
6lu7_idAAWIgen0,-5.3,51.26,49.414
6lu7_idAAWIgen0,-5.2,17.659,15.612
6lu7_idAAWJgen0,-7.2,0.0,0.0
6lu7_idAAWJgen0,-7.1,4.249,1.444
6lu7_idAAWJgen0,-6.9,7.065,2.536
6lu7_idAAWJgen0,-6.8,19.173,14.394
6lu7_idAAWJgen0,-6.6,24.522,22.469
6lu7_idAAWJgen0,-6.6,3.789,2.305
6lu7_idAAWJgen0,-6.6,7.586,2.686
6lu7_idAAWJgen0,-6.5,22.093,18.998
6lu7_idAAWJgen0,-6.4,29.718,28.358
6lu7_idAAWLgen0,-6.8,0.0,0.0
6lu7_idAAWLgen0,-6.5,33.994,30.957
6lu7_idAAWLgen0,-6.3,45.824,42.595
6lu7_idAAWLgen0,-6.3,29.763,26.826
6lu7_idAAWLgen0,-6.3,31.715,28.613
6lu7_idAAWLgen0,-6.3,33.621,30.55
6lu7_idAAWLgen0,-6.1,5.066,2.751
6lu7_idAAWLgen0,-6.1,44.498,41.043
6lu7_idAAWLgen0,-6.0,42.301,39.097
6lu7_idAAWMgen0,-6.3,0.0,0.0
6lu7_idAAWMgen0,-6.1,8.96,2.896
6lu7_idAAWMgen0,-6.0,19.378,17.005
6lu7_idAAWMgen0,-5.8,42.156,37.31
6lu7_idAAWMgen0,-5.7,9.067,4.121
6lu7_idAAWMgen0,-5.7,29.695,25.413
6lu7_idAAWMgen0,-5.6,28.677,24.394
6lu7_idAAWMgen0,-5.5,26.892,23.725
6lu7_idAAWMgen0,-5.5,42.221,37.007
6lu7_idAAWNgen0,-5.7,0.0,0.0
6lu7_idAAWNgen0,-5.6,4.613,2.829
6lu7_idAAWNgen0,-5.4,7.527,2.958
6lu7_idAAWNgen0,-5.3,3.698,2.989
6lu7_idAAWNgen0,-5.2,2.572,1.937
6lu7_idAAWNgen0,-5.2,7.5,4.31
6lu7_idAAWNgen0,-5.2,39.67,37.154
6lu7_idAAWNgen0,-5.2,4.717,2.674
6lu7_idAAWNgen0,-5.1,3.616,2.099
6lu7_idAAWPgen0,-5.9,0.0,0.0
6lu7_idAAWPgen0,-5.6,7.39,5.003
6lu7_idAAWPgen0,-5.5,22.984,20.555
6lu7_idAAWPgen0,-5.5,41.541,39.055
6lu7_idAAWPgen0,-5.4,22.834,20.507
6lu7_idAAWPgen0,-5.3,30.985,29.017
6lu7_idAAWPgen0,-5.2,22.686,20.393
6lu7_idAAWPgen0,-5.1,30.141,27.954
6lu7_idAAWPgen0,-4.9,28.021,26.109
6lu7_idAAWQgen0,-6.9,0.0,0.0
6lu7_idAAWQgen0,-6.8,21.041,16.29
6lu7_idAAWQgen0,-6.6,23.762,17.967
6lu7_idAAWQgen0,-6.4,20.855,16.129
6lu7_idAAWQgen0,-6.3,21.498,16.12
6lu7_idAAWQgen0,-6.3,21.962,16.68
6lu7_idAAWQgen0,-6.3,49.338,45.642
6lu7_idAAWQgen0,-6.2,22.793,16.955
6lu7_idAAWQgen0,-6.1,19.174,15.611
6lu7_idAAWRgen0,-8.5,0.0,0.0
6lu7_idAAWRgen0,-7.2,25.753,21.317
6lu7_idAAWRgen0,-7.2,24.327,21.709
6lu7_idAAWRgen0,-7.0,11.528,9.42
6lu7_idAAWRgen0,-6.8,28.024,25.632
6lu7_idAAWRgen0,-6.7,11.332,9.395
6lu7_idAAWRgen0,-6.6,20.83,17.573
6lu7_idAAWRgen0,-6.6,22.146,21.688
6lu7_idAAWRgen0,-6.6,23.1,20.56
6lu7_idAAWSgen0,-6.9,0.0,0.0
6lu7_idAAWSgen0,-6.8,2.859,2.121
6lu7_idAAWSgen0,-6.7,3.781,2.449
6lu7_idAAWSgen0,-6.6,23.808,21.478
6lu7_idAAWSgen0,-6.5,15.319,12.13
6lu7_idAAWSgen0,-6.4,7.002,5.889
6lu7_idAAWSgen0,-6.4,17.39,15.976
6lu7_idAAWSgen0,-6.4,10.63,6.78
6lu7_idAAWSgen0,-6.3,8.142,3.783
6lu7_idAAWTgen0,-6.5,0.0,0.0
6lu7_idAAWTgen0,-6.4,16.528,14.875
6lu7_idAAWTgen0,-6.4,17.698,16.409
6lu7_idAAWTgen0,-6.4,2.236,1.831
6lu7_idAAWTgen0,-6.4,2.561,1.929
6lu7_idAAWTgen0,-6.2,4.953,2.491
6lu7_idAAWTgen0,-6.1,2.161,1.494
6lu7_idAAWTgen0,-6.1,22.268,20.473
6lu7_idAAWTgen0,-5.9,5.212,2.889
6lu7_idAAWUgen0,-7.0,0.0,0.0
6lu7_idAAWUgen0,-6.9,7.628,3.005
6lu7_idAAWUgen0,-6.9,7.225,4.069
6lu7_idAAWUgen0,-6.8,25.061,21.984
6lu7_idAAWUgen0,-6.8,5.022,2.109
6lu7_idAAWUgen0,-6.6,25.223,22.654
6lu7_idAAWUgen0,-6.6,27.044,23.493
6lu7_idAAWUgen0,-6.5,24.305,22.8
6lu7_idAAWUgen0,-6.5,39.673,35.908
6lu7_idAAWVgen0,-7.1,0.0,0.0
6lu7_idAAWVgen0,-6.9,7.506,5.494
6lu7_idAAWVgen0,-6.7,3.331,2.377
6lu7_idAAWVgen0,-6.5,23.496,21.418
6lu7_idAAWVgen0,-6.5,25.481,23.169
6lu7_idAAWVgen0,-6.4,4.15,2.777
6lu7_idAAWVgen0,-6.4,7.048,4.288
6lu7_idAAWVgen0,-6.3,25.532,23.19
6lu7_idAAWVgen0,-6.3,32.379,29.079
6lu7_idAAWWgen0,-6.1,0.0,0.0
6lu7_idAAWWgen0,-6.1,3.693,2.666
6lu7_idAAWWgen0,-6.0,6.251,3.973
6lu7_idAAWWgen0,-5.9,3.935,3.056
6lu7_idAAWWgen0,-5.8,34.094,31.707
6lu7_idAAWWgen0,-5.6,2.346,1.88
6lu7_idAAWWgen0,-5.5,22.376,20.606
6lu7_idAAWWgen0,-5.5,34.435,32.271
6lu7_idAAWWgen0,-5.4,34.28,32.034
6lu7_idAAWXgen0,-6.8,0.0,0.0
6lu7_idAAWXgen0,-6.2,24.003,21.231
6lu7_idAAWXgen0,-6.1,23.423,20.163
6lu7_idAAWXgen0,-6.0,23.489,20.328
6lu7_idAAWXgen0,-5.9,24.335,21.444
6lu7_idAAWXgen0,-5.9,3.544,2.53
6lu7_idAAWXgen0,-5.9,24.543,21.532
6lu7_idAAWXgen0,-5.9,24.926,21.614
6lu7_idAAWXgen0,-5.9,24.063,21.561
6lu7_idAAWYgen0,-7.7,0.0,0.0
6lu7_idAAWYgen0,-6.6,27.108,25.344
6lu7_idAAWYgen0,-6.5,24.228,21.451
6lu7_idAAWYgen0,-5.9,28.964,25.523
6lu7_idAAWYgen0,-5.8,28.404,25.396
6lu7_idAAWYgen0,-5.8,18.791,16.457
6lu7_idAAWYgen0,-5.7,29.011,25.816
6lu7_idAAWYgen0,-5.6,3.344,2.223
6lu7_idAAWYgen0,-5.5,29.355,28.07
6lu7_idAAWZgen0,-5.9,0.0,0.0
6lu7_idAAWZgen0,-5.7,18.168,14.356
6lu7_idAAWZgen0,-5.6,24.408,21.969
6lu7_idAAWZgen0,-5.5,44.026,40.55
6lu7_idAAWZgen0,-5.4,6.72,3.646
6lu7_idAAWZgen0,-5.3,17.939,14.196
6lu7_idAAWZgen0,-5.1,30.561,28.636
6lu7_idAAWZgen0,-5.1,26.159,24.589
6lu7_idAAWZgen0,-5.1,18.521,14.92
6lu7_idAAXAgen0,-6.6,0.0,0.0
6lu7_idAAXAgen0,-6.3,32.699,29.962
6lu7_idAAXAgen0,-6.3,26.636,23.264
6lu7_idAAXAgen0,-6.2,27.215,23.877
6lu7_idAAXAgen0,-6.2,26.635,23.246
6lu7_idAAXAgen0,-6.1,2.893,1.779
6lu7_idAAXAgen0,-6.1,27.181,23.642
6lu7_idAAXAgen0,-6.0,5.494,3.849
6lu7_idAAXAgen0,-6.0,7.549,5.263
6lu7_idAAXBgen0,-7.1,0.0,0.0
6lu7_idAAXBgen0,-7.0,13.253,8.626
6lu7_idAAXBgen0,-6.9,30.663,26.167
6lu7_idAAXBgen0,-6.9,13.828,6.383
6lu7_idAAXBgen0,-6.9,8.26,4.706
6lu7_idAAXBgen0,-6.9,20.0,17.01
6lu7_idAAXBgen0,-6.8,8.094,4.624
6lu7_idAAXBgen0,-6.7,13.708,6.263
6lu7_idAAXBgen0,-6.6,13.814,6.336
6lu7_idAAXCgen0,-5.9,0.0,0.0
6lu7_idAAXCgen0,-5.8,23.439,21.934
6lu7_idAAXCgen0,-5.7,8.129,4.677
6lu7_idAAXCgen0,-5.6,8.123,4.528
6lu7_idAAXCgen0,-5.5,2.469,1.566
6lu7_idAAXCgen0,-5.4,8.085,4.569
6lu7_idAAXCgen0,-5.4,5.283,3.5
6lu7_idAAXCgen0,-5.2,23.318,21.857
6lu7_idAAXCgen0,-5.1,2.142,1.788
6lu7_idAAXDgen0,-7.8,0.0,0.0
6lu7_idAAXDgen0,-7.5,25.957,23.175
6lu7_idAAXDgen0,-7.3,26.411,23.268
6lu7_idAAXDgen0,-7.3,5.0,2.69
6lu7_idAAXDgen0,-7.0,3.306,1.339
6lu7_idAAXDgen0,-6.8,30.379,25.12
6lu7_idAAXDgen0,-6.8,19.824,17.365
6lu7_idAAXDgen0,-6.8,35.521,29.735
6lu7_idAAXDgen0,-6.8,20.384,17.474
6lu7_idAAXEgen0,-5.7,0.0,0.0
6lu7_idAAXEgen0,-5.6,25.222,21.323
6lu7_idAAXEgen0,-5.6,30.704,28.28
6lu7_idAAXEgen0,-5.5,26.189,23.74
6lu7_idAAXEgen0,-5.4,9.561,6.672
6lu7_idAAXEgen0,-5.4,26.118,23.843
6lu7_idAAXEgen0,-5.3,18.624,15.386
6lu7_idAAXEgen0,-5.3,17.572,14.295
6lu7_idAAXEgen0,-5.2,18.71,15.42
6lu7_idAAXGgen0,-6.5,0.0,0.0
6lu7_idAAXGgen0,-6.4,2.909,1.915
6lu7_idAAXGgen0,-6.4,2.224,1.6
6lu7_idAAXGgen0,-6.3,4.372,2.457
6lu7_idAAXGgen0,-6.3,4.429,2.388
6lu7_idAAXGgen0,-6.2,3.556,2.395
6lu7_idAAXGgen0,-6.2,7.297,5.654
6lu7_idAAXGgen0,-6.1,4.055,3.132
6lu7_idAAXGgen0,-6.1,24.281,20.829
6lu7_idAAXHgen0,-6.7,0.0,0.0
6lu7_idAAXHgen0,-6.5,2.122,1.483
6lu7_idAAXHgen0,-6.3,5.461,2.884
6lu7_idAAXHgen0,-6.3,23.53,21.351
6lu7_idAAXHgen0,-6.2,22.899,20.554
6lu7_idAAXHgen0,-6.1,23.88,21.71
6lu7_idAAXHgen0,-6.1,6.328,2.387
6lu7_idAAXHgen0,-6.0,22.383,20.451
6lu7_idAAXHgen0,-5.9,24.511,22.218
6lu7_idAAXIgen0,-7.4,0.0,0.0
6lu7_idAAXIgen0,-7.2,27.15,25.087
6lu7_idAAXIgen0,-7.0,14.769,12.531
6lu7_idAAXIgen0,-6.8,36.527,34.694
6lu7_idAAXIgen0,-6.3,25.013,22.61
6lu7_idAAXIgen0,-6.2,27.248,26.186
6lu7_idAAXIgen0,-6.2,7.015,5.209
6lu7_idAAXIgen0,-6.2,20.974,19.022
6lu7_idAAXIgen0,-6.1,5.689,3.94
6lu7_idAAXJgen0,-6.8,0.0,0.0
6lu7_idAAXJgen0,-6.6,2.441,1.596
6lu7_idAAXJgen0,-6.5,25.031,23.213
6lu7_idAAXJgen0,-6.4,24.634,22.482
6lu7_idAAXJgen0,-6.4,24.663,22.661
6lu7_idAAXJgen0,-6.3,25.782,22.801
6lu7_idAAXJgen0,-6.3,25.835,24.156
6lu7_idAAXJgen0,-6.2,25.099,23.284
6lu7_idAAXJgen0,-6.2,7.283,2.733
6lu7_idAAXKgen0,-6.3,0.0,0.0
6lu7_idAAXKgen0,-6.1,2.581,1.609
6lu7_idAAXKgen0,-6.0,41.284,38.995
6lu7_idAAXKgen0,-6.0,6.975,3.258
6lu7_idAAXKgen0,-5.8,23.791,21.27
6lu7_idAAXKgen0,-5.8,40.454,37.728
6lu7_idAAXKgen0,-5.8,17.788,14.691
6lu7_idAAXKgen0,-5.7,17.515,14.852
6lu7_idAAXKgen0,-5.7,17.372,14.688
6lu7_idAAXMgen0,-7.4,0.0,0.0
6lu7_idAAXMgen0,-6.7,25.486,22.563
6lu7_idAAXMgen0,-6.3,27.782,26.433
6lu7_idAAXMgen0,-6.2,16.626,13.697
6lu7_idAAXMgen0,-6.1,29.593,26.724
6lu7_idAAXMgen0,-6.1,30.073,26.879
6lu7_idAAXMgen0,-6.0,26.04,22.248
6lu7_idAAXMgen0,-6.0,13.264,10.593
6lu7_idAAXMgen0,-6.0,27.546,24.238
6lu7_idAAXNgen0,-5.8,0.0,0.0
6lu7_idAAXNgen0,-5.6,2.031,1.717
6lu7_idAAXNgen0,-5.6,5.525,3.859
6lu7_idAAXNgen0,-5.5,32.99,29.4
6lu7_idAAXNgen0,-5.5,24.754,21.894
6lu7_idAAXNgen0,-5.3,5.109,2.944
6lu7_idAAXNgen0,-5.3,24.8,22.434
6lu7_idAAXNgen0,-5.2,5.077,3.445
6lu7_idAAXNgen0,-5.2,27.823,22.715
6lu7_idAAXOgen0,-5.7,0.0,0.0
6lu7_idAAXOgen0,-5.5,28.216,26.546
6lu7_idAAXOgen0,-5.2,25.146,23.204
6lu7_idAAXOgen0,-5.2,2.581,2.117
6lu7_idAAXOgen0,-5.2,26.554,24.775
6lu7_idAAXOgen0,-5.2,24.285,22.055
6lu7_idAAXOgen0,-5.2,4.645,3.016
6lu7_idAAXOgen0,-5.1,6.211,3.28
6lu7_idAAXOgen0,-5.1,25.698,23.523
6lu7_idAAXPgen0,-7.0,0.0,0.0
6lu7_idAAXPgen0,-6.8,7.505,1.8
6lu7_idAAXPgen0,-6.5,22.006,19.534
6lu7_idAAXPgen0,-6.4,7.419,2.715
6lu7_idAAXPgen0,-6.2,21.357,19.107
6lu7_idAAXPgen0,-6.2,18.413,16.526
6lu7_idAAXPgen0,-6.1,3.213,2.252
6lu7_idAAXPgen0,-6.0,6.438,4.351
6lu7_idAAXPgen0,-6.0,50.243,47.971
6lu7_idAAXQgen0,-6.4,0.0,0.0
6lu7_idAAXQgen0,-6.3,16.419,14.977
6lu7_idAAXQgen0,-6.2,29.523,26.801
6lu7_idAAXQgen0,-6.1,16.046,14.842
6lu7_idAAXQgen0,-6.0,29.199,27.298
6lu7_idAAXQgen0,-5.9,14.666,12.183
6lu7_idAAXQgen0,-5.9,3.37,2.726
6lu7_idAAXQgen0,-5.9,29.541,26.715
6lu7_idAAXQgen0,-5.8,16.122,14.677
6lu7_idAAXRgen0,-7.4,0.0,0.0
6lu7_idAAXRgen0,-7.3,18.586,16.18
6lu7_idAAXRgen0,-7.0,29.747,27.062
6lu7_idAAXRgen0,-6.9,3.719,1.948
6lu7_idAAXRgen0,-6.9,18.75,16.364
6lu7_idAAXRgen0,-6.8,17.137,15.724
6lu7_idAAXRgen0,-6.7,29.628,26.955
6lu7_idAAXRgen0,-6.7,22.157,20.873
6lu7_idAAXRgen0,-6.7,17.131,15.476
6lu7_idAAXSgen0,-6.5,0.0,0.0
6lu7_idAAXSgen0,-6.3,25.36,22.541
6lu7_idAAXSgen0,-6.3,4.363,2.81
6lu7_idAAXSgen0,-6.2,25.834,23.11
6lu7_idAAXSgen0,-6.1,2.066,0.96
6lu7_idAAXSgen0,-6.0,24.595,21.746
6lu7_idAAXSgen0,-5.9,6.68,3.91
6lu7_idAAXSgen0,-5.9,25.39,22.665
6lu7_idAAXSgen0,-5.9,5.316,3.097
6lu7_idAAXTgen0,-7.0,0.0,0.0
6lu7_idAAXTgen0,-6.8,37.209,34.706
6lu7_idAAXTgen0,-6.4,3.019,1.982
6lu7_idAAXTgen0,-6.4,36.769,34.692
6lu7_idAAXTgen0,-6.3,37.378,34.805
6lu7_idAAXTgen0,-6.3,38.355,35.86
6lu7_idAAXTgen0,-6.3,41.779,36.814
6lu7_idAAXTgen0,-6.2,36.092,34.113
6lu7_idAAXTgen0,-6.1,38.105,34.922
6lu7_idAAXVgen0,-5.9,0.0,0.0
6lu7_idAAXVgen0,-5.9,6.665,4.067
6lu7_idAAXVgen0,-5.9,6.13,4.006
6lu7_idAAXVgen0,-5.9,4.491,2.162
6lu7_idAAXVgen0,-5.8,5.716,3.853
6lu7_idAAXVgen0,-5.6,24.928,22.801
6lu7_idAAXVgen0,-5.5,5.849,3.881
6lu7_idAAXVgen0,-5.4,5.706,2.532
6lu7_idAAXVgen0,-5.3,2.446,1.75
6lu7_idAAXWgen0,-6.7,0.0,0.0
6lu7_idAAXWgen0,-6.4,2.092,1.392
6lu7_idAAXWgen0,-6.2,22.098,19.166
6lu7_idAAXWgen0,-6.1,22.448,19.286
6lu7_idAAXWgen0,-6.1,31.726,28.938
6lu7_idAAXWgen0,-6.0,23.173,19.94
6lu7_idAAXWgen0,-5.9,33.499,29.609
6lu7_idAAXWgen0,-5.8,4.38,2.817
6lu7_idAAXWgen0,-5.7,23.464,20.01
6lu7_idAAXYgen0,-6.3,0.0,0.0
6lu7_idAAXYgen0,-6.2,8.593,2.931
6lu7_idAAXYgen0,-6.1,19.799,16.148
6lu7_idAAXYgen0,-6.0,24.861,20.344
6lu7_idAAXYgen0,-5.7,5.583,2.935
6lu7_idAAXYgen0,-5.7,45.463,40.287
6lu7_idAAXYgen0,-5.7,7.896,2.984
6lu7_idAAXYgen0,-5.7,9.233,6.054
6lu7_idAAXYgen0,-5.6,6.096,3.336
6lu7_idAAYAgen0,-6.6,0.0,0.0
6lu7_idAAYAgen0,-6.2,33.183,31.412
6lu7_idAAYAgen0,-6.2,20.709,18.971
6lu7_idAAYAgen0,-5.9,20.904,19.106
6lu7_idAAYAgen0,-5.8,21.157,19.448
6lu7_idAAYAgen0,-5.8,27.348,25.909
6lu7_idAAYAgen0,-5.7,23.247,21.25
6lu7_idAAYAgen0,-5.7,25.224,23.858
6lu7_idAAYAgen0,-5.6,26.349,25.069
6lu7_idAAYBgen0,-6.5,0.0,0.0
6lu7_idAAYBgen0,-6.4,23.635,19.213
6lu7_idAAYBgen0,-6.3,16.468,13.518
6lu7_idAAYBgen0,-6.2,23.603,19.166
6lu7_idAAYBgen0,-6.1,29.306,27.172
6lu7_idAAYBgen0,-6.1,23.603,20.89
6lu7_idAAYBgen0,-6.1,21.743,19.605
6lu7_idAAYBgen0,-6.0,29.283,27.162
6lu7_idAAYBgen0,-5.9,21.349,19.069
6lu7_idAAYCgen0,-6.2,0.0,0.0
6lu7_idAAYCgen0,-6.1,28.064,26.047
6lu7_idAAYCgen0,-5.6,24.57,21.712
6lu7_idAAYCgen0,-5.4,25.151,22.383
6lu7_idAAYCgen0,-5.2,6.671,3.36
6lu7_idAAYCgen0,-5.2,5.18,2.456
6lu7_idAAYCgen0,-5.2,22.91,20.806
6lu7_idAAYCgen0,-5.2,7.698,4.311
6lu7_idAAYCgen0,-5.1,27.1,24.26
6lu7_idAAYDgen0,-6.5,0.0,0.0
6lu7_idAAYDgen0,-6.2,34.928,31.387
6lu7_idAAYDgen0,-5.9,4.724,2.563
6lu7_idAAYDgen0,-5.9,2.541,1.958
6lu7_idAAYDgen0,-5.8,35.189,31.577
6lu7_idAAYDgen0,-5.8,23.342,20.187
6lu7_idAAYDgen0,-5.7,4.298,2.496
6lu7_idAAYDgen0,-5.7,35.184,31.533
6lu7_idAAYDgen0,-5.7,34.871,31.465
6lu7_idAAYEgen0,-7.2,0.0,0.0
6lu7_idAAYEgen0,-7.1,8.777,3.542
6lu7_idAAYEgen0,-6.9,37.48,33.77
6lu7_idAAYEgen0,-6.7,9.585,3.501
6lu7_idAAYEgen0,-6.7,38.611,35.475
6lu7_idAAYEgen0,-6.6,18.211,16.219
6lu7_idAAYEgen0,-6.6,38.724,34.053
6lu7_idAAYEgen0,-6.6,38.903,34.501
6lu7_idAAYEgen0,-6.4,16.992,15.386
6lu7_idAAYFgen0,-7.4,0.0,0.0
6lu7_idAAYFgen0,-6.8,25.056,22.815
6lu7_idAAYFgen0,-6.7,29.777,24.348
6lu7_idAAYFgen0,-6.6,2.325,1.917
6lu7_idAAYFgen0,-6.5,29.859,24.615
6lu7_idAAYFgen0,-6.4,2.941,1.768
6lu7_idAAYFgen0,-6.4,18.267,16.174
6lu7_idAAYFgen0,-6.3,33.742,29.069
6lu7_idAAYFgen0,-6.3,23.25,21.478
6lu7_idAAYGgen0,-5.7,0.0,0.0
6lu7_idAAYGgen0,-5.4,23.314,19.563
6lu7_idAAYGgen0,-5.3,26.806,23.105
6lu7_idAAYGgen0,-5.2,28.368,24.703
6lu7_idAAYGgen0,-5.1,26.25,22.394
6lu7_idAAYGgen0,-5.0,35.492,32.74
6lu7_idAAYGgen0,-4.9,26.176,22.184
6lu7_idAAYGgen0,-4.9,26.963,24.239
6lu7_idAAYGgen0,-4.9,25.3,21.553
6lu7_idAAYHgen0,-6.8,0.0,0.0
6lu7_idAAYHgen0,-6.6,24.093,20.392
6lu7_idAAYHgen0,-6.5,22.254,18.606
6lu7_idAAYHgen0,-6.5,22.696,19.626
6lu7_idAAYHgen0,-6.4,23.111,19.976
6lu7_idAAYHgen0,-6.4,23.934,20.788
6lu7_idAAYHgen0,-6.3,28.223,26.698
6lu7_idAAYHgen0,-6.2,11.675,8.563
6lu7_idAAYHgen0,-6.1,13.968,10.946
6lu7_idAAYJgen0,-5.6,0.0,0.0
6lu7_idAAYJgen0,-5.6,38.778,36.676
6lu7_idAAYJgen0,-5.5,36.177,34.519
6lu7_idAAYJgen0,-5.4,37.182,35.066
6lu7_idAAYJgen0,-5.2,40.346,38.219
6lu7_idAAYJgen0,-5.2,53.749,51.503
6lu7_idAAYJgen0,-5.1,27.806,25.696
6lu7_idAAYJgen0,-5.1,3.738,2.322
6lu7_idAAYJgen0,-5.1,27.995,25.878
6lu7_idAAYLgen0,-6.4,0.0,0.0
6lu7_idAAYLgen0,-5.9,35.686,33.227
6lu7_idAAYLgen0,-5.9,1.882,0.788
6lu7_idAAYLgen0,-5.7,24.08,21.906
6lu7_idAAYLgen0,-5.5,22.368,19.689
6lu7_idAAYLgen0,-5.5,25.191,23.1
6lu7_idAAYLgen0,-5.4,25.755,23.475
6lu7_idAAYLgen0,-5.4,3.321,2.615
6lu7_idAAYLgen0,-5.4,9.091,7.575
6lu7_idAAYMgen0,-6.3,0.0,0.0
6lu7_idAAYMgen0,-6.1,6.401,3.393
6lu7_idAAYMgen0,-6.1,25.398,23.246
6lu7_idAAYMgen0,-6.1,24.539,22.45
6lu7_idAAYMgen0,-6.0,24.894,22.731
6lu7_idAAYMgen0,-5.9,6.309,3.494
6lu7_idAAYMgen0,-5.8,8.583,6.16
6lu7_idAAYMgen0,-5.8,6.387,4.159
6lu7_idAAYMgen0,-5.8,20.199,18.245
6lu7_idAAYNgen0,-5.7,0.0,0.0
6lu7_idAAYNgen0,-5.6,54.204,51.437
6lu7_idAAYNgen0,-5.5,53.625,50.802
6lu7_idAAYNgen0,-5.5,5.498,2.46
6lu7_idAAYNgen0,-5.2,19.702,16.918
6lu7_idAAYNgen0,-5.2,52.564,49.701
6lu7_idAAYNgen0,-5.2,7.591,3.355
6lu7_idAAYNgen0,-5.2,18.006,14.902
6lu7_idAAYNgen0,-5.2,19.185,16.459
6lu7_idAAYOgen0,-6.2,0.0,0.0
6lu7_idAAYOgen0,-6.1,7.042,2.822
6lu7_idAAYOgen0,-5.9,27.472,24.142
6lu7_idAAYOgen0,-5.4,40.296,37.676
6lu7_idAAYOgen0,-5.4,34.313,30.776
6lu7_idAAYOgen0,-5.4,25.522,23.633
6lu7_idAAYOgen0,-5.4,28.065,25.503
6lu7_idAAYOgen0,-5.4,18.039,15.43
6lu7_idAAYOgen0,-5.4,16.226,14.562
6lu7_idAAYPgen0,-5.8,0.0,0.0
6lu7_idAAYPgen0,-5.6,6.164,3.944
6lu7_idAAYPgen0,-5.6,3.26,0.738
6lu7_idAAYPgen0,-5.5,2.545,1.618
6lu7_idAAYPgen0,-5.5,5.633,2.968
6lu7_idAAYPgen0,-5.5,2.066,1.631
6lu7_idAAYPgen0,-5.4,27.362,25.267
6lu7_idAAYPgen0,-5.3,34.952,33.255
6lu7_idAAYPgen0,-5.3,23.197,21.547
6lu7_idAAYRgen0,-7.3,0.0,0.0
6lu7_idAAYRgen0,-7.3,5.187,3.584
6lu7_idAAYRgen0,-6.9,27.286,25.67
6lu7_idAAYRgen0,-6.9,24.927,21.459
6lu7_idAAYRgen0,-6.8,24.262,20.55
6lu7_idAAYRgen0,-6.8,8.557,5.883
6lu7_idAAYRgen0,-6.8,9.604,5.791
6lu7_idAAYRgen0,-6.8,8.381,5.787
6lu7_idAAYRgen0,-6.8,5.233,3.072
6lu7_idAAYSgen0,-6.4,0.0,0.0
6lu7_idAAYSgen0,-6.3,2.717,0.328
6lu7_idAAYSgen0,-6.1,21.695,17.976
6lu7_idAAYSgen0,-6.1,21.732,17.902
6lu7_idAAYSgen0,-5.9,41.06,37.847
6lu7_idAAYSgen0,-5.9,4.431,2.937
6lu7_idAAYSgen0,-5.9,4.879,2.546
6lu7_idAAYSgen0,-5.7,38.264,35.224
6lu7_idAAYSgen0,-5.7,41.081,37.65
6lu7_idAAYTgen0,-7.2,0.0,0.0
6lu7_idAAYTgen0,-6.9,7.86,6.166
6lu7_idAAYTgen0,-6.8,23.5,22.009
6lu7_idAAYTgen0,-6.8,30.979,28.869
6lu7_idAAYTgen0,-6.4,22.986,21.577
6lu7_idAAYTgen0,-6.3,23.251,20.815
6lu7_idAAYTgen0,-6.2,21.521,19.311
6lu7_idAAYTgen0,-6.1,22.346,20.617
6lu7_idAAYTgen0,-6.1,26.553,24.209
6lu7_idAAYUgen0,-6.3,0.0,0.0
6lu7_idAAYUgen0,-6.3,24.796,22.268
6lu7_idAAYUgen0,-6.3,43.54,39.476
6lu7_idAAYUgen0,-6.1,8.13,3.723
6lu7_idAAYUgen0,-6.0,17.53,16.368
6lu7_idAAYUgen0,-6.0,2.255,1.393
6lu7_idAAYUgen0,-5.8,26.204,23.495
6lu7_idAAYUgen0,-5.8,18.121,16.745
6lu7_idAAYUgen0,-5.8,7.91,3.887
6lu7_idAAYVgen0,-6.1,0.0,0.0
6lu7_idAAYVgen0,-5.6,3.054,2.612
6lu7_idAAYVgen0,-5.4,12.026,9.52
6lu7_idAAYVgen0,-5.4,24.224,22.927
6lu7_idAAYVgen0,-5.3,23.872,22.882
6lu7_idAAYVgen0,-5.2,4.074,2.759
6lu7_idAAYVgen0,-5.2,25.252,23.932
6lu7_idAAYVgen0,-5.2,21.653,20.263
6lu7_idAAYVgen0,-5.2,28.036,27.114
6lu7_idAAYWgen0,-6.2,0.0,0.0
6lu7_idAAYWgen0,-6.1,2.859,0.722
6lu7_idAAYWgen0,-6.0,8.698,6.083
6lu7_idAAYWgen0,-5.8,19.692,18.307
6lu7_idAAYWgen0,-5.7,4.79,3.466
6lu7_idAAYWgen0,-5.7,19.554,18.342
6lu7_idAAYWgen0,-5.6,22.817,20.75
6lu7_idAAYWgen0,-5.6,4.153,3.332
6lu7_idAAYWgen0,-5.6,7.6,3.822
6lu7_idAAYXgen0,-7.4,0.0,0.0
6lu7_idAAYXgen0,-6.8,4.964,2.735
6lu7_idAAYXgen0,-6.6,7.327,4.404
6lu7_idAAYXgen0,-6.3,5.175,3.882
6lu7_idAAYXgen0,-6.2,7.177,4.445
6lu7_idAAYXgen0,-6.2,17.998,16.186
6lu7_idAAYXgen0,-6.2,6.43,3.387
6lu7_idAAYXgen0,-6.1,27.336,24.807
6lu7_idAAYXgen0,-6.1,20.989,16.809
6lu7_idAAYYgen0,-6.4,0.0,0.0
6lu7_idAAYYgen0,-5.9,3.139,1.758
6lu7_idAAYYgen0,-5.6,20.019,16.335
6lu7_idAAYYgen0,-5.6,19.129,16.057
6lu7_idAAYYgen0,-5.5,29.64,26.967
6lu7_idAAYYgen0,-5.5,24.592,22.609
6lu7_idAAYYgen0,-5.4,39.503,38.163
6lu7_idAAYYgen0,-5.3,45.971,42.901
6lu7_idAAYYgen0,-5.3,33.215,29.711
6lu7_idAAYZgen0,-6.9,0.0,0.0
6lu7_idAAYZgen0,-6.5,4.701,3.904
6lu7_idAAYZgen0,-6.3,3.68,2.775
6lu7_idAAYZgen0,-6.3,2.98,1.989
6lu7_idAAYZgen0,-6.3,14.835,13.836
6lu7_idAAYZgen0,-6.2,27.611,26.196
6lu7_idAAYZgen0,-6.1,4.87,3.638
6lu7_idAAYZgen0,-6.1,27.576,25.152
6lu7_idAAYZgen0,-6.0,7.649,3.84
6lu7_idAAZAgen0,-6.5,0.0,0.0
6lu7_idAAZAgen0,-6.4,2.105,1.404
6lu7_idAAZAgen0,-5.9,6.321,3.946
6lu7_idAAZAgen0,-5.9,25.432,22.891
6lu7_idAAZAgen0,-5.9,6.049,3.086
6lu7_idAAZAgen0,-5.9,4.399,3.498
6lu7_idAAZAgen0,-5.7,35.022,32.989
6lu7_idAAZAgen0,-5.7,25.627,23.277
6lu7_idAAZAgen0,-5.6,23.939,21.451
6lu7_idAAZBgen0,-6.1,0.0,0.0
6lu7_idAAZBgen0,-6.1,25.602,22.708
6lu7_idAAZBgen0,-6.0,24.572,19.859
6lu7_idAAZBgen0,-6.0,10.114,5.952
6lu7_idAAZBgen0,-5.9,10.011,5.656
6lu7_idAAZBgen0,-5.9,23.478,20.063
6lu7_idAAZBgen0,-5.8,26.006,22.413
6lu7_idAAZBgen0,-5.8,26.641,23.178
6lu7_idAAZBgen0,-5.6,26.247,23.152
6lu7_idAAZCgen0,-6.0,0.0,0.0
6lu7_idAAZCgen0,-6.0,2.121,1.675
6lu7_idAAZCgen0,-6.0,2.481,1.796
6lu7_idAAZCgen0,-6.0,8.951,7.995
6lu7_idAAZCgen0,-6.0,28.23,24.399
6lu7_idAAZCgen0,-5.9,28.959,27.143
6lu7_idAAZCgen0,-5.8,8.373,6.87
6lu7_idAAZCgen0,-5.8,21.272,18.001
6lu7_idAAZCgen0,-5.8,2.54,1.879
6lu7_idAAZDgen0,-6.5,0.0,0.0
6lu7_idAAZDgen0,-6.5,7.853,3.353
6lu7_idAAZDgen0,-6.5,36.886,35.113
6lu7_idAAZDgen0,-6.3,41.234,39.489
6lu7_idAAZDgen0,-6.3,18.264,16.075
6lu7_idAAZDgen0,-6.2,28.528,27.193
6lu7_idAAZDgen0,-6.1,2.011,1.577
6lu7_idAAZDgen0,-6.0,5.387,3.453
6lu7_idAAZDgen0,-6.0,31.838,29.652
6lu7_idAAZEgen0,-5.9,0.0,0.0
6lu7_idAAZEgen0,-5.5,6.608,3.897
6lu7_idAAZEgen0,-5.3,8.522,3.967
6lu7_idAAZEgen0,-5.3,23.545,21.534
6lu7_idAAZEgen0,-5.3,35.747,33.124
6lu7_idAAZEgen0,-5.2,5.043,3.496
6lu7_idAAZEgen0,-5.2,25.902,24.162
6lu7_idAAZEgen0,-5.2,29.968,27.582
6lu7_idAAZEgen0,-5.1,28.716,26.931
6lu7_idAAZGgen0,-7.6,0.0,0.0
6lu7_idAAZGgen0,-7.2,1.547,1.326
6lu7_idAAZGgen0,-7.2,38.348,35.554
6lu7_idAAZGgen0,-7.2,18.964,16.47
6lu7_idAAZGgen0,-7.1,38.709,36.078
6lu7_idAAZGgen0,-6.9,19.422,16.928
6lu7_idAAZGgen0,-6.8,19.641,17.314
6lu7_idAAZGgen0,-6.8,9.355,4.303
6lu7_idAAZGgen0,-6.8,38.629,36.169
6lu7_idAAZHgen0,-6.9,0.0,0.0
6lu7_idAAZHgen0,-6.2,22.961,19.201
6lu7_idAAZHgen0,-6.1,12.035,2.998
6lu7_idAAZHgen0,-6.1,2.686,1.847
6lu7_idAAZHgen0,-5.9,37.413,32.339
6lu7_idAAZHgen0,-5.9,27.819,20.45
6lu7_idAAZHgen0,-5.9,38.325,32.94
6lu7_idAAZHgen0,-5.9,30.11,26.377
6lu7_idAAZHgen0,-5.8,38.161,34.157
6lu7_idAAZIgen0,-6.1,0.0,0.0
6lu7_idAAZIgen0,-6.0,2.278,1.75
6lu7_idAAZIgen0,-6.0,23.368,19.862
6lu7_idAAZIgen0,-5.9,21.3,18.108
6lu7_idAAZIgen0,-5.9,40.391,38.072
6lu7_idAAZIgen0,-5.8,19.876,16.079
6lu7_idAAZIgen0,-5.8,28.403,25.001
6lu7_idAAZIgen0,-5.7,43.425,39.211
6lu7_idAAZIgen0,-5.7,28.775,26.625
6lu7_idAAZJgen0,-6.0,0.0,0.0
6lu7_idAAZJgen0,-5.9,2.276,1.927
6lu7_idAAZJgen0,-5.9,8.205,2.707
6lu7_idAAZJgen0,-5.8,7.438,3.536
6lu7_idAAZJgen0,-5.8,4.174,2.915
6lu7_idAAZJgen0,-5.7,8.82,3.219
6lu7_idAAZJgen0,-5.7,3.501,2.902
6lu7_idAAZJgen0,-5.6,9.344,3.795
6lu7_idAAZJgen0,-5.6,38.498,35.97
6lu7_idAAZKgen0,-5.5,0.0,0.0
6lu7_idAAZKgen0,-5.5,4.313,2.128
6lu7_idAAZKgen0,-5.0,28.833,26.706
6lu7_idAAZKgen0,-4.9,5.438,3.885
6lu7_idAAZKgen0,-4.9,45.57,43.661
6lu7_idAAZKgen0,-4.9,33.775,30.955
6lu7_idAAZKgen0,-4.8,35.694,33.364
6lu7_idAAZKgen0,-4.8,49.356,47.355
6lu7_idAAZKgen0,-4.8,43.846,42.13
6lu7_idAAZLgen0,-6.7,0.0,0.0
6lu7_idAAZLgen0,-6.5,31.369,28.923
6lu7_idAAZLgen0,-6.5,31.402,28.611
6lu7_idAAZLgen0,-6.4,31.231,28.843
6lu7_idAAZLgen0,-6.4,31.493,29.827
6lu7_idAAZLgen0,-6.2,31.336,28.01
6lu7_idAAZLgen0,-6.1,31.291,29.367
6lu7_idAAZLgen0,-6.0,22.172,20.926
6lu7_idAAZLgen0,-5.7,31.614,28.465
6lu7_idAAZMgen0,-6.3,0.0,0.0
6lu7_idAAZMgen0,-6.2,2.309,1.765
6lu7_idAAZMgen0,-6.2,35.102,32.78
6lu7_idAAZMgen0,-6.0,5.814,3.513
6lu7_idAAZMgen0,-5.9,5.511,3.033
6lu7_idAAZMgen0,-5.9,26.535,23.985
6lu7_idAAZMgen0,-5.8,25.704,22.293
6lu7_idAAZMgen0,-5.7,28.154,24.766
6lu7_idAAZMgen0,-5.6,5.451,3.233
6lu7_idAAZNgen0,-6.4,0.0,0.0
6lu7_idAAZNgen0,-6.0,24.704,22.696
6lu7_idAAZNgen0,-5.9,24.492,22.414
6lu7_idAAZNgen0,-5.4,24.549,22.665
6lu7_idAAZNgen0,-5.4,24.155,20.815
6lu7_idAAZNgen0,-5.4,20.345,18.378
6lu7_idAAZNgen0,-5.4,8.171,6.747
6lu7_idAAZNgen0,-5.4,27.681,23.44
6lu7_idAAZNgen0,-5.4,23.727,21.611
6lu7_idAAZOgen0,-5.9,0.0,0.0
6lu7_idAAZOgen0,-5.8,8.262,4.121
6lu7_idAAZOgen0,-5.8,42.696,39.522
6lu7_idAAZOgen0,-5.8,8.551,3.716
6lu7_idAAZOgen0,-5.7,4.154,2.694
6lu7_idAAZOgen0,-5.7,4.702,3.125
6lu7_idAAZOgen0,-5.7,31.494,28.515
6lu7_idAAZOgen0,-5.7,18.171,16.134
6lu7_idAAZOgen0,-5.4,13.486,11.439
6lu7_idAAZPgen0,-7.2,0.0,0.0
6lu7_idAAZPgen0,-6.9,2.026,1.941
6lu7_idAAZPgen0,-6.6,25.404,22.813
6lu7_idAAZPgen0,-6.6,3.282,2.487
6lu7_idAAZPgen0,-6.3,4.832,4.117
6lu7_idAAZPgen0,-6.3,18.194,16.673
6lu7_idAAZPgen0,-6.2,27.12,24.587
6lu7_idAAZPgen0,-6.2,49.889,47.123
6lu7_idAAZPgen0,-6.1,27.608,24.914
6lu7_idAAZQgen0,-6.9,0.0,0.0
6lu7_idAAZQgen0,-6.5,1.884,1.304
6lu7_idAAZQgen0,-6.3,1.556,1.131
6lu7_idAAZQgen0,-5.9,3.241,2.404
6lu7_idAAZQgen0,-5.7,23.784,20.506
6lu7_idAAZQgen0,-5.6,6.983,4.061
6lu7_idAAZQgen0,-5.5,34.385,32.349
6lu7_idAAZQgen0,-5.4,7.227,4.199
6lu7_idAAZQgen0,-5.4,4.419,3.38
6lu7_idAAZRgen0,-6.7,0.0,0.0
6lu7_idAAZRgen0,-6.4,24.712,20.253
6lu7_idAAZRgen0,-6.2,19.668,18.085
6lu7_idAAZRgen0,-6.2,33.799,29.116
6lu7_idAAZRgen0,-6.2,25.219,22.018
6lu7_idAAZRgen0,-6.1,8.638,3.025
6lu7_idAAZRgen0,-6.1,11.089,7.332
6lu7_idAAZRgen0,-6.1,31.457,28.62
6lu7_idAAZRgen0,-6.0,23.306,19.932
6lu7_idAAZSgen0,-6.1,0.0,0.0
6lu7_idAAZSgen0,-5.9,19.77,16.378
6lu7_idAAZSgen0,-5.9,54.412,51.606
6lu7_idAAZSgen0,-5.7,27.632,26.635
6lu7_idAAZSgen0,-5.7,54.39,51.683
6lu7_idAAZSgen0,-5.7,27.354,26.419
6lu7_idAAZSgen0,-5.7,51.242,48.812
6lu7_idAAZSgen0,-5.6,28.365,27.092
6lu7_idAAZSgen0,-5.5,20.257,17.877
6lu7_idAAZTgen0,-5.6,0.0,0.0
6lu7_idAAZTgen0,-5.5,3.239,2.084
6lu7_idAAZTgen0,-5.3,2.307,1.718
6lu7_idAAZTgen0,-5.3,3.51,2.345
6lu7_idAAZTgen0,-5.3,25.171,22.034
6lu7_idAAZTgen0,-5.3,42.805,37.879
6lu7_idAAZTgen0,-5.2,41.53,37.658
6lu7_idAAZTgen0,-5.1,3.66,2.709
6lu7_idAAZTgen0,-5.1,2.995,1.929
6lu7_idAAZVgen0,-6.5,0.0,0.0
6lu7_idAAZVgen0,-6.3,29.905,26.98
6lu7_idAAZVgen0,-6.2,27.382,25.436
6lu7_idAAZVgen0,-6.2,39.013,37.211
6lu7_idAAZVgen0,-6.1,25.855,23.866
6lu7_idAAZVgen0,-6.1,26.009,23.842
6lu7_idAAZVgen0,-6.0,20.568,18.371
6lu7_idAAZVgen0,-5.9,26.286,24.678
6lu7_idAAZVgen0,-5.8,21.819,20.003
6lu7_idAAZWgen0,-7.3,0.0,0.0
6lu7_idAAZWgen0,-7.3,2.586,0.093
6lu7_idAAZWgen0,-7.0,23.322,20.722
6lu7_idAAZWgen0,-7.0,23.447,20.718
6lu7_idAAZWgen0,-6.8,5.543,2.971
6lu7_idAAZWgen0,-6.5,24.192,21.01
6lu7_idAAZWgen0,-6.2,22.927,20.274
6lu7_idAAZWgen0,-6.2,33.695,30.792
6lu7_idAAZWgen0,-6.2,33.646,30.801
6lu7_idAAZXgen0,-7.3,0.0,0.0
6lu7_idAAZXgen0,-7.2,6.814,5.344
6lu7_idAAZXgen0,-7.0,25.355,22.933
6lu7_idAAZXgen0,-6.9,28.054,25.393
6lu7_idAAZXgen0,-6.9,26.846,24.183
6lu7_idAAZXgen0,-6.7,25.026,22.665
6lu7_idAAZXgen0,-6.6,24.997,22.319
6lu7_idAAZXgen0,-6.4,24.151,21.702
6lu7_idAAZXgen0,-6.4,39.272,37.344
6lu7_idAAZYgen0,-5.4,0.0,0.0
6lu7_idAAZYgen0,-5.3,4.064,2.0
6lu7_idAAZYgen0,-5.3,34.636,32.777
6lu7_idAAZYgen0,-5.0,34.518,32.775
6lu7_idAAZYgen0,-4.9,28.282,26.07
6lu7_idAAZYgen0,-4.9,25.734,24.084
6lu7_idAAZYgen0,-4.8,34.402,32.564
6lu7_idAAZYgen0,-4.8,21.933,19.847
6lu7_idAAZYgen0,-4.5,28.987,27.14
6lu7_idAAZZgen0,-6.8,0.0,0.0
6lu7_idAAZZgen0,-6.4,6.608,2.409
6lu7_idAAZZgen0,-6.3,8.075,3.351
6lu7_idAAZZgen0,-6.1,5.474,3.295
6lu7_idAAZZgen0,-6.1,15.255,12.434
6lu7_idAAZZgen0,-6.0,2.886,2.031
6lu7_idAAZZgen0,-5.9,29.51,28.421
6lu7_idAAZZgen0,-5.9,20.789,15.47
6lu7_idAAZZgen0,-5.7,34.265,29.997
6lu7_idABAAgen0,-5.4,0.0,0.0
6lu7_idABAAgen0,-5.3,24.567,21.537
6lu7_idABAAgen0,-5.3,28.193,25.902
6lu7_idABAAgen0,-5.1,25.062,22.015
6lu7_idABAAgen0,-5.1,20.306,18.577
6lu7_idABAAgen0,-5.0,8.886,6.655
6lu7_idABAAgen0,-4.9,24.513,21.502
6lu7_idABAAgen0,-4.9,24.425,21.274
6lu7_idABAAgen0,-4.9,6.617,3.858
6lu7_idABABgen0,-7.4,0.0,0.0
6lu7_idABABgen0,-7.3,3.058,2.532
6lu7_idABABgen0,-7.1,2.264,1.168
6lu7_idABABgen0,-7.0,31.137,29.301
6lu7_idABABgen0,-6.9,24.181,21.526
6lu7_idABABgen0,-6.7,24.35,21.679
6lu7_idABABgen0,-6.5,8.092,5.48
6lu7_idABABgen0,-6.4,7.824,6.003
6lu7_idABABgen0,-6.4,33.602,30.917
6lu7_idABADgen0,-6.4,0.0,0.0
6lu7_idABADgen0,-6.0,5.619,3.416
6lu7_idABADgen0,-5.9,24.551,21.856
6lu7_idABADgen0,-5.8,5.455,2.779
6lu7_idABADgen0,-5.8,5.005,2.476
6lu7_idABADgen0,-5.8,4.598,2.045
6lu7_idABADgen0,-5.6,17.06,14.773
6lu7_idABADgen0,-5.6,20.198,16.995
6lu7_idABADgen0,-5.5,7.828,4.489
6lu7_idABAEgen0,-5.5,0.0,0.0
6lu7_idABAEgen0,-5.5,5.123,2.833
6lu7_idABAEgen0,-5.3,5.69,2.426
6lu7_idABAEgen0,-5.3,5.868,2.402
6lu7_idABAEgen0,-5.0,27.243,25.191
6lu7_idABAEgen0,-5.0,27.478,25.048
6lu7_idABAEgen0,-4.9,24.526,21.975
6lu7_idABAEgen0,-4.9,24.245,21.82
6lu7_idABAEgen0,-4.9,25.187,22.778
6lu7_idABAFgen0,-6.7,0.0,0.0
6lu7_idABAFgen0,-6.3,1.933,1.444
6lu7_idABAFgen0,-6.2,11.4,7.297
6lu7_idABAFgen0,-6.2,42.086,38.79
6lu7_idABAFgen0,-6.1,21.304,18.428
6lu7_idABAFgen0,-6.1,2.665,2.212
6lu7_idABAFgen0,-6.1,41.756,38.822
6lu7_idABAFgen0,-6.0,21.944,17.772
6lu7_idABAFgen0,-6.0,9.587,5.014
6lu7_idABAGgen0,-6.7,0.0,0.0
6lu7_idABAGgen0,-6.6,18.206,15.136
6lu7_idABAGgen0,-6.6,4.234,2.967
6lu7_idABAGgen0,-6.6,20.148,18.087
6lu7_idABAGgen0,-6.5,17.83,15.525
6lu7_idABAGgen0,-6.5,5.393,3.521
6lu7_idABAGgen0,-6.5,19.302,16.421
6lu7_idABAGgen0,-6.4,4.721,3.558
6lu7_idABAGgen0,-6.4,25.559,23.56
6lu7_idABAHgen0,-6.9,0.0,0.0
6lu7_idABAHgen0,-6.5,6.85,3.939
6lu7_idABAHgen0,-6.3,45.414,40.212
6lu7_idABAHgen0,-6.2,7.889,3.827
6lu7_idABAHgen0,-6.1,26.965,24.712
6lu7_idABAHgen0,-6.1,18.603,14.514
6lu7_idABAHgen0,-6.1,18.867,14.842
6lu7_idABAHgen0,-6.1,25.234,24.021
6lu7_idABAHgen0,-6.0,25.63,21.907
6lu7_idABAIgen0,-6.7,0.0,0.0
6lu7_idABAIgen0,-6.7,8.641,3.735
6lu7_idABAIgen0,-6.5,4.093,2.413
6lu7_idABAIgen0,-6.3,8.243,1.466
6lu7_idABAIgen0,-6.1,3.989,3.286
6lu7_idABAIgen0,-6.0,32.374,28.474
6lu7_idABAIgen0,-6.0,8.761,2.504
6lu7_idABAIgen0,-6.0,4.58,2.767
6lu7_idABAIgen0,-6.0,6.58,5.188
6lu7_idABAJgen0,-5.4,0.0,0.0
6lu7_idABAJgen0,-5.3,44.271,41.059
6lu7_idABAJgen0,-5.3,44.712,40.296
6lu7_idABAJgen0,-5.3,35.587,34.321
6lu7_idABAJgen0,-5.2,19.543,16.083
6lu7_idABAJgen0,-5.2,56.632,53.197
6lu7_idABAJgen0,-5.2,38.919,36.545
6lu7_idABAJgen0,-5.1,30.846,27.968
6lu7_idABAJgen0,-5.1,42.235,38.547
6lu7_idABAKgen0,-6.2,0.0,0.0
6lu7_idABAKgen0,-5.9,36.287,34.506
6lu7_idABAKgen0,-5.7,21.933,19.376
6lu7_idABAKgen0,-5.6,24.513,21.594
6lu7_idABAKgen0,-5.5,20.018,17.346
6lu7_idABAKgen0,-5.3,20.945,18.162
6lu7_idABAKgen0,-5.3,36.504,34.865
6lu7_idABAKgen0,-5.3,22.264,18.527
6lu7_idABAKgen0,-5.2,9.538,4.597
6lu7_idABALgen0,-5.9,0.0,0.0
6lu7_idABALgen0,-5.8,39.435,37.138
6lu7_idABALgen0,-5.8,16.561,15.078
6lu7_idABALgen0,-5.7,18.07,15.684
6lu7_idABALgen0,-5.6,8.356,5.909
6lu7_idABALgen0,-5.6,40.941,39.335
6lu7_idABALgen0,-5.4,2.506,1.731
6lu7_idABALgen0,-5.4,40.764,38.512
6lu7_idABALgen0,-5.2,8.692,5.046
6lu7_idABAOgen0,-5.7,0.0,0.0
6lu7_idABAOgen0,-5.5,7.429,4.171
6lu7_idABAOgen0,-5.4,3.565,1.748
6lu7_idABAOgen0,-5.4,24.952,21.02
6lu7_idABAOgen0,-5.4,6.494,4.025
6lu7_idABAOgen0,-5.4,25.986,22.248
6lu7_idABAOgen0,-5.4,24.449,21.399
6lu7_idABAOgen0,-5.2,25.214,21.863
6lu7_idABAOgen0,-5.2,26.301,22.274
6lu7_idABAPgen0,-6.8,0.0,0.0
6lu7_idABAPgen0,-6.7,23.609,19.984
6lu7_idABAPgen0,-6.5,4.314,3.239
6lu7_idABAPgen0,-6.4,22.372,19.594
6lu7_idABAPgen0,-6.1,23.075,21.364
6lu7_idABAPgen0,-6.1,23.032,20.962
6lu7_idABAPgen0,-6.1,21.012,18.653
6lu7_idABAPgen0,-6.0,23.822,22.317
6lu7_idABAPgen0,-6.0,23.12,20.697
6lu7_idABAQgen0,-6.8,0.0,0.0
6lu7_idABAQgen0,-6.7,1.972,1.336
6lu7_idABAQgen0,-6.6,28.452,26.169
6lu7_idABAQgen0,-6.4,32.647,30.105
6lu7_idABAQgen0,-6.4,23.559,23.003
6lu7_idABAQgen0,-6.4,7.114,3.765
6lu7_idABAQgen0,-6.4,3.456,1.656
6lu7_idABAQgen0,-6.2,42.913,38.047
6lu7_idABAQgen0,-6.2,3.175,1.219
6lu7_idABASgen0,-5.9,0.0,0.0
6lu7_idABASgen0,-5.6,20.303,16.198
6lu7_idABASgen0,-5.3,40.912,37.329
6lu7_idABASgen0,-5.3,45.926,42.318
6lu7_idABASgen0,-5.3,4.88,2.046
6lu7_idABASgen0,-5.2,25.417,23.406
6lu7_idABASgen0,-5.2,34.161,31.044
6lu7_idABASgen0,-5.1,6.858,2.533
6lu7_idABASgen0,-5.1,8.126,4.752
6lu7_idABATgen0,-7.5,0.0,0.0
6lu7_idABATgen0,-7.4,9.833,3.55
6lu7_idABATgen0,-7.3,42.344,36.937
6lu7_idABATgen0,-7.0,18.695,16.195
6lu7_idABATgen0,-7.0,25.578,21.648
6lu7_idABATgen0,-6.9,21.27,18.361
6lu7_idABATgen0,-6.9,17.715,16.405
6lu7_idABATgen0,-6.9,9.342,2.92
6lu7_idABATgen0,-6.9,40.223,37.385
6lu7_idABAVgen0,-6.2,0.0,0.0
6lu7_idABAVgen0,-6.2,24.741,21.628
6lu7_idABAVgen0,-6.1,2.654,1.45
6lu7_idABAVgen0,-6.0,23.179,20.654
6lu7_idABAVgen0,-6.0,3.272,1.872
6lu7_idABAVgen0,-6.0,3.016,2.496
6lu7_idABAVgen0,-5.9,2.769,2.068
6lu7_idABAVgen0,-5.9,3.262,1.885
6lu7_idABAVgen0,-5.8,25.096,22.283
6lu7_idABAWgen0,-7.1,0.0,0.0
6lu7_idABAWgen0,-6.8,9.591,1.967
6lu7_idABAWgen0,-6.8,19.259,17.448
6lu7_idABAWgen0,-6.7,19.551,17.624
6lu7_idABAWgen0,-6.7,25.96,22.235
6lu7_idABAWgen0,-6.6,39.996,34.214
6lu7_idABAWgen0,-6.4,22.015,20.282
6lu7_idABAWgen0,-6.4,40.182,36.647
6lu7_idABAWgen0,-6.3,23.802,21.935
6lu7_idABAXgen0,-5.7,0.0,0.0
6lu7_idABAXgen0,-5.5,21.995,18.084
6lu7_idABAXgen0,-5.4,3.149,2.296
6lu7_idABAXgen0,-5.3,32.289,28.694
6lu7_idABAXgen0,-5.3,18.673,15.001
6lu7_idABAXgen0,-5.3,23.537,21.06
6lu7_idABAXgen0,-5.3,6.3,2.983
6lu7_idABAXgen0,-5.2,33.252,29.831
6lu7_idABAXgen0,-5.1,31.317,27.806
6lu7_idABAYgen0,-6.7,0.0,0.0
6lu7_idABAYgen0,-6.4,24.385,21.986
6lu7_idABAYgen0,-6.4,6.298,4.457
6lu7_idABAYgen0,-6.4,24.619,22.259
6lu7_idABAYgen0,-6.3,24.986,22.45
6lu7_idABAYgen0,-6.1,2.427,1.564
6lu7_idABAYgen0,-6.0,24.572,22.19
6lu7_idABAYgen0,-5.9,25.067,22.67
6lu7_idABAYgen0,-5.8,6.9,4.507
6lu7_idABAZgen0,-7.3,0.0,0.0
6lu7_idABAZgen0,-7.0,20.421,18.683
6lu7_idABAZgen0,-6.8,22.194,20.879
6lu7_idABAZgen0,-6.8,38.645,34.342
6lu7_idABAZgen0,-6.8,17.983,15.7
6lu7_idABAZgen0,-6.6,9.28,2.043
6lu7_idABAZgen0,-6.6,20.536,19.299
6lu7_idABAZgen0,-6.5,17.201,15.886
6lu7_idABAZgen0,-6.5,11.797,3.958
6lu7_idABBAgen0,-6.0,0.0,0.0
6lu7_idABBAgen0,-6.0,23.526,21.298
6lu7_idABBAgen0,-5.9,6.24,3.044
6lu7_idABBAgen0,-5.9,7.206,5.406
6lu7_idABBAgen0,-5.8,25.935,23.514
6lu7_idABBAgen0,-5.8,5.45,2.832
6lu7_idABBAgen0,-5.7,35.398,33.087
6lu7_idABBAgen0,-5.6,25.277,22.724
6lu7_idABBAgen0,-5.6,9.501,7.837
6lu7_idABBCgen0,-7.2,0.0,0.0
6lu7_idABBCgen0,-6.6,24.915,21.535
6lu7_idABBCgen0,-6.4,25.244,21.857
6lu7_idABBCgen0,-6.3,29.232,27.368
6lu7_idABBCgen0,-6.3,33.761,31.015
6lu7_idABBCgen0,-6.2,6.154,3.1
6lu7_idABBCgen0,-6.0,27.846,24.779
6lu7_idABBCgen0,-6.0,25.441,22.788
6lu7_idABBCgen0,-6.0,26.268,23.727
6lu7_idABBDgen0,-7.2,0.0,0.0
6lu7_idABBDgen0,-7.2,35.822,33.517
6lu7_idABBDgen0,-6.9,34.54,28.617
6lu7_idABBDgen0,-6.8,42.419,36.428
6lu7_idABBDgen0,-6.5,38.016,35.81
6lu7_idABBDgen0,-6.5,38.1,34.889
6lu7_idABBDgen0,-6.5,38.389,35.371
6lu7_idABBDgen0,-6.4,31.582,27.439
6lu7_idABBDgen0,-6.4,35.352,33.13
6lu7_idABBEgen0,-6.7,0.0,0.0
6lu7_idABBEgen0,-6.6,8.364,4.198
6lu7_idABBEgen0,-6.6,5.29,2.084
6lu7_idABBEgen0,-6.6,4.293,2.247
6lu7_idABBEgen0,-6.4,8.111,3.992
6lu7_idABBEgen0,-6.4,20.12,17.128
6lu7_idABBEgen0,-6.3,6.452,2.907
6lu7_idABBEgen0,-6.2,5.873,2.895
6lu7_idABBEgen0,-6.0,5.795,3.028
6lu7_idABBFgen0,-6.3,0.0,0.0
6lu7_idABBFgen0,-6.3,9.595,3.83
6lu7_idABBFgen0,-6.2,7.095,4.127
6lu7_idABBFgen0,-6.1,23.32,21.036
6lu7_idABBFgen0,-6.1,9.946,3.788
6lu7_idABBFgen0,-5.9,22.061,17.547
6lu7_idABBFgen0,-5.9,9.888,4.032
6lu7_idABBFgen0,-5.9,9.873,3.949
6lu7_idABBFgen0,-5.8,9.307,3.715
6lu7_idABBGgen0,-6.5,0.0,0.0
6lu7_idABBGgen0,-6.5,24.995,23.482
6lu7_idABBGgen0,-6.5,24.267,22.527
6lu7_idABBGgen0,-6.1,23.966,22.13
6lu7_idABBGgen0,-6.0,25.152,23.646
6lu7_idABBGgen0,-6.0,8.833,5.686
6lu7_idABBGgen0,-5.9,31.448,30.07
6lu7_idABBGgen0,-5.6,5.455,3.794
6lu7_idABBGgen0,-5.6,7.205,3.378
6lu7_idABBHgen0,-6.6,0.0,0.0
6lu7_idABBHgen0,-6.5,2.029,1.682
6lu7_idABBHgen0,-6.4,2.374,1.598
6lu7_idABBHgen0,-6.4,2.459,1.654
6lu7_idABBHgen0,-6.3,19.833,16.534
6lu7_idABBHgen0,-6.2,32.811,29.498
6lu7_idABBHgen0,-6.2,25.611,23.014
6lu7_idABBHgen0,-6.1,24.432,22.819
6lu7_idABBHgen0,-6.0,24.195,22.693
6lu7_idABBIgen0,-6.3,0.0,0.0
6lu7_idABBIgen0,-6.1,4.667,2.743
6lu7_idABBIgen0,-5.9,2.335,1.807
6lu7_idABBIgen0,-5.8,8.065,1.877
6lu7_idABBIgen0,-5.7,3.926,2.803
6lu7_idABBIgen0,-5.7,8.773,2.283
6lu7_idABBIgen0,-5.7,5.602,3.542
6lu7_idABBIgen0,-5.4,5.874,3.016
6lu7_idABBIgen0,-5.4,8.087,2.549
6lu7_idABBJgen0,-5.0,0.0,0.0
6lu7_idABBJgen0,-5.0,31.832,29.199
6lu7_idABBJgen0,-4.8,3.323,1.98
6lu7_idABBJgen0,-4.7,31.734,29.352
6lu7_idABBJgen0,-4.5,4.99,3.565
6lu7_idABBJgen0,-4.5,7.104,3.781
6lu7_idABBJgen0,-4.5,49.467,46.139
6lu7_idABBJgen0,-4.5,35.17,32.098
6lu7_idABBJgen0,-4.4,30.533,27.27
6lu7_idABBKgen0,-6.2,0.0,0.0
6lu7_idABBKgen0,-6.0,25.137,23.391
6lu7_idABBKgen0,-5.8,16.151,13.064
6lu7_idABBKgen0,-5.8,8.402,3.26
6lu7_idABBKgen0,-5.8,2.35,1.557
6lu7_idABBKgen0,-5.8,44.811,41.491
6lu7_idABBKgen0,-5.6,17.935,15.078
6lu7_idABBKgen0,-5.6,41.772,39.848
6lu7_idABBKgen0,-5.5,30.632,26.669
6lu7_idABBLgen0,-6.5,0.0,0.0
6lu7_idABBLgen0,-6.3,8.353,3.996
6lu7_idABBLgen0,-6.2,38.653,37.326
6lu7_idABBLgen0,-6.2,40.644,39.292
6lu7_idABBLgen0,-6.2,39.86,38.905
6lu7_idABBLgen0,-6.0,41.222,39.874
6lu7_idABBLgen0,-6.0,35.577,34.273
6lu7_idABBLgen0,-6.0,40.059,38.683
6lu7_idABBLgen0,-6.0,35.404,34.749
6lu7_idABBMgen0,-6.6,0.0,0.0
6lu7_idABBMgen0,-5.8,6.039,2.618
6lu7_idABBMgen0,-5.8,25.351,22.25
6lu7_idABBMgen0,-5.7,23.962,21.22
6lu7_idABBMgen0,-5.6,7.932,4.158
6lu7_idABBMgen0,-5.6,25.658,22.811
6lu7_idABBMgen0,-5.6,6.026,3.909
6lu7_idABBMgen0,-5.5,7.395,4.632
6lu7_idABBMgen0,-5.5,7.271,4.652
6lu7_idABBNgen0,-7.3,0.0,0.0
6lu7_idABBNgen0,-7.3,3.163,1.949
6lu7_idABBNgen0,-6.8,22.382,21.434
6lu7_idABBNgen0,-6.4,6.732,4.585
6lu7_idABBNgen0,-6.3,2.677,1.932
6lu7_idABBNgen0,-6.2,24.441,22.725
6lu7_idABBNgen0,-6.1,7.59,3.953
6lu7_idABBNgen0,-6.1,19.881,17.97
6lu7_idABBNgen0,-6.0,8.403,3.578
6lu7_idABBOgen0,-6.8,0.0,0.0
6lu7_idABBOgen0,-6.2,24.003,20.974
6lu7_idABBOgen0,-6.1,20.536,18.42
6lu7_idABBOgen0,-6.1,35.13,30.598
6lu7_idABBOgen0,-6.1,24.27,21.501
6lu7_idABBOgen0,-6.0,24.115,20.439
6lu7_idABBOgen0,-6.0,23.359,21.385
6lu7_idABBOgen0,-6.0,37.557,35.12
6lu7_idABBOgen0,-5.9,4.481,2.759
6lu7_idABBQgen0,-7.3,0.0,0.0
6lu7_idABBQgen0,-7.1,23.452,21.098
6lu7_idABBQgen0,-6.6,44.328,39.248
6lu7_idABBQgen0,-6.6,24.428,21.654
6lu7_idABBQgen0,-6.4,14.03,8.767
6lu7_idABBQgen0,-6.4,3.436,2.444
6lu7_idABBQgen0,-6.3,16.47,13.321
6lu7_idABBQgen0,-6.2,42.704,37.635
6lu7_idABBQgen0,-6.0,37.357,35.458
6lu7_idABBRgen0,-7.2,0.0,0.0
6lu7_idABBRgen0,-7.0,5.581,4.192
6lu7_idABBRgen0,-6.7,25.465,23.48
6lu7_idABBRgen0,-6.4,25.252,23.307
6lu7_idABBRgen0,-6.4,7.142,5.144
6lu7_idABBRgen0,-6.3,6.41,4.806
6lu7_idABBRgen0,-6.2,6.735,5.065
6lu7_idABBRgen0,-6.2,33.254,30.493
6lu7_idABBRgen0,-6.1,26.374,24.55
6lu7_idABBSgen0,-6.7,0.0,0.0
6lu7_idABBSgen0,-6.3,2.392,1.178
6lu7_idABBSgen0,-6.3,24.77,22.433
6lu7_idABBSgen0,-6.3,24.508,22.252
6lu7_idABBSgen0,-6.3,28.436,26.841
6lu7_idABBSgen0,-6.2,25.415,22.92
6lu7_idABBSgen0,-6.2,24.769,22.575
6lu7_idABBSgen0,-6.1,25.388,23.187
6lu7_idABBSgen0,-6.1,19.957,18.728
6lu7_idABBTgen0,-7.2,0.0,0.0
6lu7_idABBTgen0,-6.9,6.426,2.281
6lu7_idABBTgen0,-6.9,2.425,1.184
6lu7_idABBTgen0,-6.7,5.421,3.008
6lu7_idABBTgen0,-6.7,7.442,2.096
6lu7_idABBTgen0,-6.5,2.372,1.436
6lu7_idABBTgen0,-6.3,5.939,2.619
6lu7_idABBTgen0,-6.3,4.986,2.847
6lu7_idABBTgen0,-6.3,7.329,2.021
6lu7_idABBUgen0,-5.9,0.0,0.0
6lu7_idABBUgen0,-5.8,3.631,2.799
6lu7_idABBUgen0,-5.5,22.665,21.017
6lu7_idABBUgen0,-5.5,46.0,42.711
6lu7_idABBUgen0,-5.4,6.36,4.603
6lu7_idABBUgen0,-5.2,2.976,2.062
6lu7_idABBUgen0,-5.2,25.171,24.244
6lu7_idABBUgen0,-5.2,6.792,4.848
6lu7_idABBUgen0,-5.1,25.661,24.199
6lu7_idABBWgen0,-5.3,0.0,0.0
6lu7_idABBWgen0,-5.2,39.604,36.181
6lu7_idABBWgen0,-5.2,2.559,1.785
6lu7_idABBWgen0,-5.1,9.036,4.841
6lu7_idABBWgen0,-5.0,8.25,3.226
6lu7_idABBWgen0,-5.0,7.778,3.616
6lu7_idABBWgen0,-5.0,3.647,2.207
6lu7_idABBWgen0,-4.9,3.186,2.008
6lu7_idABBWgen0,-4.9,23.944,21.795
6lu7_idABBXgen0,-6.6,0.0,0.0
6lu7_idABBXgen0,-6.6,31.802,29.325
6lu7_idABBXgen0,-6.5,21.529,18.929
6lu7_idABBXgen0,-6.4,8.137,1.86
6lu7_idABBXgen0,-6.4,2.202,1.11
6lu7_idABBXgen0,-6.4,24.455,20.112
6lu7_idABBXgen0,-6.3,21.542,19.651
6lu7_idABBXgen0,-6.2,22.872,19.463
6lu7_idABBXgen0,-6.2,31.598,28.944
6lu7_idABBYgen0,-5.9,0.0,0.0
6lu7_idABBYgen0,-5.8,2.961,2.055
6lu7_idABBYgen0,-5.7,3.568,2.372
6lu7_idABBYgen0,-5.5,20.092,16.25
6lu7_idABBYgen0,-5.5,24.098,22.078
6lu7_idABBYgen0,-5.5,19.643,16.054
6lu7_idABBYgen0,-5.4,22.107,19.447
6lu7_idABBYgen0,-5.3,30.218,27.816
6lu7_idABBYgen0,-5.2,14.5,12.816
6lu7_idABCBgen0,-7.7,0.0,0.0
6lu7_idABCBgen0,-7.7,1.688,0.961
6lu7_idABCBgen0,-7.7,25.508,23.194
6lu7_idABCBgen0,-7.5,25.628,23.134
6lu7_idABCBgen0,-7.3,8.56,4.56
6lu7_idABCBgen0,-7.3,9.341,5.261
6lu7_idABCBgen0,-7.3,8.853,5.275
6lu7_idABCBgen0,-7.2,28.172,25.458
6lu7_idABCBgen0,-7.1,6.711,3.899
6lu7_idABCDgen0,-6.3,0.0,0.0
6lu7_idABCDgen0,-5.9,6.916,3.731
6lu7_idABCDgen0,-5.8,4.881,3.536
6lu7_idABCDgen0,-5.7,5.696,2.999
6lu7_idABCDgen0,-5.7,5.62,2.707
6lu7_idABCDgen0,-5.4,6.797,4.63
6lu7_idABCDgen0,-5.3,6.819,4.084
6lu7_idABCDgen0,-5.3,32.267,29.717
6lu7_idABCDgen0,-5.3,7.723,4.169
6lu7_idABCEgen0,-5.2,0.0,0.0
6lu7_idABCEgen0,-5.1,2.489,2.191
6lu7_idABCEgen0,-4.6,28.103,26.193
6lu7_idABCEgen0,-4.6,7.903,4.871
6lu7_idABCEgen0,-4.4,28.116,26.24
6lu7_idABCEgen0,-4.4,28.686,25.773
6lu7_idABCEgen0,-4.4,16.54,13.384
6lu7_idABCEgen0,-4.4,12.292,9.649
6lu7_idABCEgen0,-4.4,7.665,4.957
6lu7_idABCFgen0,-5.2,0.0,0.0
6lu7_idABCFgen0,-5.2,6.815,3.358
6lu7_idABCFgen0,-5.1,3.732,2.297
6lu7_idABCFgen0,-5.0,34.726,33.314
6lu7_idABCFgen0,-5.0,3.314,1.942
6lu7_idABCFgen0,-5.0,34.026,32.615
6lu7_idABCFgen0,-4.9,35.16,33.371
6lu7_idABCFgen0,-4.9,7.498,3.798
6lu7_idABCFgen0,-4.8,2.069,0.797
6lu7_idABCGgen0,-6.0,0.0,0.0
6lu7_idABCGgen0,-5.5,5.361,3.013
6lu7_idABCGgen0,-5.4,15.813,13.712
6lu7_idABCGgen0,-5.4,53.324,51.699
6lu7_idABCGgen0,-5.4,35.76,34.28
6lu7_idABCGgen0,-5.4,4.169,2.029
6lu7_idABCGgen0,-5.4,3.697,2.191
6lu7_idABCGgen0,-5.3,21.042,19.037
6lu7_idABCGgen0,-5.2,18.102,16.088
6lu7_idABCHgen0,-4.6,0.0,0.0
6lu7_idABCHgen0,-4.5,25.793,20.964
6lu7_idABCHgen0,-4.3,5.64,3.111
6lu7_idABCHgen0,-4.3,9.303,2.567
6lu7_idABCHgen0,-4.2,25.906,21.215
6lu7_idABCHgen0,-4.2,25.652,21.257
6lu7_idABCHgen0,-4.2,26.9,22.102
6lu7_idABCHgen0,-4.2,9.488,3.936
6lu7_idABCHgen0,-4.2,27.149,22.06
6lu7_idABCIgen0,-6.3,0.0,0.0
6lu7_idABCIgen0,-6.2,36.571,33.453
6lu7_idABCIgen0,-6.2,23.878,20.973
6lu7_idABCIgen0,-6.0,36.22,33.798
6lu7_idABCIgen0,-6.0,28.122,24.737
6lu7_idABCIgen0,-6.0,24.54,21.104
6lu7_idABCIgen0,-5.9,4.147,2.343
6lu7_idABCIgen0,-5.9,28.843,26.687
6lu7_idABCIgen0,-5.7,29.601,26.665
6lu7_idABCJgen0,-5.9,0.0,0.0
6lu7_idABCJgen0,-5.7,25.558,22.222
6lu7_idABCJgen0,-5.6,24.16,21.074
6lu7_idABCJgen0,-5.4,24.043,20.855
6lu7_idABCJgen0,-5.4,24.312,21.169
6lu7_idABCJgen0,-5.2,21.733,17.875
6lu7_idABCJgen0,-5.2,24.16,20.836
6lu7_idABCJgen0,-5.2,26.534,23.173
6lu7_idABCJgen0,-5.1,27.459,23.206
6lu7_idABCKgen0,-7.1,0.0,0.0
6lu7_idABCKgen0,-7.0,8.032,5.856
6lu7_idABCKgen0,-7.0,26.042,24.455
6lu7_idABCKgen0,-6.9,24.052,21.84
6lu7_idABCKgen0,-6.9,34.316,31.544
6lu7_idABCKgen0,-6.8,9.518,4.735
6lu7_idABCKgen0,-6.7,23.112,21.687
6lu7_idABCKgen0,-6.7,9.3,4.375
6lu7_idABCKgen0,-6.6,8.006,4.704
6lu7_idABCLgen0,-6.1,0.0,0.0
6lu7_idABCLgen0,-6.0,8.504,2.535
6lu7_idABCLgen0,-6.0,3.325,1.868
6lu7_idABCLgen0,-6.0,4.218,3.225
6lu7_idABCLgen0,-6.0,2.974,1.816
6lu7_idABCLgen0,-5.9,11.151,6.156
6lu7_idABCLgen0,-5.9,33.515,28.545
6lu7_idABCLgen0,-5.8,44.646,42.403
6lu7_idABCLgen0,-5.7,23.626,20.749
6lu7_idABCMgen0,-8.1,0.0,0.0
6lu7_idABCMgen0,-7.9,8.601,2.85
6lu7_idABCMgen0,-7.8,26.779,24.078
6lu7_idABCMgen0,-7.7,26.0,21.911
6lu7_idABCMgen0,-7.6,7.507,3.95
6lu7_idABCMgen0,-7.4,12.117,10.227
6lu7_idABCMgen0,-7.3,23.715,22.021
6lu7_idABCMgen0,-7.2,7.447,3.049
6lu7_idABCMgen0,-7.2,26.526,23.325
6lu7_idABCNgen0,-7.6,0.0,0.0
6lu7_idABCNgen0,-7.4,22.972,19.897
6lu7_idABCNgen0,-7.4,2.883,2.042
6lu7_idABCNgen0,-7.3,12.628,6.081
6lu7_idABCNgen0,-7.0,5.587,3.643
6lu7_idABCNgen0,-7.0,6.306,4.135
6lu7_idABCNgen0,-7.0,11.555,6.532
6lu7_idABCNgen0,-7.0,6.876,4.93
6lu7_idABCNgen0,-7.0,20.717,18.424
6lu7_idABCOgen0,-6.4,0.0,0.0
6lu7_idABCOgen0,-6.0,26.766,23.498
6lu7_idABCOgen0,-5.8,26.892,23.387
6lu7_idABCOgen0,-5.7,3.064,2.114
6lu7_idABCOgen0,-5.7,17.931,15.328
6lu7_idABCOgen0,-5.7,8.5,4.183
6lu7_idABCOgen0,-5.6,3.916,2.307
6lu7_idABCOgen0,-5.6,31.2,27.375
6lu7_idABCOgen0,-5.6,3.335,1.23
6lu7_idABCPgen0,-5.9,0.0,0.0
6lu7_idABCPgen0,-5.7,8.404,4.883
6lu7_idABCPgen0,-5.6,41.214,39.234
6lu7_idABCPgen0,-5.3,23.785,20.878
6lu7_idABCPgen0,-5.2,4.992,2.694
6lu7_idABCPgen0,-5.0,23.389,20.319
6lu7_idABCPgen0,-5.0,12.823,9.897
6lu7_idABCPgen0,-5.0,2.518,1.956
6lu7_idABCPgen0,-4.9,8.052,3.872
6lu7_idABCQgen0,-6.9,0.0,0.0
6lu7_idABCQgen0,-6.7,8.746,2.376
6lu7_idABCQgen0,-6.5,2.212,1.458
6lu7_idABCQgen0,-6.4,8.976,2.126
6lu7_idABCQgen0,-6.3,6.109,3.437
6lu7_idABCQgen0,-6.3,40.689,37.329
6lu7_idABCQgen0,-6.1,32.179,28.364
6lu7_idABCQgen0,-6.0,23.6,22.598
6lu7_idABCQgen0,-6.0,21.777,19.143
6lu7_idABCRgen0,-6.7,0.0,0.0
6lu7_idABCRgen0,-6.5,21.291,17.724
6lu7_idABCRgen0,-6.3,4.987,3.625
6lu7_idABCRgen0,-6.2,21.481,17.989
6lu7_idABCRgen0,-6.2,24.366,21.319
6lu7_idABCRgen0,-6.2,2.427,1.885
6lu7_idABCRgen0,-6.0,9.08,2.705
6lu7_idABCRgen0,-5.9,9.124,2.662
6lu7_idABCRgen0,-5.9,39.051,35.385
6lu7_idABCSgen0,-7.2,0.0,0.0
6lu7_idABCSgen0,-7.1,39.086,37.304
6lu7_idABCSgen0,-6.9,41.103,39.305
6lu7_idABCSgen0,-6.8,27.401,25.969
6lu7_idABCSgen0,-6.7,32.773,31.28
6lu7_idABCSgen0,-6.6,37.599,36.476
6lu7_idABCSgen0,-6.6,39.906,38.107
6lu7_idABCSgen0,-6.5,29.277,27.139
6lu7_idABCSgen0,-6.5,28.013,26.422
6lu7_idABCTgen0,-7.2,0.0,0.0
6lu7_idABCTgen0,-6.9,39.758,36.621
6lu7_idABCTgen0,-6.8,8.431,3.537
6lu7_idABCTgen0,-6.8,40.706,37.549
6lu7_idABCTgen0,-6.5,54.936,51.893
6lu7_idABCTgen0,-6.5,38.218,36.56
6lu7_idABCTgen0,-6.4,36.158,32.137
6lu7_idABCTgen0,-6.3,31.711,29.541
6lu7_idABCTgen0,-6.3,54.187,51.906
6lu7_idABCUgen0,-6.4,0.0,0.0
6lu7_idABCUgen0,-6.3,1.637,1.184
6lu7_idABCUgen0,-6.1,3.345,2.14
6lu7_idABCUgen0,-6.0,3.996,2.77
6lu7_idABCUgen0,-5.9,23.169,22.04
6lu7_idABCUgen0,-5.7,9.798,6.381
6lu7_idABCUgen0,-5.7,3.419,2.138
6lu7_idABCUgen0,-5.6,23.95,21.722
6lu7_idABCUgen0,-5.6,9.905,6.544
6lu7_idABCVgen0,-6.6,0.0,0.0
6lu7_idABCVgen0,-6.6,7.627,3.79
6lu7_idABCVgen0,-6.6,3.625,2.088
6lu7_idABCVgen0,-6.5,32.705,30.175
6lu7_idABCVgen0,-6.5,8.4,2.376
6lu7_idABCVgen0,-6.3,8.777,2.636
6lu7_idABCVgen0,-6.3,24.526,21.496
6lu7_idABCVgen0,-6.3,7.313,3.141
6lu7_idABCVgen0,-6.2,6.551,4.418
6lu7_idABCWgen0,-5.6,0.0,0.0
6lu7_idABCWgen0,-5.6,3.711,2.972
6lu7_idABCWgen0,-5.5,4.145,2.717
6lu7_idABCWgen0,-5.5,24.362,21.509
6lu7_idABCWgen0,-5.5,26.716,23.307
6lu7_idABCWgen0,-5.4,26.085,23.855
6lu7_idABCWgen0,-5.3,25.865,23.077
6lu7_idABCWgen0,-5.2,23.793,20.714
6lu7_idABCWgen0,-5.2,24.545,20.982
6lu7_idABCXgen0,-7.1,0.0,0.0
6lu7_idABCXgen0,-6.9,23.328,20.885
6lu7_idABCXgen0,-6.8,23.319,20.809
6lu7_idABCXgen0,-6.8,24.361,21.116
6lu7_idABCXgen0,-6.8,31.362,28.373
6lu7_idABCXgen0,-6.7,25.954,22.743
6lu7_idABCXgen0,-6.6,25.627,22.817
6lu7_idABCXgen0,-6.6,7.804,5.565
6lu7_idABCXgen0,-6.6,3.893,2.619
6lu7_idABCYgen0,-6.0,0.0,0.0
6lu7_idABCYgen0,-5.9,16.482,14.62
6lu7_idABCYgen0,-5.9,24.19,21.897
6lu7_idABCYgen0,-5.8,16.198,14.772
6lu7_idABCYgen0,-5.8,15.629,13.804
6lu7_idABCYgen0,-5.7,14.678,12.773
6lu7_idABCYgen0,-5.7,17.036,13.214
6lu7_idABCYgen0,-5.7,16.086,14.142
6lu7_idABCYgen0,-5.6,29.453,27.476
6lu7_idABCZgen0,-6.9,0.0,0.0
6lu7_idABCZgen0,-6.9,6.04,4.13
6lu7_idABCZgen0,-6.8,6.662,4.748
6lu7_idABCZgen0,-6.8,10.712,2.617
6lu7_idABCZgen0,-6.7,24.879,22.743
6lu7_idABCZgen0,-6.5,7.084,5.677
6lu7_idABCZgen0,-6.5,8.797,6.103
6lu7_idABCZgen0,-6.4,23.101,20.68
6lu7_idABCZgen0,-6.3,29.408,26.39
6lu7_idABDAgen0,-6.3,0.0,0.0
6lu7_idABDAgen0,-6.2,20.06,17.399
6lu7_idABDAgen0,-6.2,2.64,1.405
6lu7_idABDAgen0,-6.2,23.33,21.172
6lu7_idABDAgen0,-6.1,5.013,3.685
6lu7_idABDAgen0,-6.0,20.048,17.453
6lu7_idABDAgen0,-5.9,21.412,19.617
6lu7_idABDAgen0,-5.8,23.547,21.2
6lu7_idABDAgen0,-5.8,5.004,3.459
6lu7_idABDBgen0,-6.0,0.0,0.0
6lu7_idABDBgen0,-6.0,6.581,5.284
6lu7_idABDBgen0,-5.9,34.404,32.781
6lu7_idABDBgen0,-5.9,22.951,21.353
6lu7_idABDBgen0,-5.7,24.073,22.512
6lu7_idABDBgen0,-5.6,5.789,3.246
6lu7_idABDBgen0,-5.6,34.605,32.926
6lu7_idABDBgen0,-5.6,6.343,3.132
6lu7_idABDBgen0,-5.6,24.833,23.319
6lu7_idABDDgen0,-6.6,0.0,0.0
6lu7_idABDDgen0,-6.4,4.682,3.254
6lu7_idABDDgen0,-5.8,26.924,24.934
6lu7_idABDDgen0,-5.7,26.987,24.91
6lu7_idABDDgen0,-5.7,28.354,26.31
6lu7_idABDDgen0,-5.7,24.344,21.345
6lu7_idABDDgen0,-5.5,5.191,2.501
6lu7_idABDDgen0,-5.5,28.046,26.27
6lu7_idABDDgen0,-5.4,4.415,2.415
6lu7_idABDEgen0,-6.0,0.0,0.0
6lu7_idABDEgen0,-5.6,14.635,13.075
6lu7_idABDEgen0,-5.6,4.55,2.903
6lu7_idABDEgen0,-5.5,30.757,28.004
6lu7_idABDEgen0,-5.5,17.576,15.262
6lu7_idABDEgen0,-5.4,20.746,18.099
6lu7_idABDEgen0,-5.3,20.842,18.274
6lu7_idABDEgen0,-5.3,31.786,29.016
6lu7_idABDEgen0,-5.2,22.117,19.835
6lu7_idABDFgen0,-5.7,0.0,0.0
6lu7_idABDFgen0,-5.7,6.845,4.606
6lu7_idABDFgen0,-5.6,24.51,22.504
6lu7_idABDFgen0,-5.6,23.772,21.747
6lu7_idABDFgen0,-5.5,29.956,27.832
6lu7_idABDFgen0,-5.5,23.733,21.897
6lu7_idABDFgen0,-5.4,25.598,23.835
6lu7_idABDFgen0,-5.4,24.261,22.367
6lu7_idABDFgen0,-5.3,29.363,27.599
6lu7_idABDGgen0,-5.9,0.0,0.0
6lu7_idABDGgen0,-5.8,6.628,4.546
6lu7_idABDGgen0,-5.7,5.144,3.777
6lu7_idABDGgen0,-5.6,7.94,6.166
6lu7_idABDGgen0,-5.6,48.466,44.471
6lu7_idABDGgen0,-5.6,12.867,8.764
6lu7_idABDGgen0,-5.5,5.218,3.694
6lu7_idABDGgen0,-5.5,28.712,25.231
6lu7_idABDGgen0,-5.4,24.102,19.867
6lu7_idABDIgen0,-6.4,0.0,0.0
6lu7_idABDIgen0,-5.9,6.209,3.747
6lu7_idABDIgen0,-5.9,3.948,2.875
6lu7_idABDIgen0,-5.8,18.56,15.729
6lu7_idABDIgen0,-5.8,4.209,3.519
6lu7_idABDIgen0,-5.6,22.748,20.978
6lu7_idABDIgen0,-5.6,19.096,16.412
6lu7_idABDIgen0,-5.6,4.544,3.128
6lu7_idABDIgen0,-5.6,4.049,2.953
6lu7_idABDKgen0,-6.3,0.0,0.0
6lu7_idABDKgen0,-6.1,2.267,1.854
6lu7_idABDKgen0,-6.0,9.733,7.661
6lu7_idABDKgen0,-6.0,22.204,20.373
6lu7_idABDKgen0,-5.9,22.112,20.367
6lu7_idABDKgen0,-5.9,9.499,6.298
6lu7_idABDKgen0,-5.9,10.484,6.481
6lu7_idABDKgen0,-5.9,20.434,18.9
6lu7_idABDKgen0,-5.6,7.467,2.984
6lu7_idABDLgen0,-6.7,0.0,0.0
6lu7_idABDLgen0,-6.5,6.122,4.095
6lu7_idABDLgen0,-6.0,5.621,2.993
6lu7_idABDLgen0,-5.8,26.351,24.39
6lu7_idABDLgen0,-5.7,6.327,3.936
6lu7_idABDLgen0,-5.7,23.648,22.074
6lu7_idABDLgen0,-5.6,24.657,22.278
6lu7_idABDLgen0,-5.5,9.878,8.389
6lu7_idABDLgen0,-5.5,29.324,27.068
6lu7_idABDMgen0,-6.8,0.0,0.0
6lu7_idABDMgen0,-6.8,18.135,14.453
6lu7_idABDMgen0,-6.4,36.623,34.54
6lu7_idABDMgen0,-6.4,36.186,34.171
6lu7_idABDMgen0,-6.3,20.312,16.902
6lu7_idABDMgen0,-6.2,2.136,1.683
6lu7_idABDMgen0,-6.1,28.376,26.422
6lu7_idABDMgen0,-6.1,16.955,14.21
6lu7_idABDMgen0,-6.0,20.421,16.598
6lu7_idABDNgen0,-6.4,0.0,0.0
6lu7_idABDNgen0,-5.8,1.77,1.302
6lu7_idABDNgen0,-5.7,24.27,21.12
6lu7_idABDNgen0,-5.7,18.782,16.083
6lu7_idABDNgen0,-5.5,3.287,1.253
6lu7_idABDNgen0,-5.5,3.965,3.395
6lu7_idABDNgen0,-5.3,39.878,38.098
6lu7_idABDNgen0,-5.2,5.019,3.58
6lu7_idABDNgen0,-5.0,5.659,2.453
6lu7_idABDOgen0,-6.1,0.0,0.0
6lu7_idABDOgen0,-6.1,2.477,1.719
6lu7_idABDOgen0,-5.9,17.534,14.849
6lu7_idABDOgen0,-5.7,41.204,39.466
6lu7_idABDOgen0,-5.7,5.548,3.52
6lu7_idABDOgen0,-5.7,2.259,1.755
6lu7_idABDOgen0,-5.7,21.832,19.435
6lu7_idABDOgen0,-5.6,3.735,2.797
6lu7_idABDOgen0,-5.6,14.043,10.772
6lu7_idABDPgen0,-6.9,0.0,0.0
6lu7_idABDPgen0,-6.9,6.091,5.023
6lu7_idABDPgen0,-6.7,3.045,1.628
6lu7_idABDPgen0,-6.3,6.958,3.976
6lu7_idABDPgen0,-6.3,7.521,5.732
6lu7_idABDPgen0,-6.3,23.585,21.734
6lu7_idABDPgen0,-6.2,7.218,5.769
6lu7_idABDPgen0,-6.0,27.753,25.672
6lu7_idABDPgen0,-5.9,26.626,24.506
6lu7_idABDRgen0,-5.4,0.0,0.0
6lu7_idABDRgen0,-5.1,2.38,1.802
6lu7_idABDRgen0,-5.0,27.257,25.605
6lu7_idABDRgen0,-5.0,54.618,51.4
6lu7_idABDRgen0,-5.0,2.604,2.018
6lu7_idABDRgen0,-4.9,27.141,25.239
6lu7_idABDRgen0,-4.9,55.076,51.636
6lu7_idABDRgen0,-4.9,55.802,52.303
6lu7_idABDRgen0,-4.9,27.914,26.299
6lu7_idABDSgen0,-6.1,0.0,0.0
6lu7_idABDSgen0,-5.9,2.325,1.917
6lu7_idABDSgen0,-5.4,4.933,2.905
6lu7_idABDSgen0,-5.4,10.089,5.857
6lu7_idABDSgen0,-5.3,22.544,20.422
6lu7_idABDSgen0,-5.3,32.472,28.672
6lu7_idABDSgen0,-5.2,22.505,18.345
6lu7_idABDSgen0,-5.2,29.771,25.903
6lu7_idABDSgen0,-5.2,33.541,31.54
6lu7_idABDUgen0,-6.1,0.0,0.0
6lu7_idABDUgen0,-6.1,2.352,1.437
6lu7_idABDUgen0,-6.0,28.599,24.788
6lu7_idABDUgen0,-6.0,28.276,24.399
6lu7_idABDUgen0,-6.0,27.591,24.744
6lu7_idABDUgen0,-5.9,6.21,3.402
6lu7_idABDUgen0,-5.9,28.351,25.625
6lu7_idABDUgen0,-5.8,28.785,23.635
6lu7_idABDUgen0,-5.8,27.804,23.126
6lu7_idABDVgen0,-6.1,0.0,0.0
6lu7_idABDVgen0,-6.0,23.742,21.077
6lu7_idABDVgen0,-5.9,4.445,1.344
6lu7_idABDVgen0,-5.9,22.456,18.913
6lu7_idABDVgen0,-5.8,6.392,2.369
6lu7_idABDVgen0,-5.7,22.929,19.443
6lu7_idABDVgen0,-5.6,38.034,35.63
6lu7_idABDVgen0,-5.5,38.827,36.14
6lu7_idABDVgen0,-5.4,9.042,4.08
6lu7_idABDWgen0,-6.2,0.0,0.0
6lu7_idABDWgen0,-6.2,4.667,2.615
6lu7_idABDWgen0,-6.2,23.782,20.622
6lu7_idABDWgen0,-6.1,8.627,3.455
6lu7_idABDWgen0,-5.9,18.979,15.336
6lu7_idABDWgen0,-5.8,34.207,30.27
6lu7_idABDWgen0,-5.7,8.405,5.842
6lu7_idABDWgen0,-5.7,2.622,1.885
6lu7_idABDWgen0,-5.7,33.358,30.368
6lu7_idABDXgen0,-6.3,0.0,0.0
6lu7_idABDXgen0,-6.0,18.043,15.413
6lu7_idABDXgen0,-6.0,25.157,21.839
6lu7_idABDXgen0,-5.8,9.662,2.415
6lu7_idABDXgen0,-5.7,10.361,3.063
6lu7_idABDXgen0,-5.7,8.921,5.335
6lu7_idABDXgen0,-5.6,6.963,3.372
6lu7_idABDXgen0,-5.6,9.812,7.401
6lu7_idABDXgen0,-5.6,23.943,20.895
6lu7_idABDYgen0,-6.6,0.0,0.0
6lu7_idABDYgen0,-6.6,20.55,18.261
6lu7_idABDYgen0,-6.4,15.571,12.82
6lu7_idABDYgen0,-6.4,19.409,18.27
6lu7_idABDYgen0,-6.3,18.868,17.637
6lu7_idABDYgen0,-6.2,3.911,1.871
6lu7_idABDYgen0,-6.2,21.27,18.972
6lu7_idABDYgen0,-6.2,17.242,14.915
6lu7_idABDYgen0,-6.2,3.663,1.253
6lu7_idABDZgen0,-5.9,0.0,0.0
6lu7_idABDZgen0,-5.8,5.72,2.343
6lu7_idABDZgen0,-5.8,4.415,2.447
6lu7_idABDZgen0,-5.7,3.251,2.002
6lu7_idABDZgen0,-5.6,24.858,22.992
6lu7_idABDZgen0,-5.6,4.984,2.434
6lu7_idABDZgen0,-5.3,35.971,33.599
6lu7_idABDZgen0,-5.2,5.306,2.0
6lu7_idABDZgen0,-5.2,35.983,33.55
6lu7_idABEAgen0,-6.5,0.0,0.0
6lu7_idABEAgen0,-6.5,32.394,28.802
6lu7_idABEAgen0,-6.1,9.216,3.525
6lu7_idABEAgen0,-6.1,42.884,41.212
6lu7_idABEAgen0,-6.0,56.06,53.862
6lu7_idABEAgen0,-6.0,42.771,41.096
6lu7_idABEAgen0,-6.0,37.79,36.204
6lu7_idABEAgen0,-5.9,42.307,40.565
6lu7_idABEAgen0,-5.8,54.947,53.276
6lu7_idABEBgen0,-6.1,0.0,0.0
6lu7_idABEBgen0,-6.0,41.24,35.026
6lu7_idABEBgen0,-5.9,42.968,38.572
6lu7_idABEBgen0,-5.9,54.878,52.039
6lu7_idABEBgen0,-5.8,40.661,36.883
6lu7_idABEBgen0,-5.7,39.15,36.643
6lu7_idABEBgen0,-5.7,43.442,37.95
6lu7_idABEBgen0,-5.7,38.433,32.485
6lu7_idABEBgen0,-5.6,44.122,39.104
6lu7_idABECgen0,-5.4,0.0,0.0
6lu7_idABECgen0,-5.4,40.451,37.931
6lu7_idABECgen0,-5.4,3.659,2.518
6lu7_idABECgen0,-5.3,8.207,3.136
6lu7_idABECgen0,-5.3,4.144,2.005
6lu7_idABECgen0,-5.3,19.386,16.032
6lu7_idABECgen0,-5.3,7.569,3.161
6lu7_idABECgen0,-5.3,40.408,36.686
6lu7_idABECgen0,-5.2,40.734,37.999
6lu7_idABEDgen0,-6.6,0.0,0.0
6lu7_idABEDgen0,-6.3,24.544,23.012
6lu7_idABEDgen0,-6.1,24.505,21.908
6lu7_idABEDgen0,-6.1,24.827,22.448
6lu7_idABEDgen0,-6.1,32.653,30.476
6lu7_idABEDgen0,-6.1,26.921,24.516
6lu7_idABEDgen0,-6.1,8.31,5.677
6lu7_idABEDgen0,-6.0,20.761,18.592
6lu7_idABEDgen0,-6.0,23.52,21.506
6lu7_idABEEgen0,-7.0,0.0,0.0
6lu7_idABEEgen0,-6.6,2.835,1.632
6lu7_idABEEgen0,-6.5,7.111,2.442
6lu7_idABEEgen0,-6.4,7.159,3.593
6lu7_idABEEgen0,-6.2,25.01,22.564
6lu7_idABEEgen0,-6.1,22.216,19.418
6lu7_idABEEgen0,-6.0,9.004,6.107
6lu7_idABEEgen0,-6.0,2.744,1.625
6lu7_idABEEgen0,-6.0,8.727,2.559
6lu7_idABEFgen0,-6.5,0.0,0.0
6lu7_idABEFgen0,-6.3,22.645,19.407
6lu7_idABEFgen0,-6.1,11.361,5.275
6lu7_idABEFgen0,-5.9,21.503,17.044
6lu7_idABEFgen0,-5.9,22.857,18.447
6lu7_idABEFgen0,-5.9,28.858,27.536
6lu7_idABEFgen0,-5.8,7.821,4.606
6lu7_idABEFgen0,-5.8,32.574,28.351
6lu7_idABEFgen0,-5.8,36.334,32.02
6lu7_idABEIgen0,-6.2,0.0,0.0
6lu7_idABEIgen0,-6.1,3.045,2.236
6lu7_idABEIgen0,-5.9,6.228,4.504
6lu7_idABEIgen0,-5.8,20.37,19.78
6lu7_idABEIgen0,-5.8,30.213,26.157
6lu7_idABEIgen0,-5.8,4.476,3.668
6lu7_idABEIgen0,-5.7,19.158,18.578
6lu7_idABEIgen0,-5.5,21.433,20.6
6lu7_idABEIgen0,-5.5,23.645,19.203
6lu7_idABEJgen0,-5.9,0.0,0.0
6lu7_idABEJgen0,-5.9,41.684,38.091
6lu7_idABEJgen0,-5.7,21.596,19.442
6lu7_idABEJgen0,-5.6,23.375,21.166
6lu7_idABEJgen0,-5.6,17.028,14.03
6lu7_idABEJgen0,-5.5,23.023,21.272
6lu7_idABEJgen0,-5.5,18.397,15.533
6lu7_idABEJgen0,-5.4,21.962,19.239
6lu7_idABEJgen0,-5.4,19.425,16.434
6lu7_idABEKgen0,-6.3,0.0,0.0
6lu7_idABEKgen0,-6.2,2.453,1.681
6lu7_idABEKgen0,-6.1,3.051,2.206
6lu7_idABEKgen0,-6.0,3.651,2.054
6lu7_idABEKgen0,-5.9,18.114,16.432
6lu7_idABEKgen0,-5.9,42.798,38.029
6lu7_idABEKgen0,-5.8,7.113,3.02
6lu7_idABEKgen0,-5.7,8.752,4.251
6lu7_idABEKgen0,-5.7,25.3,22.931
6lu7_idABELgen0,-6.4,0.0,0.0
6lu7_idABELgen0,-6.2,3.933,2.011
6lu7_idABELgen0,-6.1,6.298,2.605
6lu7_idABELgen0,-6.0,4.384,2.346
6lu7_idABELgen0,-6.0,19.296,15.78
6lu7_idABELgen0,-5.9,5.838,1.924
6lu7_idABELgen0,-5.8,5.478,2.695
6lu7_idABELgen0,-5.7,18.876,14.91
6lu7_idABELgen0,-5.7,5.238,2.725
6lu7_idABEMgen0,-6.1,0.0,0.0
6lu7_idABEMgen0,-6.0,9.169,5.282
6lu7_idABEMgen0,-6.0,24.334,22.45
6lu7_idABEMgen0,-6.0,22.618,19.789
6lu7_idABEMgen0,-6.0,23.365,19.856
6lu7_idABEMgen0,-6.0,25.864,22.068
6lu7_idABEMgen0,-5.8,31.952,28.967
6lu7_idABEMgen0,-5.8,25.432,22.411
6lu7_idABEMgen0,-5.7,8.755,5.069
6lu7_idABENgen0,-6.9,0.0,0.0
6lu7_idABENgen0,-6.7,7.78,4.95
6lu7_idABENgen0,-6.7,7.674,4.901
6lu7_idABENgen0,-6.7,24.568,21.583
6lu7_idABENgen0,-6.7,26.189,24.015
6lu7_idABENgen0,-6.6,26.039,23.48
6lu7_idABENgen0,-6.6,26.68,24.749
6lu7_idABENgen0,-6.6,24.686,21.7
6lu7_idABENgen0,-6.6,2.188,0.849
6lu7_idABEPgen0,-7.2,0.0,0.0
6lu7_idABEPgen0,-7.1,9.753,2.744
6lu7_idABEPgen0,-7.0,18.893,17.218
6lu7_idABEPgen0,-7.0,9.548,2.681
6lu7_idABEPgen0,-6.7,19.761,17.101
6lu7_idABEPgen0,-6.6,19.643,15.497
6lu7_idABEPgen0,-6.5,20.45,17.702
6lu7_idABEPgen0,-6.4,23.257,19.014
6lu7_idABEPgen0,-6.4,20.419,17.355
6lu7_idABESgen0,-5.6,0.0,0.0
6lu7_idABESgen0,-5.5,20.719,17.471
6lu7_idABESgen0,-5.4,19.496,16.104
6lu7_idABESgen0,-5.4,36.025,33.155
6lu7_idABESgen0,-5.3,20.155,16.803
6lu7_idABESgen0,-5.3,36.054,32.966
6lu7_idABESgen0,-5.2,30.759,27.727
6lu7_idABESgen0,-5.0,35.825,32.737
6lu7_idABESgen0,-5.0,43.105,40.262
6lu7_idABETgen0,-7.2,0.0,0.0
6lu7_idABETgen0,-7.1,6.858,3.697
6lu7_idABETgen0,-6.5,5.766,2.822
6lu7_idABETgen0,-6.5,5.341,2.118
6lu7_idABETgen0,-6.5,7.159,3.77
6lu7_idABETgen0,-6.5,3.17,2.295
6lu7_idABETgen0,-6.4,9.011,5.201
6lu7_idABETgen0,-6.4,12.438,11.779
6lu7_idABETgen0,-6.3,7.669,4.454
6lu7_idABEUgen0,-5.7,0.0,0.0
6lu7_idABEUgen0,-5.6,47.948,46.139
6lu7_idABEUgen0,-5.5,15.903,15.2
6lu7_idABEUgen0,-5.4,44.408,42.11
6lu7_idABEUgen0,-5.3,18.582,16.712
6lu7_idABEUgen0,-5.3,22.742,20.49
6lu7_idABEUgen0,-5.2,42.265,40.979
6lu7_idABEUgen0,-5.2,50.311,48.026
6lu7_idABEUgen0,-5.1,39.736,37.541
6lu7_idABEVgen0,-7.0,0.0,0.0
6lu7_idABEVgen0,-6.8,2.592,2.143
6lu7_idABEVgen0,-6.6,25.902,23.269
6lu7_idABEVgen0,-6.5,3.689,2.502
6lu7_idABEVgen0,-6.5,7.023,5.462
6lu7_idABEVgen0,-6.2,4.91,3.003
6lu7_idABEVgen0,-6.1,7.291,4.613
6lu7_idABEVgen0,-6.0,30.428,28.564
6lu7_idABEVgen0,-6.0,23.783,21.143
6lu7_idABEWgen0,-6.1,0.0,0.0
6lu7_idABEWgen0,-5.9,17.693,15.565
6lu7_idABEWgen0,-5.8,16.752,14.426
6lu7_idABEWgen0,-5.8,16.738,14.454
6lu7_idABEWgen0,-5.8,27.94,26.115
6lu7_idABEWgen0,-5.8,55.753,52.669
6lu7_idABEWgen0,-5.7,20.084,17.005
6lu7_idABEWgen0,-5.7,17.183,14.779
6lu7_idABEWgen0,-5.7,4.343,3.132
6lu7_idABEXgen0,-6.7,0.0,0.0
6lu7_idABEXgen0,-6.7,7.727,4.437
6lu7_idABEXgen0,-6.7,7.385,4.004
6lu7_idABEXgen0,-6.3,4.601,2.065
6lu7_idABEXgen0,-6.3,21.383,17.768
6lu7_idABEXgen0,-6.2,14.662,12.671
6lu7_idABEXgen0,-6.2,25.411,22.99
6lu7_idABEXgen0,-6.2,23.117,21.847
6lu7_idABEXgen0,-6.2,30.954,28.789
6lu7_idABEYgen0,-6.6,0.0,0.0
6lu7_idABEYgen0,-6.4,23.072,21.374
6lu7_idABEYgen0,-6.3,24.738,21.854
6lu7_idABEYgen0,-6.1,22.946,18.461
6lu7_idABEYgen0,-6.0,22.898,21.895
6lu7_idABEYgen0,-5.9,22.223,17.414
6lu7_idABEYgen0,-5.8,9.406,5.318
6lu7_idABEYgen0,-5.8,25.078,21.919
6lu7_idABEYgen0,-5.8,18.914,12.527
6lu7_idABEZgen0,-4.8,0.0,0.0
6lu7_idABEZgen0,-4.7,28.061,21.047
6lu7_idABEZgen0,-4.6,6.02,3.085
6lu7_idABEZgen0,-4.6,12.534,8.604
6lu7_idABEZgen0,-4.5,26.65,21.483
6lu7_idABEZgen0,-4.5,26.825,20.843
6lu7_idABEZgen0,-4.5,8.706,4.581
6lu7_idABEZgen0,-4.4,26.433,20.318
6lu7_idABEZgen0,-4.4,10.336,4.028
6lu7_idABFAgen0,-5.7,0.0,0.0
6lu7_idABFAgen0,-5.6,2.479,1.87
6lu7_idABFAgen0,-5.5,39.113,36.97
6lu7_idABFAgen0,-5.5,8.155,2.817
6lu7_idABFAgen0,-5.5,4.262,3.134
6lu7_idABFAgen0,-5.4,10.896,3.596
6lu7_idABFAgen0,-5.3,6.377,3.632
6lu7_idABFAgen0,-5.3,33.13,27.402
6lu7_idABFAgen0,-5.2,7.455,2.7
6lu7_idABFBgen0,-6.6,0.0,0.0
6lu7_idABFBgen0,-6.4,23.748,21.619
6lu7_idABFBgen0,-6.4,23.818,21.559
6lu7_idABFBgen0,-6.2,27.168,24.926
6lu7_idABFBgen0,-6.1,25.219,22.713
6lu7_idABFBgen0,-6.0,24.325,20.901
6lu7_idABFBgen0,-5.9,3.35,2.171
6lu7_idABFBgen0,-5.9,25.159,22.585
6lu7_idABFBgen0,-5.9,6.473,2.84
6lu7_idABFCgen0,-6.2,0.0,0.0
6lu7_idABFCgen0,-5.8,23.07,20.749
6lu7_idABFCgen0,-5.8,22.26,19.287
6lu7_idABFCgen0,-5.8,24.071,21.807
6lu7_idABFCgen0,-5.8,34.795,32.981
6lu7_idABFCgen0,-5.7,21.807,18.827
6lu7_idABFCgen0,-5.7,8.085,4.727
6lu7_idABFCgen0,-5.6,22.99,20.317
6lu7_idABFCgen0,-5.5,34.998,32.696
6lu7_idABFDgen0,-7.5,0.0,0.0
6lu7_idABFDgen0,-7.1,40.651,39.305
6lu7_idABFDgen0,-7.0,5.034,2.988
6lu7_idABFDgen0,-7.0,24.477,20.102
6lu7_idABFDgen0,-6.3,9.907,4.054
6lu7_idABFDgen0,-6.2,7.149,2.704
6lu7_idABFDgen0,-6.2,6.303,4.584
6lu7_idABFDgen0,-6.1,9.463,3.81
6lu7_idABFDgen0,-6.1,41.035,39.653
6lu7_idABFEgen0,-7.2,0.0,0.0
6lu7_idABFEgen0,-7.0,24.377,20.499
6lu7_idABFEgen0,-6.8,22.973,19.861
6lu7_idABFEgen0,-6.6,25.084,21.07
6lu7_idABFEgen0,-6.6,25.556,21.301
6lu7_idABFEgen0,-6.5,8.104,4.07
6lu7_idABFEgen0,-6.4,23.081,20.192
6lu7_idABFEgen0,-6.4,30.307,26.115
6lu7_idABFEgen0,-6.4,27.634,22.9
6lu7_idABFFgen0,-6.3,0.0,0.0
6lu7_idABFFgen0,-6.0,2.952,2.008
6lu7_idABFFgen0,-6.0,5.611,3.318
6lu7_idABFFgen0,-5.8,6.037,3.307
6lu7_idABFFgen0,-5.7,3.332,2.036
6lu7_idABFFgen0,-5.6,6.453,3.796
6lu7_idABFFgen0,-5.5,22.648,19.594
6lu7_idABFFgen0,-5.5,33.806,31.639
6lu7_idABFFgen0,-5.5,33.441,30.723
6lu7_idABFGgen0,-6.5,0.0,0.0
6lu7_idABFGgen0,-6.3,8.758,4.292
6lu7_idABFGgen0,-6.2,24.654,22.252
6lu7_idABFGgen0,-6.2,25.524,23.682
6lu7_idABFGgen0,-6.2,7.668,5.342
6lu7_idABFGgen0,-6.2,25.327,23.702
6lu7_idABFGgen0,-6.0,23.679,22.306
6lu7_idABFGgen0,-6.0,25.108,22.716
6lu7_idABFGgen0,-6.0,3.298,2.005
6lu7_idABFHgen0,-6.7,0.0,0.0
6lu7_idABFHgen0,-6.6,5.89,3.556
6lu7_idABFHgen0,-6.3,26.582,24.864
6lu7_idABFHgen0,-6.0,8.009,5.048
6lu7_idABFHgen0,-5.9,37.275,34.599
6lu7_idABFHgen0,-5.9,38.265,35.37
6lu7_idABFHgen0,-5.8,42.377,39.388
6lu7_idABFHgen0,-5.6,48.829,46.391
6lu7_idABFHgen0,-5.5,19.625,17.276
6lu7_idABFIgen0,-5.5,0.0,0.0
6lu7_idABFIgen0,-5.4,2.266,1.593
6lu7_idABFIgen0,-5.3,24.866,21.991
6lu7_idABFIgen0,-5.3,4.15,3.014
6lu7_idABFIgen0,-5.1,19.881,16.074
6lu7_idABFIgen0,-5.0,42.052,37.829
6lu7_idABFIgen0,-5.0,43.001,37.934
6lu7_idABFIgen0,-5.0,10.806,6.761
6lu7_idABFIgen0,-5.0,8.046,4.558
6lu7_idABFJgen0,-7.1,0.0,0.0
6lu7_idABFJgen0,-6.6,24.263,22.161
6lu7_idABFJgen0,-6.6,24.444,21.0
6lu7_idABFJgen0,-6.6,24.455,19.707
6lu7_idABFJgen0,-6.5,35.926,29.568
6lu7_idABFJgen0,-6.4,23.658,22.304
6lu7_idABFJgen0,-6.3,7.687,2.789
6lu7_idABFJgen0,-6.3,7.741,2.788
6lu7_idABFJgen0,-6.3,25.362,21.582
6lu7_idABFKgen0,-5.9,0.0,0.0
6lu7_idABFKgen0,-5.8,14.916,11.534
6lu7_idABFKgen0,-5.7,6.194,3.161
6lu7_idABFKgen0,-5.5,24.275,22.329
6lu7_idABFKgen0,-5.4,2.142,1.46
6lu7_idABFKgen0,-5.4,24.336,22.434
6lu7_idABFKgen0,-5.3,5.943,3.424
6lu7_idABFKgen0,-5.3,8.37,6.52
6lu7_idABFKgen0,-5.2,5.805,2.719
6lu7_idABFLgen0,-6.1,0.0,0.0
6lu7_idABFLgen0,-6.1,20.649,19.062
6lu7_idABFLgen0,-6.0,6.091,3.129
6lu7_idABFLgen0,-5.6,28.661,26.636
6lu7_idABFLgen0,-5.4,7.525,3.736
6lu7_idABFLgen0,-5.3,15.151,14.031
6lu7_idABFLgen0,-5.2,11.529,7.848
6lu7_idABFLgen0,-5.2,23.607,20.912
6lu7_idABFLgen0,-5.2,9.015,5.6
6lu7_idABFNgen0,-5.0,0.0,0.0
6lu7_idABFNgen0,-5.0,28.178,24.778
6lu7_idABFNgen0,-4.9,5.69,3.452
6lu7_idABFNgen0,-4.9,25.647,21.979
6lu7_idABFNgen0,-4.8,27.454,23.919
6lu7_idABFNgen0,-4.8,5.709,2.455
6lu7_idABFNgen0,-4.8,5.19,2.873
6lu7_idABFNgen0,-4.8,26.818,23.514
6lu7_idABFNgen0,-4.7,27.074,23.907
6lu7_idABFOgen0,-5.9,0.0,0.0
6lu7_idABFOgen0,-5.8,7.783,4.507
6lu7_idABFOgen0,-5.8,24.605,22.407
6lu7_idABFOgen0,-5.7,25.109,22.059
6lu7_idABFOgen0,-5.6,24.995,21.994
6lu7_idABFOgen0,-5.5,7.761,4.411
6lu7_idABFOgen0,-5.5,27.105,22.994
6lu7_idABFOgen0,-5.5,25.212,22.281
6lu7_idABFOgen0,-5.3,29.345,24.217
6lu7_idABFPgen0,-6.1,0.0,0.0
6lu7_idABFPgen0,-5.9,11.718,8.474
6lu7_idABFPgen0,-5.8,7.649,2.962
6lu7_idABFPgen0,-5.7,3.446,2.749
6lu7_idABFPgen0,-5.7,4.545,2.78
6lu7_idABFPgen0,-5.7,27.241,25.063
6lu7_idABFPgen0,-5.7,3.367,2.659
6lu7_idABFPgen0,-5.6,8.156,2.595
6lu7_idABFPgen0,-5.6,29.423,26.818
6lu7_idABFQgen0,-7.4,0.0,0.0
6lu7_idABFQgen0,-7.3,25.332,22.322
6lu7_idABFQgen0,-7.2,3.735,2.343
6lu7_idABFQgen0,-7.1,25.407,22.656
6lu7_idABFQgen0,-7.1,25.689,22.771
6lu7_idABFQgen0,-7.0,24.473,21.845
6lu7_idABFQgen0,-6.8,29.322,27.036
6lu7_idABFQgen0,-6.8,25.497,22.421
6lu7_idABFQgen0,-6.5,29.25,27.507
6lu7_idABFRgen0,-8.0,0.0,0.0
6lu7_idABFRgen0,-7.8,7.364,3.934
6lu7_idABFRgen0,-7.7,22.857,19.832
6lu7_idABFRgen0,-7.6,2.05,1.177
6lu7_idABFRgen0,-7.2,25.938,21.683
6lu7_idABFRgen0,-7.1,22.593,19.852
6lu7_idABFRgen0,-7.0,9.158,3.731
6lu7_idABFRgen0,-7.0,25.456,20.986
6lu7_idABFRgen0,-6.9,12.364,8.282
6lu7_idABFSgen0,-6.1,0.0,0.0
6lu7_idABFSgen0,-6.1,8.793,3.218
6lu7_idABFSgen0,-6.0,5.863,3.223
6lu7_idABFSgen0,-5.8,5.366,2.424
6lu7_idABFSgen0,-5.7,18.912,15.633
6lu7_idABFSgen0,-5.7,6.785,3.059
6lu7_idABFSgen0,-5.7,19.523,16.085
6lu7_idABFSgen0,-5.6,8.667,2.957
6lu7_idABFSgen0,-5.4,8.408,3.043
6lu7_idABFUgen0,-6.7,0.0,0.0
6lu7_idABFUgen0,-6.7,7.254,4.285
6lu7_idABFUgen0,-6.6,16.584,15.429
6lu7_idABFUgen0,-6.5,40.325,36.727
6lu7_idABFUgen0,-6.4,2.676,2.151
6lu7_idABFUgen0,-6.3,22.598,18.627
6lu7_idABFUgen0,-6.3,21.425,17.491
6lu7_idABFUgen0,-6.2,16.399,14.874
6lu7_idABFUgen0,-6.2,3.29,2.428
6lu7_idABFVgen0,-6.8,0.0,0.0
6lu7_idABFVgen0,-6.3,26.546,23.036
6lu7_idABFVgen0,-6.3,2.358,1.438
6lu7_idABFVgen0,-6.0,23.467,20.285
6lu7_idABFVgen0,-6.0,7.879,3.299
6lu7_idABFVgen0,-5.9,27.399,24.123
6lu7_idABFVgen0,-5.9,12.012,8.656
6lu7_idABFVgen0,-5.9,23.822,20.441
6lu7_idABFVgen0,-5.8,23.939,20.558
6lu7_idABFWgen0,-6.9,0.0,0.0
6lu7_idABFWgen0,-6.8,2.33,1.191
6lu7_idABFWgen0,-6.6,22.989,19.202
6lu7_idABFWgen0,-6.4,27.069,23.495
6lu7_idABFWgen0,-6.1,3.241,1.967
6lu7_idABFWgen0,-6.0,28.25,25.556
6lu7_idABFWgen0,-6.0,5.777,4.225
6lu7_idABFWgen0,-5.9,5.703,4.619
6lu7_idABFWgen0,-5.9,15.37,9.512
6lu7_idABFXgen0,-7.3,0.0,0.0
6lu7_idABFXgen0,-7.2,25.422,21.56
6lu7_idABFXgen0,-7.1,6.245,4.787
6lu7_idABFXgen0,-7.0,25.335,22.906
6lu7_idABFXgen0,-6.9,15.753,12.204
6lu7_idABFXgen0,-6.7,14.248,10.633
6lu7_idABFXgen0,-6.7,14.613,10.562
6lu7_idABFXgen0,-6.7,28.727,25.491
6lu7_idABFXgen0,-6.7,27.525,25.274
6lu7_idABFYgen0,-6.8,0.0,0.0
6lu7_idABFYgen0,-6.7,23.984,21.941
6lu7_idABFYgen0,-6.7,40.741,39.259
6lu7_idABFYgen0,-6.7,2.319,1.367
6lu7_idABFYgen0,-6.5,41.894,37.866
6lu7_idABFYgen0,-6.4,3.38,2.331
6lu7_idABFYgen0,-6.4,4.77,3.712
6lu7_idABFYgen0,-6.4,39.868,37.11
6lu7_idABFYgen0,-6.3,14.78,12.708
6lu7_idABFZgen0,-8.7,0.0,0.0
6lu7_idABFZgen0,-8.2,23.37,19.851
6lu7_idABFZgen0,-8.1,4.265,2.42
6lu7_idABFZgen0,-7.8,24.448,20.626
6lu7_idABFZgen0,-7.7,24.875,21.022
6lu7_idABFZgen0,-7.7,22.962,20.0
6lu7_idABFZgen0,-7.7,5.794,2.165
6lu7_idABFZgen0,-7.5,27.956,23.173
6lu7_idABFZgen0,-7.4,5.5,2.347
6lu7_idABGAgen0,-6.0,0.0,0.0
6lu7_idABGAgen0,-6.0,2.451,2.111
6lu7_idABGAgen0,-5.6,35.238,32.886
6lu7_idABGAgen0,-5.3,4.638,3.171
6lu7_idABGAgen0,-5.2,35.602,33.236
6lu7_idABGAgen0,-5.2,3.245,2.456
6lu7_idABGAgen0,-5.2,28.051,25.973
6lu7_idABGAgen0,-5.2,27.455,25.408
6lu7_idABGAgen0,-5.1,25.626,23.507
6lu7_idABGBgen0,-6.7,0.0,0.0
6lu7_idABGBgen0,-6.6,23.41,18.723
6lu7_idABGBgen0,-6.5,32.836,29.442
6lu7_idABGBgen0,-6.3,20.779,17.789
6lu7_idABGBgen0,-6.3,12.48,7.243
6lu7_idABGBgen0,-6.3,9.513,5.625
6lu7_idABGBgen0,-6.2,5.706,2.831
6lu7_idABGBgen0,-6.1,5.64,2.423
6lu7_idABGBgen0,-6.0,7.505,5.54
6lu7_idABGCgen0,-6.8,0.0,0.0
6lu7_idABGCgen0,-6.7,3.649,0.063
6lu7_idABGCgen0,-6.6,26.005,24.129
6lu7_idABGCgen0,-6.6,4.262,1.006
6lu7_idABGCgen0,-6.5,2.395,0.987
6lu7_idABGCgen0,-6.5,14.186,11.432
6lu7_idABGCgen0,-6.5,14.194,11.431
6lu7_idABGCgen0,-6.5,24.767,22.461
6lu7_idABGCgen0,-6.4,18.607,16.715
6lu7_idABGDgen0,-6.5,0.0,0.0
6lu7_idABGDgen0,-6.4,3.898,2.566
6lu7_idABGDgen0,-6.2,5.589,2.712
6lu7_idABGDgen0,-6.1,22.968,18.506
6lu7_idABGDgen0,-6.1,3.174,1.772
6lu7_idABGDgen0,-6.1,4.233,2.872
6lu7_idABGDgen0,-6.1,23.96,19.588
6lu7_idABGDgen0,-5.9,24.961,19.984
6lu7_idABGDgen0,-5.9,10.475,3.554
6lu7_idABGFgen0,-6.9,0.0,0.0
6lu7_idABGFgen0,-6.8,16.213,13.46
6lu7_idABGFgen0,-6.7,24.82,22.324
6lu7_idABGFgen0,-6.7,23.189,21.209
6lu7_idABGFgen0,-6.7,24.534,23.028
6lu7_idABGFgen0,-6.6,24.753,22.296
6lu7_idABGFgen0,-6.6,24.403,23.157
6lu7_idABGFgen0,-6.5,3.925,1.439
6lu7_idABGFgen0,-6.5,23.695,22.333
6lu7_idABGHgen0,-5.5,0.0,0.0
6lu7_idABGHgen0,-5.2,3.999,2.062
6lu7_idABGHgen0,-5.2,24.559,23.316
6lu7_idABGHgen0,-5.1,23.681,22.773
6lu7_idABGHgen0,-5.1,5.014,3.684
6lu7_idABGHgen0,-5.1,18.131,15.85
6lu7_idABGHgen0,-5.0,20.929,17.995
6lu7_idABGHgen0,-5.0,7.941,3.127
6lu7_idABGHgen0,-5.0,18.082,16.143
6lu7_idABGIgen0,-6.3,0.0,0.0
6lu7_idABGIgen0,-6.2,38.778,33.366
6lu7_idABGIgen0,-6.1,3.048,1.511
6lu7_idABGIgen0,-6.1,2.595,0.618
6lu7_idABGIgen0,-6.1,6.888,4.169
6lu7_idABGIgen0,-6.1,2.25,1.554
6lu7_idABGIgen0,-6.1,9.486,2.909
6lu7_idABGIgen0,-6.1,9.326,2.788
6lu7_idABGIgen0,-6.0,6.96,4.097
6lu7_idABGJgen0,-7.6,0.0,0.0
6lu7_idABGJgen0,-7.5,25.729,23.493
6lu7_idABGJgen0,-7.3,26.292,23.186
6lu7_idABGJgen0,-6.8,29.581,26.821
6lu7_idABGJgen0,-6.7,14.053,12.07
6lu7_idABGJgen0,-6.5,26.728,23.918
6lu7_idABGJgen0,-6.5,35.11,33.318
6lu7_idABGJgen0,-6.5,36.082,33.457
6lu7_idABGJgen0,-6.5,38.974,38.136
6lu7_idABGKgen0,-5.7,0.0,0.0
6lu7_idABGKgen0,-5.5,5.846,2.935
6lu7_idABGKgen0,-5.4,6.009,2.973
6lu7_idABGKgen0,-5.4,2.939,1.907
6lu7_idABGKgen0,-5.3,43.643,39.41
6lu7_idABGKgen0,-5.3,17.61,16.296
6lu7_idABGKgen0,-5.3,6.126,3.02
6lu7_idABGKgen0,-5.2,31.035,26.133
6lu7_idABGKgen0,-5.2,36.293,30.239
6lu7_idABGLgen0,-6.6,0.0,0.0
6lu7_idABGLgen0,-6.6,23.366,21.151
6lu7_idABGLgen0,-6.4,23.386,21.292
6lu7_idABGLgen0,-6.4,32.541,30.135
6lu7_idABGLgen0,-6.3,24.947,22.992
6lu7_idABGLgen0,-6.2,4.591,3.336
6lu7_idABGLgen0,-6.2,19.003,17.685
6lu7_idABGLgen0,-5.8,31.844,29.506
6lu7_idABGLgen0,-5.8,25.515,23.032
6lu7_idABGMgen0,-5.9,0.0,0.0
6lu7_idABGMgen0,-5.8,22.945,21.725
6lu7_idABGMgen0,-5.6,11.93,9.047
6lu7_idABGMgen0,-5.6,39.126,35.845
6lu7_idABGMgen0,-5.6,21.575,17.94
6lu7_idABGMgen0,-5.5,17.846,16.097
6lu7_idABGMgen0,-5.4,5.442,2.641
6lu7_idABGMgen0,-5.4,6.979,4.504
6lu7_idABGMgen0,-5.4,23.357,21.589
6lu7_idABGOgen0,-7.1,0.0,0.0
6lu7_idABGOgen0,-6.7,5.777,4.885
6lu7_idABGOgen0,-6.7,6.13,3.496
6lu7_idABGOgen0,-6.7,3.61,2.249
6lu7_idABGOgen0,-6.5,39.103,36.448
6lu7_idABGOgen0,-6.4,8.519,2.85
6lu7_idABGOgen0,-6.1,8.874,5.886
6lu7_idABGOgen0,-6.1,38.91,34.58
6lu7_idABGOgen0,-6.0,18.278,16.385
6lu7_idABGPgen0,-8.2,0.0,0.0
6lu7_idABGPgen0,-7.6,4.575,2.388
6lu7_idABGPgen0,-7.5,6.102,4.092
6lu7_idABGPgen0,-7.2,23.573,20.197
6lu7_idABGPgen0,-7.1,7.739,3.602
6lu7_idABGPgen0,-7.0,38.915,36.887
6lu7_idABGPgen0,-6.9,49.287,46.382
6lu7_idABGPgen0,-6.8,2.855,1.928
6lu7_idABGPgen0,-6.7,34.819,30.053
6lu7_idABGQgen0,-6.0,0.0,0.0
6lu7_idABGQgen0,-5.7,25.614,21.74
6lu7_idABGQgen0,-5.5,18.608,16.882
6lu7_idABGQgen0,-5.4,28.085,23.21
6lu7_idABGQgen0,-5.4,13.472,12.853
6lu7_idABGQgen0,-5.4,16.466,14.268
6lu7_idABGQgen0,-5.4,21.137,19.663
6lu7_idABGQgen0,-5.4,14.189,13.306
6lu7_idABGQgen0,-5.3,16.007,12.654
6lu7_idABGRgen0,-6.7,0.0,0.0
6lu7_idABGRgen0,-6.7,42.1,38.376
6lu7_idABGRgen0,-6.4,8.055,5.924
6lu7_idABGRgen0,-6.2,40.687,38.599
6lu7_idABGRgen0,-6.2,43.578,39.905
6lu7_idABGRgen0,-6.1,39.741,35.956
6lu7_idABGRgen0,-6.1,32.679,30.891
6lu7_idABGRgen0,-5.9,32.314,30.283
6lu7_idABGRgen0,-5.9,38.754,34.539
6lu7_idABGUgen0,-5.6,0.0,0.0
6lu7_idABGUgen0,-5.6,3.383,2.161
6lu7_idABGUgen0,-5.5,18.763,15.808
6lu7_idABGUgen0,-5.4,2.597,2.002
6lu7_idABGUgen0,-5.4,4.34,3.064
6lu7_idABGUgen0,-5.3,19.47,16.772
6lu7_idABGUgen0,-5.2,5.061,3.41
6lu7_idABGUgen0,-5.2,22.821,18.975
6lu7_idABGUgen0,-5.2,2.201,1.77
6lu7_idABGWgen0,-6.2,0.0,0.0
6lu7_idABGWgen0,-5.9,25.443,22.046
6lu7_idABGWgen0,-5.9,2.856,1.527
6lu7_idABGWgen0,-5.9,7.661,2.721
6lu7_idABGWgen0,-5.9,7.183,2.442
6lu7_idABGWgen0,-5.6,6.794,2.084
6lu7_idABGWgen0,-5.4,7.715,3.482
6lu7_idABGWgen0,-5.4,2.066,1.798
6lu7_idABGWgen0,-5.4,34.646,30.855
6lu7_idABGXgen0,-6.4,0.0,0.0
6lu7_idABGXgen0,-6.2,42.458,38.919
6lu7_idABGXgen0,-6.2,41.948,38.396
6lu7_idABGXgen0,-6.1,42.342,38.722
6lu7_idABGXgen0,-6.1,2.591,1.737
6lu7_idABGXgen0,-5.9,2.718,2.041
6lu7_idABGXgen0,-5.7,35.009,31.771
6lu7_idABGXgen0,-5.7,43.438,40.444
6lu7_idABGXgen0,-5.7,37.28,35.072
6lu7_idABGZgen0,-6.7,0.0,0.0
6lu7_idABGZgen0,-6.7,5.373,1.38
6lu7_idABGZgen0,-6.6,25.683,20.872
6lu7_idABGZgen0,-6.5,7.918,2.626
6lu7_idABGZgen0,-6.5,2.124,1.516
6lu7_idABGZgen0,-6.3,8.171,2.77
6lu7_idABGZgen0,-6.2,6.662,2.351
6lu7_idABGZgen0,-6.2,24.511,20.007
6lu7_idABGZgen0,-6.1,8.995,2.957
6lu7_idABHAgen0,-7.2,0.0,0.0
6lu7_idABHAgen0,-6.5,23.773,21.024
6lu7_idABHAgen0,-6.5,8.369,5.767
6lu7_idABHAgen0,-6.4,26.886,24.181
6lu7_idABHAgen0,-6.3,25.437,21.99
6lu7_idABHAgen0,-6.3,3.454,2.901
6lu7_idABHAgen0,-6.2,23.541,19.376
6lu7_idABHAgen0,-6.2,10.668,6.84
6lu7_idABHAgen0,-6.1,23.623,21.343
6lu7_idABHCgen0,-6.8,0.0,0.0
6lu7_idABHCgen0,-6.5,4.301,3.021
6lu7_idABHCgen0,-6.3,49.675,47.187
6lu7_idABHCgen0,-6.3,2.094,1.665
6lu7_idABHCgen0,-6.3,4.244,3.078
6lu7_idABHCgen0,-6.3,10.035,3.938
6lu7_idABHCgen0,-6.1,3.956,2.437
6lu7_idABHCgen0,-6.1,9.031,5.938
6lu7_idABHCgen0,-6.0,20.28,17.556
6lu7_idABHDgen0,-5.9,0.0,0.0
6lu7_idABHDgen0,-5.7,17.588,15.423
6lu7_idABHDgen0,-5.6,17.512,15.52
6lu7_idABHDgen0,-5.5,28.529,26.656
6lu7_idABHDgen0,-5.5,11.841,10.241
6lu7_idABHDgen0,-5.4,18.156,16.135
6lu7_idABHDgen0,-5.4,17.142,15.307
6lu7_idABHDgen0,-5.4,28.649,26.788
6lu7_idABHDgen0,-5.2,11.244,9.352
6lu7_idABHEgen0,-6.5,0.0,0.0
6lu7_idABHEgen0,-6.3,4.98,4.049
6lu7_idABHEgen0,-6.2,4.731,3.583
6lu7_idABHEgen0,-6.2,8.799,6.219
6lu7_idABHEgen0,-6.1,4.754,3.271
6lu7_idABHEgen0,-6.1,5.317,3.912
6lu7_idABHEgen0,-6.0,22.482,20.053
6lu7_idABHEgen0,-6.0,3.011,2.116
6lu7_idABHEgen0,-6.0,4.05,2.975
6lu7_idABHFgen0,-6.3,0.0,0.0
6lu7_idABHFgen0,-6.1,4.007,2.014
6lu7_idABHFgen0,-6.1,24.806,22.218
6lu7_idABHFgen0,-6.0,3.889,2.197
6lu7_idABHFgen0,-6.0,5.521,2.296
6lu7_idABHFgen0,-6.0,51.451,47.143
6lu7_idABHFgen0,-5.8,22.57,17.962
6lu7_idABHFgen0,-5.8,20.469,16.245
6lu7_idABHFgen0,-5.7,23.937,22.389
6lu7_idABHGgen0,-5.6,0.0,0.0
6lu7_idABHGgen0,-5.4,12.122,8.532
6lu7_idABHGgen0,-5.3,6.293,2.566
6lu7_idABHGgen0,-5.2,35.052,31.825
6lu7_idABHGgen0,-5.1,8.149,4.804
6lu7_idABHGgen0,-5.1,24.215,22.465
6lu7_idABHGgen0,-5.0,6.491,2.954
6lu7_idABHGgen0,-5.0,2.04,1.237
6lu7_idABHGgen0,-5.0,23.606,22.279
6lu7_idABHHgen0,-6.5,0.0,0.0
6lu7_idABHHgen0,-6.3,4.836,3.121
6lu7_idABHHgen0,-6.1,23.893,21.974
6lu7_idABHHgen0,-6.0,23.984,22.113
6lu7_idABHHgen0,-6.0,3.196,2.322
6lu7_idABHHgen0,-5.9,28.261,26.352
6lu7_idABHHgen0,-5.9,28.898,26.759
6lu7_idABHHgen0,-5.9,24.47,22.336
6lu7_idABHHgen0,-5.8,33.191,30.345
6lu7_idABHIgen0,-7.3,0.0,0.0
6lu7_idABHIgen0,-7.3,8.449,4.216
6lu7_idABHIgen0,-7.3,23.414,19.631
6lu7_idABHIgen0,-7.2,8.276,3.059
6lu7_idABHIgen0,-7.1,2.782,2.085
6lu7_idABHIgen0,-7.0,8.49,4.002
6lu7_idABHIgen0,-6.9,7.266,3.773
6lu7_idABHIgen0,-6.8,10.359,4.043
6lu7_idABHIgen0,-6.8,11.629,6.005
6lu7_idABHKgen0,-6.1,0.0,0.0
6lu7_idABHKgen0,-5.5,2.108,1.611
6lu7_idABHKgen0,-5.4,33.303,31.332
6lu7_idABHKgen0,-5.4,24.131,22.115
6lu7_idABHKgen0,-5.3,33.453,31.473
6lu7_idABHKgen0,-5.3,7.483,3.148
6lu7_idABHKgen0,-5.2,33.958,31.778
6lu7_idABHKgen0,-5.0,33.067,31.068
6lu7_idABHKgen0,-4.9,23.411,20.728
6lu7_idABHLgen0,-7.0,0.0,0.0
6lu7_idABHLgen0,-6.7,1.983,0.548
6lu7_idABHLgen0,-6.6,9.135,2.556
6lu7_idABHLgen0,-6.5,53.217,50.868
6lu7_idABHLgen0,-6.4,32.044,29.503
6lu7_idABHLgen0,-6.4,8.902,2.544
6lu7_idABHLgen0,-6.4,36.543,34.063
6lu7_idABHLgen0,-6.4,35.709,33.999
6lu7_idABHLgen0,-6.2,39.482,36.938
6lu7_idABHMgen0,-6.4,0.0,0.0
6lu7_idABHMgen0,-6.0,40.812,38.832
6lu7_idABHMgen0,-6.0,38.391,36.523
6lu7_idABHMgen0,-5.9,38.416,36.229
6lu7_idABHMgen0,-5.9,39.744,37.596
6lu7_idABHMgen0,-5.8,39.499,37.478
6lu7_idABHMgen0,-5.8,41.338,39.274
6lu7_idABHMgen0,-5.7,40.845,38.907
6lu7_idABHMgen0,-5.6,37.387,36.075
6lu7_idABHNgen0,-5.2,0.0,0.0
6lu7_idABHNgen0,-5.0,29.155,27.841
6lu7_idABHNgen0,-4.9,17.94,13.995
6lu7_idABHNgen0,-4.9,29.189,27.01
6lu7_idABHNgen0,-4.8,19.068,14.63
6lu7_idABHNgen0,-4.8,20.302,16.303
6lu7_idABHNgen0,-4.8,15.661,13.534
6lu7_idABHNgen0,-4.8,21.35,17.207
6lu7_idABHNgen0,-4.7,15.678,13.665
6lu7_idABHOgen0,-6.6,0.0,0.0
6lu7_idABHOgen0,-6.4,4.245,3.178
6lu7_idABHOgen0,-6.3,30.504,26.902
6lu7_idABHOgen0,-6.3,6.032,4.01
6lu7_idABHOgen0,-6.2,2.638,1.492
6lu7_idABHOgen0,-6.2,22.416,18.603
6lu7_idABHOgen0,-6.1,22.988,20.72
6lu7_idABHOgen0,-6.1,20.898,18.567
6lu7_idABHOgen0,-6.0,25.293,21.428
6lu7_idABHRgen0,-7.1,0.0,0.0
6lu7_idABHRgen0,-7.1,17.094,16.089
6lu7_idABHRgen0,-6.6,10.64,2.687
6lu7_idABHRgen0,-6.5,36.858,31.853
6lu7_idABHRgen0,-6.5,20.177,17.878
6lu7_idABHRgen0,-6.4,26.001,24.233
6lu7_idABHRgen0,-6.3,11.715,3.346
6lu7_idABHRgen0,-6.3,18.488,17.299
6lu7_idABHRgen0,-6.1,18.253,15.799
6lu7_idABHSgen0,-7.0,0.0,0.0
6lu7_idABHSgen0,-6.8,3.033,2.105
6lu7_idABHSgen0,-6.3,38.622,36.623
6lu7_idABHSgen0,-6.3,5.455,3.41
6lu7_idABHSgen0,-6.2,7.149,2.724
6lu7_idABHSgen0,-6.2,5.478,3.824
6lu7_idABHSgen0,-6.1,3.415,3.075
6lu7_idABHSgen0,-6.0,4.575,2.921
6lu7_idABHSgen0,-5.9,46.246,42.282
6lu7_idABHTgen0,-6.5,0.0,0.0
6lu7_idABHTgen0,-6.4,2.986,1.63
6lu7_idABHTgen0,-6.1,3.307,2.064
6lu7_idABHTgen0,-6.1,41.297,37.017
6lu7_idABHTgen0,-6.0,22.49,19.439
6lu7_idABHTgen0,-6.0,18.17,15.785
6lu7_idABHTgen0,-6.0,7.606,4.841
6lu7_idABHTgen0,-5.9,24.111,22.292
6lu7_idABHTgen0,-5.9,19.33,16.671
6lu7_idABHUgen0,-6.8,0.0,0.0
6lu7_idABHUgen0,-6.7,5.478,2.58
6lu7_idABHUgen0,-6.6,3.091,1.985
6lu7_idABHUgen0,-6.6,5.986,1.544
6lu7_idABHUgen0,-6.6,5.46,1.818
6lu7_idABHUgen0,-6.5,38.349,35.573
6lu7_idABHUgen0,-6.4,6.098,1.908
6lu7_idABHUgen0,-6.4,6.525,3.103
6lu7_idABHUgen0,-6.3,7.736,4.024
6lu7_idABHVgen0,-6.8,0.0,0.0
6lu7_idABHVgen0,-6.8,9.905,5.086
6lu7_idABHVgen0,-6.8,6.482,4.618
6lu7_idABHVgen0,-6.7,22.167,20.278
6lu7_idABHVgen0,-6.7,49.389,47.298
6lu7_idABHVgen0,-6.6,22.43,18.638
6lu7_idABHVgen0,-6.6,42.122,37.951
6lu7_idABHVgen0,-6.5,41.138,39.645
6lu7_idABHVgen0,-6.5,23.177,19.383
6lu7_idABHXgen0,-7.5,0.0,0.0
6lu7_idABHXgen0,-7.2,5.483,1.108
6lu7_idABHXgen0,-7.1,22.567,20.029
6lu7_idABHXgen0,-7.0,21.629,19.499
6lu7_idABHXgen0,-7.0,6.981,3.761
6lu7_idABHXgen0,-6.9,21.686,19.487
6lu7_idABHXgen0,-6.8,21.921,19.815
6lu7_idABHXgen0,-6.8,22.885,19.925
6lu7_idABHXgen0,-6.8,6.878,3.549
6lu7_idABHYgen0,-9.0,0.0,0.0
6lu7_idABHYgen0,-8.4,6.393,3.608
6lu7_idABHYgen0,-8.2,8.233,4.613
6lu7_idABHYgen0,-8.0,23.807,20.263
6lu7_idABHYgen0,-7.9,7.96,4.702
6lu7_idABHYgen0,-7.7,7.845,4.406
6lu7_idABHYgen0,-7.7,8.229,4.471
6lu7_idABHYgen0,-7.7,6.373,3.958
6lu7_idABHYgen0,-7.5,8.046,4.081
6lu7_idABIAgen0,-6.4,0.0,0.0
6lu7_idABIAgen0,-6.3,40.558,38.793
6lu7_idABIAgen0,-6.2,22.289,20.847
6lu7_idABIAgen0,-6.2,9.182,4.209
6lu7_idABIAgen0,-6.2,24.152,21.429
6lu7_idABIAgen0,-6.1,29.816,26.259
6lu7_idABIAgen0,-6.1,39.944,37.841
6lu7_idABIAgen0,-6.0,8.56,2.38
6lu7_idABIAgen0,-6.0,6.394,2.935
6lu7_idABIBgen0,-6.4,0.0,0.0
6lu7_idABIBgen0,-6.3,3.172,1.638
6lu7_idABIBgen0,-6.1,4.016,2.702
6lu7_idABIBgen0,-6.1,4.881,2.798
6lu7_idABIBgen0,-6.1,41.561,38.646
6lu7_idABIBgen0,-6.0,41.138,38.357
6lu7_idABIBgen0,-6.0,19.117,16.632
6lu7_idABIBgen0,-5.8,8.818,4.539
6lu7_idABIBgen0,-5.8,40.889,39.362
6lu7_idABICgen0,-6.9,0.0,0.0
6lu7_idABICgen0,-6.8,6.631,2.586
6lu7_idABICgen0,-6.5,7.519,3.18
6lu7_idABICgen0,-6.5,18.306,14.653
6lu7_idABICgen0,-6.4,6.498,2.182
6lu7_idABICgen0,-6.4,7.019,1.845
6lu7_idABICgen0,-6.4,27.106,24.534
6lu7_idABICgen0,-6.3,6.879,2.922
6lu7_idABICgen0,-6.3,7.362,3.264
6lu7_idABIDgen0,-6.6,0.0,0.0
6lu7_idABIDgen0,-6.6,43.83,38.732
6lu7_idABIDgen0,-6.3,23.738,21.518
6lu7_idABIDgen0,-6.3,21.388,18.89
6lu7_idABIDgen0,-6.2,22.178,19.095
6lu7_idABIDgen0,-6.2,3.978,2.937
6lu7_idABIDgen0,-6.1,2.355,1.664
6lu7_idABIDgen0,-6.1,26.144,25.414
6lu7_idABIDgen0,-6.1,2.392,1.665
6lu7_idABIEgen0,-6.3,0.0,0.0
6lu7_idABIEgen0,-5.9,22.969,20.662
6lu7_idABIEgen0,-5.7,13.326,11.028
6lu7_idABIEgen0,-5.7,2.669,1.41
6lu7_idABIEgen0,-5.7,10.493,7.774
6lu7_idABIEgen0,-5.6,26.065,24.139
6lu7_idABIEgen0,-5.5,2.399,1.323
6lu7_idABIEgen0,-5.4,24.753,22.837
6lu7_idABIEgen0,-5.3,24.816,22.82
6lu7_idABIFgen0,-6.3,0.0,0.0
6lu7_idABIFgen0,-6.3,6.321,1.687
6lu7_idABIFgen0,-6.3,6.47,2.774
6lu7_idABIFgen0,-6.1,9.429,5.311
6lu7_idABIFgen0,-6.0,6.552,3.106
6lu7_idABIFgen0,-5.9,5.816,2.839
6lu7_idABIFgen0,-5.9,5.865,3.354
6lu7_idABIFgen0,-5.8,41.678,38.604
6lu7_idABIFgen0,-5.8,25.957,22.651
6lu7_idABIGgen0,-6.2,0.0,0.0
6lu7_idABIGgen0,-5.7,27.081,25.478
6lu7_idABIGgen0,-5.6,6.465,2.136
6lu7_idABIGgen0,-5.5,6.474,2.517
6lu7_idABIGgen0,-5.2,25.192,22.942
6lu7_idABIGgen0,-5.2,26.133,23.875
6lu7_idABIGgen0,-5.1,25.381,23.632
6lu7_idABIGgen0,-5.1,27.75,25.756
6lu7_idABIGgen0,-4.9,24.596,21.223
6lu7_idABIHgen0,-5.4,0.0,0.0
6lu7_idABIHgen0,-5.4,19.6,16.129
6lu7_idABIHgen0,-5.2,4.872,2.627
6lu7_idABIHgen0,-5.1,5.143,2.333
6lu7_idABIHgen0,-5.1,21.151,17.609
6lu7_idABIHgen0,-4.9,4.135,2.47
6lu7_idABIHgen0,-4.9,20.822,17.851
6lu7_idABIHgen0,-4.9,21.977,18.876
6lu7_idABIHgen0,-4.9,44.517,41.764
6lu7_idABIIgen0,-7.0,0.0,0.0
6lu7_idABIIgen0,-6.8,23.339,18.61
6lu7_idABIIgen0,-6.6,27.499,25.735
6lu7_idABIIgen0,-6.5,29.062,26.422
6lu7_idABIIgen0,-6.5,3.057,2.129
6lu7_idABIIgen0,-6.5,23.834,21.91
6lu7_idABIIgen0,-6.5,22.392,17.662
6lu7_idABIIgen0,-6.4,51.137,48.728
6lu7_idABIIgen0,-6.4,30.562,28.291
6lu7_idABIKgen0,-5.9,0.0,0.0
6lu7_idABIKgen0,-5.9,25.433,23.457
6lu7_idABIKgen0,-5.8,6.118,2.65
6lu7_idABIKgen0,-5.6,26.77,24.202
6lu7_idABIKgen0,-5.4,3.179,2.372
6lu7_idABIKgen0,-5.4,6.038,2.887
6lu7_idABIKgen0,-5.3,17.969,14.73
6lu7_idABIKgen0,-5.3,4.464,2.169
6lu7_idABIKgen0,-5.3,5.112,2.783
6lu7_idABIMgen0,-5.2,0.0,0.0
6lu7_idABIMgen0,-5.2,4.301,3.328
6lu7_idABIMgen0,-5.1,2.212,1.626
6lu7_idABIMgen0,-5.0,3.674,2.919
6lu7_idABIMgen0,-4.9,43.673,38.311
6lu7_idABIMgen0,-4.9,31.594,28.558
6lu7_idABIMgen0,-4.9,25.216,22.2
6lu7_idABIMgen0,-4.9,2.715,1.931
6lu7_idABIMgen0,-4.9,2.637,1.956
6lu7_idABIOgen0,-5.9,0.0,0.0
6lu7_idABIOgen0,-5.7,23.933,22.068
6lu7_idABIOgen0,-5.7,24.704,22.756
6lu7_idABIOgen0,-5.5,22.921,21.236
6lu7_idABIOgen0,-5.4,8.206,5.952
6lu7_idABIOgen0,-5.3,3.641,2.776
6lu7_idABIOgen0,-5.3,7.131,4.166
6lu7_idABIOgen0,-5.3,8.482,5.99
6lu7_idABIOgen0,-5.2,8.336,5.993
6lu7_idABIPgen0,-7.2,0.0,0.0
6lu7_idABIPgen0,-7.2,6.988,3.969
6lu7_idABIPgen0,-7.1,4.86,2.471
6lu7_idABIPgen0,-7.0,24.069,20.565
6lu7_idABIPgen0,-7.0,9.857,2.781
6lu7_idABIPgen0,-7.0,22.772,17.85
6lu7_idABIPgen0,-6.9,22.513,18.013
6lu7_idABIPgen0,-6.9,23.212,18.799
6lu7_idABIPgen0,-6.8,7.129,4.452
6lu7_idABIQgen0,-5.8,0.0,0.0
6lu7_idABIQgen0,-5.5,17.291,14.426
6lu7_idABIQgen0,-5.5,26.199,23.805
6lu7_idABIQgen0,-5.5,41.832,39.189
6lu7_idABIQgen0,-5.4,25.488,23.579
6lu7_idABIQgen0,-5.4,25.582,23.407
6lu7_idABIQgen0,-5.4,46.346,44.707
6lu7_idABIQgen0,-5.4,7.597,4.457
6lu7_idABIQgen0,-5.2,7.258,3.64
6lu7_idABIRgen0,-7.0,0.0,0.0
6lu7_idABIRgen0,-7.0,2.619,1.716
6lu7_idABIRgen0,-6.9,27.247,23.971
6lu7_idABIRgen0,-6.9,2.484,1.878
6lu7_idABIRgen0,-6.9,23.599,21.508
6lu7_idABIRgen0,-6.9,5.311,1.921
6lu7_idABIRgen0,-6.7,23.512,20.918
6lu7_idABIRgen0,-6.7,22.895,20.719
6lu7_idABIRgen0,-6.6,6.317,3.426
6lu7_idABISgen0,-7.5,0.0,0.0
6lu7_idABISgen0,-7.4,2.366,1.587
6lu7_idABISgen0,-7.4,5.658,2.413
6lu7_idABISgen0,-7.2,7.574,4.407
6lu7_idABISgen0,-7.1,5.746,2.881
6lu7_idABISgen0,-7.0,6.664,3.62
6lu7_idABISgen0,-7.0,5.591,2.928
6lu7_idABISgen0,-6.6,7.214,4.225
6lu7_idABISgen0,-6.6,5.125,2.646
6lu7_idABIUgen0,-5.8,0.0,0.0
6lu7_idABIUgen0,-5.8,2.55,2.093
6lu7_idABIUgen0,-5.4,34.822,32.45
6lu7_idABIUgen0,-5.3,6.203,4.909
6lu7_idABIUgen0,-5.1,26.88,23.639
6lu7_idABIUgen0,-5.0,5.608,3.19
6lu7_idABIUgen0,-4.9,24.745,21.571
6lu7_idABIUgen0,-4.8,24.775,21.943
6lu7_idABIUgen0,-4.8,25.999,22.821
6lu7_idABIVgen0,-5.9,0.0,0.0
6lu7_idABIVgen0,-5.8,23.173,19.876
6lu7_idABIVgen0,-5.8,6.065,1.896
6lu7_idABIVgen0,-5.8,6.874,2.604
6lu7_idABIVgen0,-5.7,7.386,2.211
6lu7_idABIVgen0,-5.6,8.325,5.278
6lu7_idABIVgen0,-5.5,27.014,23.557
6lu7_idABIVgen0,-5.5,26.687,23.516
6lu7_idABIVgen0,-5.3,27.222,23.662
6lu7_idABIXgen0,-6.3,0.0,0.0
6lu7_idABIXgen0,-6.0,4.77,1.515
6lu7_idABIXgen0,-5.8,5.921,2.402
6lu7_idABIXgen0,-5.7,2.397,0.673
6lu7_idABIXgen0,-5.6,35.037,33.069
6lu7_idABIXgen0,-5.5,35.389,33.17
6lu7_idABIXgen0,-5.5,4.12,2.594
6lu7_idABIXgen0,-5.5,5.454,2.446
6lu7_idABIXgen0,-5.4,35.772,33.742
