Ligand,Binding Affinity,rmsd/ub, rmsd/lb
6lu7_idAAEQgen6,-15.3,0.0,0.0
6lu7_idAAEQgen6,-15.2,7.751,3.712
6lu7_idAAEXgen6,-14.7,0.0,0.0
6lu7_idAABEgen6,-14.6,0.0,0.0
6lu7_idAABEgen6,-14.2,5.102,2.047
6lu7_idAACNgen6,-14.2,0.0,0.0
6lu7_idAADYgen6,-14.1,0.0,0.0
6lu7_idAAGAgen6,-13.7,0.0,0.0
6lu7_idAAEQgen6,-13.7,17.419,13.671
6lu7_idAAEQgen6,-13.7,42.992,37.642
6lu7_idAAEQgen6,-13.7,9.673,2.253
6lu7_idAAEXgen6,-13.7,18.581,17.386
6lu7_idAAEXgen6,-13.7,23.52,21.256
6lu7_idAAGFgen6,-13.6,0.0,0.0
6lu7_idAAEXgen6,-13.6,40.134,35.493
6lu7_idAAEXgen6,-13.5,37.202,35.356
6lu7_idAAEXgen6,-13.5,29.372,26.345
6lu7_idAAGAgen6,-13.4,10.132,2.237
6lu7_idAAGAgen6,-13.4,35.434,33.632
6lu7_idAAGAgen6,-13.4,20.297,18.387
6lu7_idAAEVgen6,-13.4,0.0,0.0
6lu7_idAAEVgen6,-13.4,6.754,1.26
6lu7_idAAEXgen6,-13.4,17.638,15.891
6lu7_idAAGAgen6,-13.3,19.339,18.409
6lu7_idAAFJgen6,-13.3,0.0,0.0
6lu7_idAAETgen6,-13.3,0.0,0.0
6lu7_idAAETgen6,-13.3,2.611,1.629
6lu7_idAAGAgen6,-13.2,22.313,18.237
6lu7_idAAGAgen6,-13.2,8.774,0.835
6lu7_idAACUgen6,-13.2,0.0,0.0
6lu7_idAAEQgen6,-13.2,5.879,2.126
6lu7_idAAEQgen6,-13.2,8.95,2.12
6lu7_idAAEQgen6,-13.2,8.207,2.652
6lu7_idAAEQgen6,-13.2,17.403,13.87
6lu7_idAAEXgen6,-13.2,7.695,1.728
6lu7_idAAGFgen6,-13.1,4.955,3.106
6lu7_idAAGFgen6,-13.1,2.177,1.416
6lu7_idAAGAgen6,-13.1,14.071,6.1
6lu7_idAAFJgen6,-13.1,6.894,1.897
6lu7_idAABEgen6,-13.1,8.221,2.885
6lu7_idAABQgen6,-13.1,0.0,0.0
6lu7_idAACYgen6,-13.1,0.0,0.0
6lu7_idAAEXgen6,-13.1,25.071,21.743
6lu7_idAAFJgen6,-13.0,7.813,1.446
6lu7_idAAEVgen6,-13.0,7.441,1.301
6lu7_idAAGAgen6,-12.9,19.845,18.22
6lu7_idAAFJgen6,-12.9,7.976,1.946
6lu7_idAAFJgen6,-12.9,6.893,1.891
6lu7_idAAACgen6,-12.9,0.0,0.0
6lu7_idAAACgen6,-12.9,13.657,8.438
6lu7_idAADQgen6,-12.8,0.0,0.0
6lu7_idAAEVgen6,-12.8,6.926,1.888
6lu7_idAABEgen6,-12.7,32.963,29.812
6lu7_idAABOgen6,-12.7,0.0,0.0
6lu7_idAACNgen6,-12.7,7.206,1.816
6lu7_idAAEHgen6,-12.7,0.0,0.0
6lu7_idAAEVgen6,-12.7,8.144,2.752
6lu7_idAAEVgen6,-12.7,10.323,2.276
6lu7_idAAFJgen6,-12.6,7.84,1.836
6lu7_idAABEgen6,-12.5,14.926,13.67
6lu7_idAABEgen6,-12.5,7.461,2.226
6lu7_idAACUgen6,-12.5,9.86,1.709
6lu7_idAADQgen6,-12.5,10.096,3.736
6lu7_idAAETgen6,-12.5,10.716,3.302
6lu7_idAAGGgen6,-12.4,3.888,2.607
6lu7_idAAGGgen6,-12.4,0.0,0.0
6lu7_idAAFJgen6,-12.4,7.698,1.993
6lu7_idAABEgen6,-12.4,8.13,4.516
6lu7_idAAEVgen6,-12.4,9.386,3.312
6lu7_idAAGFgen6,-12.3,7.072,3.1
6lu7_idAAACgen6,-12.3,13.903,7.726
6lu7_idAABEgen6,-12.3,6.998,2.743
6lu7_idAABYgen6,-12.3,0.0,0.0
6lu7_idAADQgen6,-12.3,5.428,2.889
6lu7_idAAEVgen6,-12.3,7.325,1.481
6lu7_idAAGFgen6,-12.2,8.105,2.073
6lu7_idAAFJgen6,-12.2,7.862,2.926
6lu7_idAAACgen6,-12.2,3.047,1.665
6lu7_idAABYgen6,-12.2,7.87,2.43
6lu7_idAABYgen6,-12.2,2.485,1.549
6lu7_idAACMgen6,-12.2,0.0,0.0
6lu7_idAACYgen6,-12.2,4.468,2.836
6lu7_idAACYgen6,-12.2,2.032,1.334
6lu7_idAAETgen6,-12.2,37.325,31.427
6lu7_idAAEVgen6,-12.2,7.459,2.39
6lu7_idAAGIgen6,-12.1,0.0,0.0
6lu7_idAAGFgen6,-12.1,2.102,1.265
6lu7_idAAFJgen6,-12.1,9.796,1.94
6lu7_idAAACgen6,-12.1,27.812,21.337
6lu7_idAAACgen6,-12.1,27.301,21.373
6lu7_idAABEgen6,-12.1,19.811,17.684
6lu7_idAABYgen6,-12.1,7.931,1.719
6lu7_idAADQgen6,-12.1,4.937,2.279
6lu7_idAADYgen6,-12.1,7.194,1.941
6lu7_idAAGBgen6,-12.0,0.0,0.0
6lu7_idAAACgen6,-12.0,13.366,6.83
6lu7_idAAACgen6,-12.0,27.465,21.981
6lu7_idAABOgen6,-12.0,6.915,1.62
6lu7_idAABOgen6,-12.0,36.113,30.073
6lu7_idAACNgen6,-12.0,19.585,12.228
6lu7_idAAGIgen6,-11.9,24.668,17.296
6lu7_idAAACgen6,-11.9,9.934,5.901
6lu7_idAABXgen6,-11.9,0.0,0.0
6lu7_idAADNgen6,-11.9,0.0,0.0
6lu7_idAADQgen6,-11.9,7.874,1.784
6lu7_idAAEHgen6,-11.9,36.9,31.342
6lu7_idAAETgen6,-11.9,27.988,24.681
6lu7_idAAETgen6,-11.9,10.761,1.667
6lu7_idAAGGgen6,-11.8,24.683,19.86
6lu7_idAABOgen6,-11.8,9.44,3.847
6lu7_idAABOgen6,-11.8,7.782,2.832
6lu7_idAACMgen6,-11.8,26.11,21.614
6lu7_idAACUgen6,-11.8,7.849,1.198
6lu7_idAACYgen6,-11.8,7.99,1.485
6lu7_idAAEHgen6,-11.8,8.34,1.38
6lu7_idAAETgen6,-11.8,43.319,37.081
6lu7_idAAETgen6,-11.8,28.617,20.649
6lu7_idAAGGgen6,-11.7,5.29,3.134
6lu7_idAACMgen6,-11.7,26.301,21.785
6lu7_idAACUgen6,-11.7,21.522,14.415
6lu7_idAADYgen6,-11.7,12.955,1.774
6lu7_idAAEHgen6,-11.7,11.886,1.284
6lu7_idAAETgen6,-11.7,46.853,40.725
6lu7_idAABOgen6,-11.6,9.238,2.202
6lu7_idAABOgen6,-11.6,14.846,10.698
6lu7_idAABYgen6,-11.6,25.48,20.42
6lu7_idAACMgen6,-11.6,26.977,23.489
6lu7_idAACNgen6,-11.6,12.959,1.853
6lu7_idAACYgen6,-11.6,23.828,19.603
6lu7_idAADYgen6,-11.6,26.868,24.69
6lu7_idAADYgen6,-11.6,19.591,12.2
6lu7_idAAEHgen6,-11.6,10.038,3.896
6lu7_idAAGJgen6,-11.5,0.0,0.0
6lu7_idAAGGgen6,-11.5,7.59,2.628
6lu7_idAAGFgen6,-11.5,4.486,2.358
6lu7_idAAFTgen6,-11.5,0.0,0.0
6lu7_idAAFRgen6,-11.5,0.0,0.0
6lu7_idAABPgen6,-11.5,0.0,0.0
6lu7_idAABQgen6,-11.5,7.343,2.486
6lu7_idAADQgen6,-11.5,6.165,3.547
6lu7_idAADQgen6,-11.5,15.449,13.674
6lu7_idAADQgen6,-11.5,7.714,3.386
6lu7_idAAEHgen6,-11.5,20.391,15.075
6lu7_idAAFDgen6,-11.5,0.0,0.0
6lu7_idAAGIgen6,-11.4,38.768,34.397
6lu7_idAAGFgen6,-11.4,7.146,3.093
6lu7_idAAGFgen6,-11.4,33.552,28.545
6lu7_idAABDgen6,-11.4,0.0,0.0
6lu7_idAABOgen6,-11.4,11.919,3.876
6lu7_idAABOgen6,-11.4,8.216,1.75
6lu7_idAACMgen6,-11.4,26.364,23.713
6lu7_idAACMgen6,-11.4,20.916,13.382
6lu7_idAACNgen6,-11.4,35.608,29.527
6lu7_idAADYgen6,-11.4,35.601,29.696
6lu7_idAAFLgen6,-11.3,0.0,0.0
6lu7_idAACEgen6,-11.3,0.0,0.0
6lu7_idAACMgen6,-11.3,26.072,23.158
6lu7_idAACUgen6,-11.3,32.413,27.105
6lu7_idAACYgen6,-11.3,7.83,2.539
6lu7_idAADAgen6,-11.3,0.0,0.0
6lu7_idAADQgen6,-11.3,9.374,4.407
6lu7_idAADYgen6,-11.3,18.162,11.554
6lu7_idAADYgen6,-11.3,33.445,27.769
6lu7_idAAEHgen6,-11.3,10.067,1.58
6lu7_idAAEHgen6,-11.3,36.781,31.443
6lu7_idAAEHgen6,-11.3,22.214,15.223
6lu7_idAAGIgen6,-11.2,6.575,2.396
6lu7_idAAGIgen6,-11.2,14.484,2.825
6lu7_idAAGGgen6,-11.2,9.299,2.664
6lu7_idAAGGgen6,-11.2,14.971,10.176
6lu7_idAAFRgen6,-11.2,35.767,29.901
6lu7_idAAFRgen6,-11.2,9.856,3.095
6lu7_idAAFRgen6,-11.2,10.31,3.309
6lu7_idAAFHgen6,-11.2,0.0,0.0
6lu7_idAABLgen6,-11.2,0.0,0.0
6lu7_idAACEgen6,-11.2,34.174,29.737
6lu7_idAACEgen6,-11.2,8.328,2.573
6lu7_idAACMgen6,-11.2,10.887,5.298
6lu7_idAACMgen6,-11.2,16.024,11.186
6lu7_idAACUgen6,-11.2,33.769,28.229
6lu7_idAADAgen6,-11.2,10.813,3.319
6lu7_idAADAgen6,-11.2,27.595,23.23
6lu7_idAADAgen6,-11.2,12.802,3.201
6lu7_idAADNgen6,-11.2,10.06,4.3
6lu7_idAAGIgen6,-11.1,11.224,8.488
6lu7_idAAFTgen6,-11.1,46.809,23.343
6lu7_idAAFTgen6,-11.1,46.482,23.364
6lu7_idAAFSgen6,-11.1,0.0,0.0
6lu7_idAAFLgen6,-11.1,5.601,3.102
6lu7_idAABDgen6,-11.1,35.383,27.669
6lu7_idAABXgen6,-11.1,12.39,3.781
6lu7_idAABXgen6,-11.1,38.42,35.597
6lu7_idAACEgen6,-11.1,8.797,2.802
6lu7_idAACUgen6,-11.1,33.727,28.501
6lu7_idAACYgen6,-11.1,24.608,20.573
6lu7_idAACYgen6,-11.1,8.593,2.96
6lu7_idAADAgen6,-11.1,15.441,7.964
6lu7_idAADNgen6,-11.1,2.234,1.365
6lu7_idAAGJgen6,-11.0,8.162,2.219
6lu7_idAAGIgen6,-11.0,9.021,3.403
6lu7_idAAGGgen6,-11.0,6.293,2.198
6lu7_idAAFTgen6,-11.0,46.932,23.28
6lu7_idAAFTgen6,-11.0,39.395,23.311
6lu7_idAAFTgen6,-11.0,39.315,23.354
6lu7_idAAFRgen6,-11.0,36.728,30.675
6lu7_idAABWgen6,-11.0,0.0,0.0
6lu7_idAABYgen6,-11.0,7.124,2.053
6lu7_idAABYgen6,-11.0,4.988,2.861
6lu7_idAACUgen6,-11.0,23.001,16.135
6lu7_idAACUgen6,-11.0,21.83,15.309
6lu7_idAACYgen6,-11.0,7.891,2.867
6lu7_idAADNgen6,-11.0,3.661,1.682
6lu7_idAAGIgen6,-10.9,12.696,3.795
6lu7_idAAGGgen6,-10.9,16.473,11.171
6lu7_idAAFRgen6,-10.9,33.34,32.064
6lu7_idAAFRgen6,-10.9,33.902,27.12
6lu7_idAABDgen6,-10.9,21.696,17.989
6lu7_idAABNgen6,-10.9,0.0,0.0
6lu7_idAABYgen6,-10.9,6.756,2.093
6lu7_idAACEgen6,-10.9,30.432,29.883
6lu7_idAADNgen6,-10.9,25.157,22.302
6lu7_idAAFTgen6,-10.8,28.099,1.145
6lu7_idAAFTgen6,-10.8,22.652,1.064
6lu7_idAAFSgen6,-10.8,10.934,1.54
6lu7_idAAAAgen6,-10.8,0.0,0.0
6lu7_idAAAHgen6,-10.8,0.0,0.0
6lu7_idAABDgen6,-10.8,31.05,26.604
6lu7_idAABDgen6,-10.8,27.187,24.22
6lu7_idAABLgen6,-10.8,7.542,1.695
6lu7_idAABPgen6,-10.8,3.66,1.842
6lu7_idAABPgen6,-10.8,10.056,3.811
6lu7_idAABQgen6,-10.8,5.612,3.291
6lu7_idAABSgen6,-10.8,0.0,0.0
6lu7_idAABSgen6,-10.8,6.949,1.432
6lu7_idAABXgen6,-10.8,19.282,13.44
6lu7_idAABYgen6,-10.8,3.425,2.164
6lu7_idAADAgen6,-10.8,11.413,2.282
6lu7_idAAEFgen6,-10.8,0.0,0.0
6lu7_idAAFAgen6,-10.8,0.0,0.0
6lu7_idAAFTgen6,-10.7,39.435,23.263
6lu7_idAAFRgen6,-10.7,8.166,5.163
6lu7_idAAFRgen6,-10.7,12.421,1.967
6lu7_idAAFLgen6,-10.7,36.459,30.749
6lu7_idAAFHgen6,-10.7,12.018,1.731
6lu7_idAABAgen6,-10.7,0.0,0.0
6lu7_idAABAgen6,-10.7,24.598,20.534
6lu7_idAABAgen6,-10.7,13.608,7.225
6lu7_idAABNgen6,-10.7,2.151,1.575
6lu7_idAABPgen6,-10.7,2.243,1.413
6lu7_idAABSgen6,-10.7,6.473,2.155
6lu7_idAACEgen6,-10.7,13.811,11.171
6lu7_idAACEgen6,-10.7,16.454,11.086
6lu7_idAADAgen6,-10.7,13.42,2.155
6lu7_idAADAgen6,-10.7,43.174,37.117
6lu7_idAADNgen6,-10.7,26.861,22.767
6lu7_idAAEFgen6,-10.7,8.299,3.51
6lu7_idAAGJgen6,-10.6,18.751,11.784
6lu7_idAAGIgen6,-10.6,33.363,27.415
6lu7_idAABQgen6,-10.6,6.71,2.367
6lu7_idAABQgen6,-10.6,41.973,36.89
6lu7_idAABSgen6,-10.6,8.058,1.646
6lu7_idAABSgen6,-10.6,25.72,21.434
6lu7_idAABSgen6,-10.6,25.922,21.806
6lu7_idAACEgen6,-10.6,35.208,30.228
6lu7_idAACEgen6,-10.6,23.804,22.459
6lu7_idAADAgen6,-10.6,15.787,8.806
6lu7_idAADNgen6,-10.6,19.203,16.435
6lu7_idAADNgen6,-10.6,22.562,19.354
6lu7_idAAEEgen6,-10.6,0.0,0.0
6lu7_idAAGJgen6,-10.5,8.253,3.322
6lu7_idAAGJgen6,-10.5,8.643,2.335
6lu7_idAAGJgen6,-10.5,7.749,3.612
6lu7_idAAGBgen6,-10.5,2.322,1.631
6lu7_idAAGBgen6,-10.5,15.967,8.019
6lu7_idAAFLgen6,-10.5,36.09,30.883
6lu7_idAAFLgen6,-10.5,36.517,30.721
6lu7_idAAFHgen6,-10.5,10.928,1.538
6lu7_idAAFHgen6,-10.5,12.006,2.32
6lu7_idAAAAgen6,-10.5,24.49,17.466
6lu7_idAAABgen6,-10.5,0.0,0.0
6lu7_idAABDgen6,-10.5,13.467,4.142
6lu7_idAABNgen6,-10.5,10.971,4.357
6lu7_idAABQgen6,-10.5,9.758,3.777
6lu7_idAABSgen6,-10.5,6.569,1.856
6lu7_idAABXgen6,-10.5,24.803,18.035
6lu7_idAABXgen6,-10.5,23.43,19.229
6lu7_idAADNgen6,-10.5,26.612,22.313
6lu7_idAADUgen6,-10.5,0.0,0.0
6lu7_idAAEUgen6,-10.5,0.0,0.0
6lu7_idAAFAgen6,-10.5,6.386,2.119
6lu7_idAAGBgen6,-10.4,25.561,20.375
6lu7_idAAFLgen6,-10.4,8.973,1.714
6lu7_idAAAAgen6,-10.4,38.724,28.45
6lu7_idAAAAgen6,-10.4,6.944,3.801
6lu7_idAAAAgen6,-10.4,9.644,5.714
6lu7_idAAAAgen6,-10.4,13.565,7.958
6lu7_idAABDgen6,-10.4,9.34,5.609
6lu7_idAABDgen6,-10.4,13.198,4.217
6lu7_idAABLgen6,-10.4,9.701,2.276
6lu7_idAABNgen6,-10.4,9.625,3.817
6lu7_idAABPgen6,-10.4,19.233,16.476
6lu7_idAABSgen6,-10.4,8.712,2.198
6lu7_idAABXgen6,-10.4,7.941,3.887
6lu7_idAACSgen6,-10.4,0.0,0.0
6lu7_idAADOgen6,-10.4,0.0,0.0
6lu7_idAAEEgen6,-10.4,18.175,12.079
6lu7_idAAFDgen6,-10.4,37.944,35.191
6lu7_idAAGJgen6,-10.3,7.317,2.262
6lu7_idAAGJgen6,-10.3,8.911,2.59
6lu7_idAAGBgen6,-10.3,33.339,31.02
6lu7_idAAFLgen6,-10.3,44.188,37.845
6lu7_idAAAAgen6,-10.3,48.847,39.243
6lu7_idAABNgen6,-10.3,11.127,5.849
6lu7_idAABPgen6,-10.3,19.005,16.573
6lu7_idAABQgen6,-10.3,8.575,2.542
6lu7_idAABSgen6,-10.3,24.606,20.52
6lu7_idAABWgen6,-10.3,49.137,44.059
6lu7_idAABWgen6,-10.3,48.723,43.976
6lu7_idAABXgen6,-10.3,22.608,18.699
6lu7_idAACSgen6,-10.3,10.312,3.324
6lu7_idAAEEgen6,-10.3,10.812,2.129
6lu7_idAAGJgen6,-10.2,10.162,2.311
6lu7_idAAGBgen6,-10.2,9.809,4.339
6lu7_idAAFPgen6,-10.2,7.258,2.821
6lu7_idAAFPgen6,-10.2,0.0,0.0
6lu7_idAAFLgen6,-10.2,36.53,30.596
6lu7_idAABDgen6,-10.2,21.995,19.556
6lu7_idAABPgen6,-10.2,2.703,1.021
6lu7_idAABPgen6,-10.2,8.029,4.578
6lu7_idAABPgen6,-10.2,33.101,30.158
6lu7_idAABQgen6,-10.2,8.998,2.815
6lu7_idAABQgen6,-10.2,42.995,37.583
6lu7_idAADUgen6,-10.2,34.213,29.866
6lu7_idAADUgen6,-10.2,24.61,21.109
6lu7_idAAEEgen6,-10.2,2.32,1.409
6lu7_idAAFDgen6,-10.2,6.097,2.258
6lu7_idAAGBgen6,-10.1,47.944,40.648
6lu7_idAAGBgen6,-10.1,44.94,38.018
6lu7_idAAFXgen6,-10.1,0.0,0.0
6lu7_idAAFSgen6,-10.1,18.838,14.483
6lu7_idAAFHgen6,-10.1,18.749,14.253
6lu7_idAAAAgen6,-10.1,15.904,7.568
6lu7_idAAAAgen6,-10.1,29.013,24.063
6lu7_idAAABgen6,-10.1,43.53,38.054
6lu7_idAABAgen6,-10.1,13.466,5.396
6lu7_idAABNgen6,-10.1,11.319,3.224
6lu7_idAABWgen6,-10.1,46.447,42.391
6lu7_idAABWgen6,-10.1,46.265,41.594
6lu7_idAABXgen6,-10.1,37.563,31.432
6lu7_idAACWgen6,-10.1,0.0,0.0
6lu7_idAADIgen6,-10.1,0.0,0.0
6lu7_idAAEEgen6,-10.1,7.216,1.957
6lu7_idAAEEgen6,-10.1,11.021,2.6
6lu7_idAAEEgen6,-10.1,42.284,37.063
6lu7_idAAEEgen6,-10.1,3.056,1.929
6lu7_idAAFXgen6,-10.0,9.414,1.326
6lu7_idAAFSgen6,-10.0,10.756,3.017
6lu7_idAAFPgen6,-10.0,10.353,4.666
6lu7_idAAFLgen6,-10.0,37.121,30.528
6lu7_idAAFHgen6,-10.0,10.745,3.052
6lu7_idAAABgen6,-10.0,9.296,3.025
6lu7_idAABAgen6,-10.0,37.975,33.761
6lu7_idAABAgen6,-10.0,27.003,22.854
6lu7_idAABLgen6,-10.0,7.489,2.421
6lu7_idAABNgen6,-10.0,7.857,3.861
6lu7_idAABNgen6,-10.0,10.206,3.526
6lu7_idAACSgen6,-10.0,7.441,2.463
6lu7_idAADOgen6,-10.0,2.341,1.611
6lu7_idAADUgen6,-10.0,20.583,13.04
6lu7_idAADUgen6,-10.0,28.63,25.486
6lu7_idAAGCgen6,-9.9,0.0,0.0
6lu7_idAAGBgen6,-9.9,31.849,24.5
6lu7_idAAFXgen6,-9.9,7.717,2.243
6lu7_idAAFPgen6,-9.9,8.046,2.534
6lu7_idAAABgen6,-9.9,10.031,4.052
6lu7_idAAABgen6,-9.9,7.893,3.396
6lu7_idAAAHgen6,-9.9,24.021,20.378
6lu7_idAAASgen6,-9.9,0.0,0.0
6lu7_idAAASgen6,-9.9,4.513,0.645
6lu7_idAAASgen6,-9.9,8.969,1.119
6lu7_idAABAgen6,-9.9,23.189,19.987
6lu7_idAABAgen6,-9.9,26.402,23.665
6lu7_idAABNgen6,-9.9,10.883,3.31
6lu7_idAABUgen6,-9.9,0.0,0.0
6lu7_idAABZgen6,-9.9,0.0,0.0
6lu7_idAACSgen6,-9.9,8.557,2.504
6lu7_idAACWgen6,-9.9,27.652,25.241
6lu7_idAADUgen6,-9.9,24.613,18.366
6lu7_idAADUgen6,-9.9,26.748,23.723
6lu7_idAAFDgen6,-9.9,7.51,4.0
6lu7_idAAFSgen6,-9.8,11.874,6.491
6lu7_idAAFSgen6,-9.8,10.142,7.513
6lu7_idAAAQgen6,-9.8,0.0,0.0
6lu7_idAAAZgen6,-9.8,0.0,0.0
6lu7_idAABAgen6,-9.8,30.23,25.551
6lu7_idAABWgen6,-9.8,48.163,44.048
6lu7_idAADOgen6,-9.8,24.465,20.978
6lu7_idAADOgen6,-9.8,24.255,20.32
6lu7_idAAEEgen6,-9.8,7.231,1.856
6lu7_idAAEFgen6,-9.8,23.139,16.294
6lu7_idAAEUgen6,-9.8,11.636,5.049
6lu7_idAAFAgen6,-9.8,7.127,4.354
6lu7_idAAFSgen6,-9.7,32.967,29.3
6lu7_idAAFSgen6,-9.7,25.676,21.327
6lu7_idAAFSgen6,-9.7,18.5,13.93
6lu7_idAAFPgen6,-9.7,8.595,4.828
6lu7_idAAFPgen6,-9.7,5.477,1.567
6lu7_idAAFHgen6,-9.7,17.223,12.547
6lu7_idAAFHgen6,-9.7,15.476,13.118
6lu7_idAAABgen6,-9.7,9.214,2.398
6lu7_idAAAQgen6,-9.7,13.7,7.536
6lu7_idAAASgen6,-9.7,31.199,0.65
6lu7_idAABGgen6,-9.7,0.0,0.0
6lu7_idAABJgen6,-9.7,0.0,0.0
6lu7_idAABLgen6,-9.7,36.064,31.377
6lu7_idAABWgen6,-9.7,45.574,41.689
6lu7_idAADEgen6,-9.7,0.0,0.0
6lu7_idAADEgen6,-9.7,23.715,20.234
6lu7_idAADOgen6,-9.7,10.363,5.152
6lu7_idAADOgen6,-9.7,10.041,5.207
6lu7_idAADSgen6,-9.7,0.0,0.0
6lu7_idAADUgen6,-9.7,35.747,30.743
6lu7_idAAEFgen6,-9.7,8.31,1.668
6lu7_idAAEFgen6,-9.7,9.508,2.709
6lu7_idAAEFgen6,-9.7,7.887,1.855
6lu7_idAAEUgen6,-9.7,10.913,2.94
6lu7_idAAGCgen6,-9.6,26.941,23.681
6lu7_idAAFHgen6,-9.6,27.315,24.681
6lu7_idAAABgen6,-9.6,2.264,1.527
6lu7_idAAAHgen6,-9.6,26.564,23.049
6lu7_idAAAHgen6,-9.6,23.895,17.419
6lu7_idAAAHgen6,-9.6,6.813,2.444
6lu7_idAAASgen6,-9.6,13.193,1.729
6lu7_idAABCgen6,-9.6,0.0,0.0
6lu7_idAABGgen6,-9.6,5.662,2.291
6lu7_idAABLgen6,-9.6,10.193,2.82
6lu7_idAABTgen6,-9.6,0.0,0.0
6lu7_idAABWgen6,-9.6,47.853,42.985
6lu7_idAABWgen6,-9.6,33.269,27.72
6lu7_idAACSgen6,-9.6,43.247,37.432
6lu7_idAACWgen6,-9.6,19.778,12.855
6lu7_idAADEgen6,-9.6,11.866,2.804
6lu7_idAADGgen6,-9.6,0.0,0.0
6lu7_idAADOgen6,-9.6,6.835,2.837
6lu7_idAADSgen6,-9.6,8.985,2.634
6lu7_idAAEFgen6,-9.6,39.916,33.29
6lu7_idAAEFgen6,-9.6,47.372,41.263
6lu7_idAAEUgen6,-9.6,22.061,15.305
6lu7_idAAFDgen6,-9.6,30.351,26.962
6lu7_idAAFDgen6,-9.6,37.103,31.475
6lu7_idAAFXgen6,-9.5,10.616,4.322
6lu7_idAAFUgen6,-9.5,0.0,0.0
6lu7_idAAASgen6,-9.5,31.097,1.73
6lu7_idAABLgen6,-9.5,8.202,2.904
6lu7_idAABTgen6,-9.5,11.24,6.888
6lu7_idAABUgen6,-9.5,15.738,8.65
6lu7_idAACSgen6,-9.5,12.967,5.398
6lu7_idAACWgen6,-9.5,27.23,24.386
6lu7_idAACWgen6,-9.5,32.647,29.37
6lu7_idAADJgen6,-9.5,0.0,0.0
6lu7_idAADOgen6,-9.5,27.527,23.893
6lu7_idAADTgen6,-9.5,0.0,0.0
6lu7_idAAEDgen6,-9.5,0.0,0.0
6lu7_idAAEFgen6,-9.5,36.761,31.139
6lu7_idAAESgen6,-9.5,0.0,0.0
6lu7_idAAFAgen6,-9.5,22.736,14.396
6lu7_idAAFAgen6,-9.5,9.855,4.682
6lu7_idAAFCgen6,-9.5,0.0,0.0
6lu7_idAAFDgen6,-9.5,8.205,4.293
6lu7_idAAFXgen6,-9.4,9.606,1.904
6lu7_idAAFUgen6,-9.4,2.377,1.623
6lu7_idAAFPgen6,-9.4,43.518,37.89
6lu7_idAAAHgen6,-9.4,15.336,11.469
6lu7_idAAAHgen6,-9.4,14.949,8.996
6lu7_idAAAPgen6,-9.4,0.0,0.0
6lu7_idAAAZgen6,-9.4,13.572,7.629
6lu7_idAABGgen6,-9.4,5.668,2.813
6lu7_idAABLgen6,-9.4,6.294,2.145
6lu7_idAABLgen6,-9.4,43.501,38.837
6lu7_idAABUgen6,-9.4,3.694,1.814
6lu7_idAACSgen6,-9.4,2.244,2.005
6lu7_idAACWgen6,-9.4,23.28,16.371
6lu7_idAADEgen6,-9.4,27.387,20.887
6lu7_idAADOgen6,-9.4,2.75,1.305
6lu7_idAADUgen6,-9.4,24.406,18.135
6lu7_idAAEDgen6,-9.4,5.77,2.117
6lu7_idAAERgen6,-9.4,0.0,0.0
6lu7_idAAESgen6,-9.4,31.076,26.578
6lu7_idAAESgen6,-9.4,22.969,15.893
6lu7_idAAFAgen6,-9.4,8.86,4.185
6lu7_idAAFAgen6,-9.4,10.646,5.815
6lu7_idAAABgen6,-9.3,44.037,39.048
6lu7_idAAABgen6,-9.3,34.914,29.108
6lu7_idAAASgen6,-9.3,3.167,0.675
6lu7_idAAASgen6,-9.3,7.664,1.024
6lu7_idAAAZgen6,-9.3,8.569,6.13
6lu7_idAABCgen6,-9.3,20.022,12.304
6lu7_idAABCgen6,-9.3,29.853,28.127
6lu7_idAABTgen6,-9.3,21.242,19.647
6lu7_idAABTgen6,-9.3,21.661,19.743
6lu7_idAABTgen6,-9.3,33.615,29.743
6lu7_idAABZgen6,-9.3,16.263,10.008
6lu7_idAACSgen6,-9.3,28.813,23.759
6lu7_idAACSgen6,-9.3,10.698,4.322
6lu7_idAACWgen6,-9.3,28.756,25.746
6lu7_idAADEgen6,-9.3,10.045,6.354
6lu7_idAADEgen6,-9.3,4.451,2.842
6lu7_idAADJgen6,-9.3,7.023,2.973
6lu7_idAADRgen6,-9.3,0.0,0.0
6lu7_idAAESgen6,-9.3,24.71,21.024
6lu7_idAAEUgen6,-9.3,10.324,5.147
6lu7_idAAFXgen6,-9.2,13.798,10.396
6lu7_idAAAHgen6,-9.2,34.886,30.051
6lu7_idAAAHgen6,-9.2,8.672,3.393
6lu7_idAAAPgen6,-9.2,26.27,22.576
6lu7_idAABCgen6,-9.2,20.059,12.541
6lu7_idAABCgen6,-9.2,35.156,32.547
6lu7_idAABZgen6,-9.2,23.204,17.106
6lu7_idAABZgen6,-9.2,17.162,10.221
6lu7_idAABZgen6,-9.2,38.952,33.493
6lu7_idAACTgen6,-9.2,0.0,0.0
6lu7_idAACWgen6,-9.2,19.958,13.208
6lu7_idAADIgen6,-9.2,5.978,2.776
6lu7_idAADJgen6,-9.2,26.653,23.718
6lu7_idAAESgen6,-9.2,35.295,29.789
6lu7_idAAESgen6,-9.2,28.76,25.055
6lu7_idAAEUgen6,-9.2,8.913,5.27
6lu7_idAAFDgen6,-9.2,24.242,19.65
6lu7_idAAFXgen6,-9.1,42.689,38.148
6lu7_idAAFXgen6,-9.1,31.009,29.966
6lu7_idAAAIgen6,-9.1,0.0,0.0
6lu7_idAAAPgen6,-9.1,8.318,6.778
6lu7_idAAAQgen6,-9.1,11.77,6.486
6lu7_idAAASgen6,-9.1,17.673,2.498
6lu7_idAAAZgen6,-9.1,27.977,24.519
6lu7_idAABGgen6,-9.1,16.737,11.619
6lu7_idAABTgen6,-9.1,29.305,25.642
6lu7_idAABTgen6,-9.1,9.199,6.627
6lu7_idAABUgen6,-9.1,31.753,27.901
6lu7_idAABZgen6,-9.1,43.089,38.133
6lu7_idAABZgen6,-9.1,8.169,3.151
6lu7_idAABZgen6,-9.1,16.955,12.136
6lu7_idAABZgen6,-9.1,23.761,17.288
6lu7_idAACTgen6,-9.1,2.232,0.882
6lu7_idAADEgen6,-9.1,12.251,7.077
6lu7_idAADEgen6,-9.1,23.862,20.237
6lu7_idAADJgen6,-9.1,26.935,23.594
6lu7_idAADVgen6,-9.1,0.0,0.0
6lu7_idAADVgen6,-9.1,29.783,28.207
6lu7_idAAEDgen6,-9.1,6.013,3.219
6lu7_idAAESgen6,-9.1,37.989,31.671
6lu7_idAAEUgen6,-9.1,9.913,4.904
6lu7_idAAEUgen6,-9.1,11.41,4.707
6lu7_idAAEYgen6,-9.1,0.0,0.0
6lu7_idAAFAgen6,-9.1,10.983,5.162
6lu7_idAAFDgen6,-9.1,31.003,27.376
6lu7_idAAGCgen6,-9.0,27.868,24.011
6lu7_idAAFXgen6,-9.0,17.553,11.782
6lu7_idAAAQgen6,-9.0,3.363,1.533
6lu7_idAABCgen6,-9.0,32.577,27.153
6lu7_idAABCgen6,-9.0,35.317,29.654
6lu7_idAABCgen6,-9.0,34.764,29.197
6lu7_idAABGgen6,-9.0,4.818,2.756
6lu7_idAABUgen6,-9.0,23.532,19.02
6lu7_idAABUgen6,-9.0,16.443,8.857
6lu7_idAACTgen6,-9.0,2.181,1.381
6lu7_idAADEgen6,-9.0,11.856,2.855
6lu7_idAADJgen6,-9.0,26.201,23.278
6lu7_idAADSgen6,-9.0,7.056,1.758
6lu7_idAADSgen6,-9.0,3.975,2.143
6lu7_idAADTgen6,-9.0,16.126,6.619
6lu7_idAADVgen6,-9.0,10.724,6.502
6lu7_idAAEDgen6,-9.0,5.777,2.508
6lu7_idAAFCgen6,-9.0,37.813,31.614
6lu7_idAAFCgen6,-9.0,35.086,29.803
6lu7_idAAGCgen6,-8.9,30.82,29.14
6lu7_idAAGCgen6,-8.9,9.887,7.725
6lu7_idAAFPgen6,-8.9,22.124,16.795
6lu7_idAAAPgen6,-8.9,1.739,1.089
6lu7_idAAAPgen6,-8.9,27.362,23.599
6lu7_idAAAZgen6,-8.9,29.929,24.757
6lu7_idAABCgen6,-8.9,35.494,29.935
6lu7_idAABGgen6,-8.9,6.601,3.375
6lu7_idAABTgen6,-8.9,10.358,3.948
6lu7_idAABUgen6,-8.9,2.824,1.913
6lu7_idAABUgen6,-8.9,4.548,2.803
6lu7_idAABUgen6,-8.9,24.316,20.437
6lu7_idAACTgen6,-8.9,6.046,3.583
6lu7_idAADGgen6,-8.9,6.509,3.176
6lu7_idAADGgen6,-8.9,14.929,6.671
6lu7_idAADVgen6,-8.9,13.098,9.835
6lu7_idAADVgen6,-8.9,11.078,8.036
6lu7_idAAEDgen6,-8.9,6.231,3.403
6lu7_idAAESgen6,-8.9,30.458,26.579
6lu7_idAAESgen6,-8.9,3.658,1.23
6lu7_idAAEUgen6,-8.9,45.156,40.0
6lu7_idAAFAgen6,-8.9,44.261,39.328
6lu7_idAAFCgen6,-8.9,28.576,24.905
6lu7_idAAFCgen6,-8.9,32.015,30.48
6lu7_idAAFPgen6,-8.8,34.979,29.956
6lu7_idAAAQgen6,-8.8,19.301,16.503
6lu7_idAAAZgen6,-8.8,22.516,17.74
6lu7_idAAAZgen6,-8.8,25.864,20.131
6lu7_idAAAZgen6,-8.8,14.062,7.256
6lu7_idAABJgen6,-8.8,2.565,1.333
6lu7_idAABTgen6,-8.8,4.635,2.662
6lu7_idAADSgen6,-8.8,7.825,2.792
6lu7_idAADTgen6,-8.8,2.408,1.338
6lu7_idAADTgen6,-8.8,7.358,2.65
6lu7_idAADVgen6,-8.8,11.13,7.993
6lu7_idAADVgen6,-8.8,4.132,2.07
6lu7_idAAEDgen6,-8.8,17.716,11.959
6lu7_idAAEYgen6,-8.8,6.344,3.428
6lu7_idAAEYgen6,-8.8,6.393,3.116
6lu7_idAAFCgen6,-8.8,22.748,16.007
6lu7_idAAFCgen6,-8.8,16.831,8.878
6lu7_idAAFCgen6,-8.8,27.923,25.047
6lu7_idAAFCgen6,-8.8,43.293,40.465
6lu7_idAAGCgen6,-8.7,7.492,2.481
6lu7_idAAAPgen6,-8.7,7.393,1.159
6lu7_idAAAPgen6,-8.7,30.394,26.672
6lu7_idAAAPgen6,-8.7,26.286,23.243
6lu7_idAAAQgen6,-8.7,19.549,17.006
6lu7_idAAAZgen6,-8.7,8.602,4.386
6lu7_idAABGgen6,-8.7,24.451,21.138
6lu7_idAABJgen6,-8.7,9.753,2.67
6lu7_idAACTgen6,-8.7,23.885,19.961
6lu7_idAACWgen6,-8.7,9.424,4.48
6lu7_idAADGgen6,-8.7,5.678,2.216
6lu7_idAADIgen6,-8.7,6.149,3.157
6lu7_idAADRgen6,-8.7,6.152,2.735
6lu7_idAADRgen6,-8.7,5.908,2.618
6lu7_idAADSgen6,-8.7,7.952,2.16
6lu7_idAADSgen6,-8.7,7.575,1.719
6lu7_idAADTgen6,-8.7,6.284,2.376
6lu7_idAADVgen6,-8.7,31.325,29.587
6lu7_idAADVgen6,-8.7,28.584,24.112
6lu7_idAAEDgen6,-8.7,6.013,3.235
6lu7_idAAERgen6,-8.7,6.555,2.625
6lu7_idAAGCgen6,-8.6,25.733,22.087
6lu7_idAAAIgen6,-8.6,5.886,3.665
6lu7_idAAAPgen6,-8.6,26.766,22.952
6lu7_idAAAQgen6,-8.6,11.13,5.7
6lu7_idAAAQgen6,-8.6,14.251,8.135
6lu7_idAABGgen6,-8.6,12.403,7.496
6lu7_idAABGgen6,-8.6,14.674,13.346
6lu7_idAACTgen6,-8.6,2.415,1.318
6lu7_idAADIgen6,-8.6,5.064,2.812
6lu7_idAADIgen6,-8.6,6.967,3.292
6lu7_idAADSgen6,-8.6,7.737,1.869
6lu7_idAADTgen6,-8.6,15.322,6.005
6lu7_idAADTgen6,-8.6,6.99,2.94
6lu7_idAAEDgen6,-8.6,24.897,22.033
6lu7_idAAERgen6,-8.6,16.451,7.093
6lu7_idAAGKgen6,-8.5,0.0,0.0
6lu7_idAAGCgen6,-8.5,21.406,17.719
6lu7_idAAGCgen6,-8.5,31.471,29.57
6lu7_idAAFOgen6,-8.5,0.0,0.0
6lu7_idAAAIgen6,-8.5,10.416,2.119
6lu7_idAACTgen6,-8.5,4.904,1.717
6lu7_idAACTgen6,-8.5,25.089,19.401
6lu7_idAACTgen6,-8.5,24.65,19.302
6lu7_idAADIgen6,-8.5,24.472,20.723
6lu7_idAADIgen6,-8.5,23.938,22.026
6lu7_idAADIgen6,-8.5,9.441,5.866
6lu7_idAAERgen6,-8.5,7.347,2.81
6lu7_idAAAIgen6,-8.4,6.08,3.046
6lu7_idAAAQgen6,-8.4,19.81,16.668
6lu7_idAADGgen6,-8.4,29.226,25.348
6lu7_idAADRgen6,-8.4,6.265,3.101
6lu7_idAADSgen6,-8.4,39.731,37.03
6lu7_idAADTgen6,-8.4,2.783,1.996
6lu7_idAADTgen6,-8.4,3.557,2.174
6lu7_idAAEBgen6,-8.4,0.0,0.0
6lu7_idAAEDgen6,-8.4,9.088,2.832
6lu7_idAAERgen6,-8.4,6.836,2.694
6lu7_idAAEYgen6,-8.4,23.71,19.867
6lu7_idAAEYgen6,-8.4,6.797,2.828
6lu7_idAAEYgen6,-8.4,6.209,3.233
6lu7_idAAFUgen6,-8.3,8.658,3.456
6lu7_idAAAIgen6,-8.3,28.604,23.882
6lu7_idAAAIgen6,-8.3,9.241,2.105
6lu7_idAAAIgen6,-8.3,34.517,29.633
6lu7_idAABJgen6,-8.3,20.493,18.099
6lu7_idAADGgen6,-8.3,14.486,8.384
6lu7_idAADGgen6,-8.3,26.94,24.616
6lu7_idAADIgen6,-8.3,29.158,23.915
6lu7_idAADJgen6,-8.3,28.213,24.867
6lu7_idAADJgen6,-8.3,38.057,34.573
6lu7_idAADRgen6,-8.3,4.809,2.67
6lu7_idAAERgen6,-8.3,2.373,1.725
6lu7_idAAFUgen6,-8.2,28.985,23.331
6lu7_idAAAIgen6,-8.2,34.836,30.672
6lu7_idAAAIgen6,-8.2,20.343,17.355
6lu7_idAABJgen6,-8.2,18.925,15.852
6lu7_idAABJgen6,-8.2,23.743,18.931
6lu7_idAADGgen6,-8.2,9.719,4.555
6lu7_idAADJgen6,-8.2,30.825,27.84
6lu7_idAADJgen6,-8.2,8.596,6.838
6lu7_idAADRgen6,-8.2,23.152,19.526
6lu7_idAAERgen6,-8.2,7.058,3.202
6lu7_idAAEYgen6,-8.2,5.366,3.553
6lu7_idAAEYgen6,-8.2,8.688,6.048
6lu7_idAABJgen6,-8.1,16.766,14.67
6lu7_idAADGgen6,-8.1,10.311,3.731
6lu7_idAADRgen6,-8.1,6.093,2.784
6lu7_idAADRgen6,-8.1,9.043,6.093
6lu7_idAAERgen6,-8.1,4.574,2.768
6lu7_idAAERgen6,-8.1,17.115,8.23
6lu7_idAAEYgen6,-8.1,22.685,18.939
6lu7_idAAFUgen6,-8.0,42.355,33.953
6lu7_idAAFUgen6,-8.0,42.644,34.387
6lu7_idAAFUgen6,-8.0,29.244,23.758
6lu7_idAAFUgen6,-8.0,21.214,17.942
6lu7_idAAFUgen6,-8.0,29.885,24.087
6lu7_idAAADgen6,-8.0,0.0,0.0
6lu7_idAAAWgen6,-8.0,0.0,0.0
6lu7_idAABJgen6,-8.0,7.282,5.905
6lu7_idAADRgen6,-8.0,24.576,21.084
6lu7_idAAEBgen6,-8.0,5.453,4.454
6lu7_idAACQgen6,-7.9,0.0,0.0
6lu7_idAACQgen6,-7.9,37.003,24.541
6lu7_idAACQgen6,-7.9,51.941,23.236
6lu7_idAACQgen6,-7.9,33.028,25.096
6lu7_idAACQgen6,-7.9,24.43,22.621
6lu7_idAACQgen6,-7.9,52.199,23.177
6lu7_idAAEBgen6,-7.9,2.472,1.908
6lu7_idAAEBgen6,-7.9,32.886,30.411
6lu7_idAAEPgen6,-7.9,0.0,0.0
6lu7_idAAGKgen6,-7.8,9.051,6.145
6lu7_idAAGKgen6,-7.8,4.962,2.743
6lu7_idAAADgen6,-7.8,1.367,0.506
6lu7_idAABJgen6,-7.8,24.54,22.599
6lu7_idAAGKgen6,-7.7,14.714,10.69
6lu7_idAAGKgen6,-7.7,2.338,1.721
6lu7_idAAFOgen6,-7.7,27.378,22.54
6lu7_idAAFOgen6,-7.7,13.266,3.342
6lu7_idAAADgen6,-7.7,4.718,3.05
6lu7_idAAADgen6,-7.7,14.389,5.323
6lu7_idAACBgen6,-7.7,0.0,0.0
6lu7_idAACQgen6,-7.7,49.205,25.024
6lu7_idAAGKgen6,-7.6,18.912,16.988
6lu7_idAAFOgen6,-7.6,21.299,18.528
6lu7_idAAFOgen6,-7.6,11.993,4.062
6lu7_idAAAWgen6,-7.6,25.683,22.56
6lu7_idAACQgen6,-7.6,49.166,24.752
6lu7_idAACQgen6,-7.6,41.711,25.201
6lu7_idAAGKgen6,-7.5,13.056,2.715
6lu7_idAAGKgen6,-7.5,21.743,17.462
6lu7_idAAGKgen6,-7.5,13.156,5.539
6lu7_idAAFOgen6,-7.5,11.988,3.114
6lu7_idAAFOgen6,-7.5,21.25,18.006
6lu7_idAAFOgen6,-7.5,12.894,3.251
6lu7_idAAAWgen6,-7.5,2.654,0.641
6lu7_idAAEBgen6,-7.5,25.279,21.041
6lu7_idAAEBgen6,-7.5,6.508,4.961
6lu7_idAAEBgen6,-7.5,8.492,5.871
6lu7_idAAFOgen6,-7.4,12.282,2.191
6lu7_idAAFMgen6,-7.4,8.182,1.84
6lu7_idAAFMgen6,-7.4,0.0,0.0
6lu7_idAAAWgen6,-7.4,7.03,5.222
6lu7_idAAEJgen6,-7.4,0.0,0.0
6lu7_idAAFMgen6,-7.3,40.335,37.754
6lu7_idAAFMgen6,-7.3,8.224,3.634
6lu7_idAAADgen6,-7.3,21.417,18.488
6lu7_idAAAWgen6,-7.3,7.432,1.104
6lu7_idAAEBgen6,-7.3,25.955,23.483
6lu7_idAAEBgen6,-7.3,9.245,6.044
6lu7_idAACBgen6,-7.2,2.54,0.672
6lu7_idAADMgen6,-7.2,0.0,0.0
6lu7_idAAEJgen6,-7.2,8.595,5.002
6lu7_idAAFMgen6,-7.1,15.983,12.515
6lu7_idAAAMgen6,-7.1,0.0,0.0
6lu7_idAAAWgen6,-7.1,7.62,4.855
6lu7_idAABMgen6,-7.1,0.0,0.0
6lu7_idAAFMgen6,-7.0,16.296,13.981
6lu7_idAAADgen6,-7.0,24.528,19.256
6lu7_idAAAWgen6,-7.0,33.734,30.856
6lu7_idAADMgen6,-7.0,9.601,2.781
6lu7_idAAEJgen6,-7.0,6.052,1.754
6lu7_idAAEJgen6,-7.0,24.885,21.429
6lu7_idAAENgen6,-7.0,0.0,0.0
6lu7_idAAFYgen6,-6.9,0.0,0.0
6lu7_idAAFMgen6,-6.9,17.86,15.85
6lu7_idAAADgen6,-6.9,24.408,19.02
6lu7_idAAADgen6,-6.9,21.231,18.13
6lu7_idAAADgen6,-6.9,21.904,17.573
6lu7_idAAAEgen6,-6.9,0.0,0.0
6lu7_idAAAWgen6,-6.9,7.058,1.29
6lu7_idAAAWgen6,-6.9,30.233,26.405
6lu7_idAABMgen6,-6.9,20.965,17.509
6lu7_idAACBgen6,-6.9,25.531,22.167
6lu7_idAACBgen6,-6.9,6.636,4.782
6lu7_idAAEJgen6,-6.9,7.676,3.235
6lu7_idAAEJgen6,-6.9,7.448,3.268
6lu7_idAAENgen6,-6.9,1.915,0.557
6lu7_idAAEPgen6,-6.9,33.181,30.787
6lu7_idAAEWgen6,-6.9,0.0,0.0
6lu7_idAAGDgen6,-6.8,28.822,24.782
6lu7_idAAGDgen6,-6.8,0.0,0.0
6lu7_idAAFYgen6,-6.8,23.169,21.17
6lu7_idAAFQgen6,-6.8,0.0,0.0
6lu7_idAABMgen6,-6.8,2.18,1.632
6lu7_idAACBgen6,-6.8,26.55,23.595
6lu7_idAACKgen6,-6.8,0.0,0.0
6lu7_idAACKgen6,-6.8,22.41,20.496
6lu7_idAADXgen6,-6.8,0.0,0.0
6lu7_idAAEJgen6,-6.8,8.476,5.511
6lu7_idAAEPgen6,-6.8,26.992,24.286
6lu7_idAAGDgen6,-6.7,26.792,24.284
6lu7_idAAFMgen6,-6.7,25.469,21.103
6lu7_idAAFMgen6,-6.7,29.602,24.964
6lu7_idAAAEgen6,-6.7,20.013,18.02
6lu7_idAABMgen6,-6.7,19.132,17.363
6lu7_idAACBgen6,-6.7,6.437,4.779
6lu7_idAACKgen6,-6.7,2.236,1.759
6lu7_idAADMgen6,-6.7,9.04,3.331
6lu7_idAAECgen6,-6.7,0.0,0.0
6lu7_idAAEJgen6,-6.7,28.2,25.139
6lu7_idAAEJgen6,-6.7,33.346,29.366
6lu7_idAAEPgen6,-6.7,31.742,29.859
6lu7_idAAEPgen6,-6.7,7.554,5.572
6lu7_idAAALgen6,-6.6,0.0,0.0
6lu7_idAAAMgen6,-6.6,8.707,2.93
6lu7_idAABMgen6,-6.6,13.265,1.625
6lu7_idAACKgen6,-6.6,8.357,2.886
6lu7_idAADXgen6,-6.6,5.89,4.352
6lu7_idAADXgen6,-6.6,2.079,1.14
6lu7_idAAECgen6,-6.6,9.053,1.675
6lu7_idAAENgen6,-6.6,23.91,21.436
6lu7_idAAENgen6,-6.6,8.288,3.173
6lu7_idAAEPgen6,-6.6,25.616,22.737
6lu7_idAAEPgen6,-6.6,7.329,5.259
6lu7_idAAEWgen6,-6.6,19.332,16.475
6lu7_idAAEWgen6,-6.6,29.868,26.383
6lu7_idAAFYgen6,-6.5,22.51,20.049
6lu7_idAAAEgen6,-6.5,41.465,34.332
6lu7_idAAAEgen6,-6.5,20.675,17.904
6lu7_idAABMgen6,-6.5,13.044,1.745
6lu7_idAADXgen6,-6.5,37.565,34.972
6lu7_idAADXgen6,-6.5,38.695,35.186
6lu7_idAAEPgen6,-6.5,7.207,1.359
6lu7_idAAEPgen6,-6.5,33.016,30.34
6lu7_idAAGDgen6,-6.4,3.407,2.688
6lu7_idAAGDgen6,-6.4,5.053,3.703
6lu7_idAAGDgen6,-6.4,28.527,24.744
6lu7_idAAFYgen6,-6.4,11.143,2.924
6lu7_idAAFYgen6,-6.4,20.314,18.17
6lu7_idAAFYgen6,-6.4,23.856,20.133
6lu7_idAAFYgen6,-6.4,24.811,20.762
6lu7_idAAFVgen6,-6.4,19.13,15.45
6lu7_idAAFVgen6,-6.4,19.298,15.604
6lu7_idAAFVgen6,-6.4,0.0,0.0
6lu7_idAAFKgen6,-6.4,2.318,1.623
6lu7_idAAFKgen6,-6.4,0.0,0.0
6lu7_idAAFIgen6,-6.4,0.0,0.0
6lu7_idAAAEgen6,-6.4,25.612,21.244
6lu7_idAAAEgen6,-6.4,20.355,17.466
6lu7_idAAAGgen6,-6.4,0.0,0.0
6lu7_idAAAGgen6,-6.4,18.642,15.921
6lu7_idAAAGgen6,-6.4,23.801,20.734
6lu7_idAAALgen6,-6.4,2.404,1.666
6lu7_idAAAMgen6,-6.4,8.22,3.834
6lu7_idAAAXgen6,-6.4,0.0,0.0
6lu7_idAABMgen6,-6.4,14.509,3.106
6lu7_idAABMgen6,-6.4,16.774,9.61
6lu7_idAABMgen6,-6.4,18.117,16.68
6lu7_idAACBgen6,-6.4,6.613,4.463
6lu7_idAACKgen6,-6.4,9.031,2.315
6lu7_idAADMgen6,-6.4,23.034,20.265
6lu7_idAADMgen6,-6.4,14.829,10.707
6lu7_idAADXgen6,-6.4,4.984,3.907
6lu7_idAADXgen6,-6.4,2.678,1.935
6lu7_idAADXgen6,-6.4,10.208,2.174
6lu7_idAADXgen6,-6.4,18.809,16.785
6lu7_idAAECgen6,-6.4,39.719,33.784
6lu7_idAAECgen6,-6.4,31.161,27.109
6lu7_idAAEWgen6,-6.4,10.128,8.513
6lu7_idAAEWgen6,-6.4,17.558,16.204
6lu7_idAAFBgen6,-6.4,0.0,0.0
6lu7_idAAGDgen6,-6.3,7.868,3.221
6lu7_idAAGDgen6,-6.3,32.077,28.638
6lu7_idAAFYgen6,-6.3,13.748,4.111
6lu7_idAAFVgen6,-6.3,18.296,15.35
6lu7_idAAFVgen6,-6.3,19.057,15.725
6lu7_idAAFKgen6,-6.3,11.061,3.437
6lu7_idAAFKgen6,-6.3,3.099,2.113
6lu7_idAAFKgen6,-6.3,10.219,3.725
6lu7_idAAAEgen6,-6.3,18.916,16.143
6lu7_idAAAEgen6,-6.3,18.425,16.648
6lu7_idAAAGgen6,-6.3,25.766,22.693
6lu7_idAAALgen6,-6.3,4.147,2.951
6lu7_idAAALgen6,-6.3,5.724,3.933
6lu7_idAAATgen6,-6.3,0.0,0.0
6lu7_idAAATgen6,-6.3,18.329,15.74
6lu7_idAACBgen6,-6.3,7.402,5.671
6lu7_idAACBgen6,-6.3,30.238,26.752
6lu7_idAACKgen6,-6.3,11.681,8.038
6lu7_idAADMgen6,-6.3,18.249,15.678
6lu7_idAAECgen6,-6.3,41.712,35.645
6lu7_idAAENgen6,-6.3,7.843,5.569
6lu7_idAAEWgen6,-6.3,12.053,2.969
6lu7_idAAEWgen6,-6.3,27.7,25.511
6lu7_idAAGDgen6,-6.2,31.361,27.514
6lu7_idAAFYgen6,-6.2,5.937,4.056
6lu7_idAAFVgen6,-6.2,2.741,1.61
6lu7_idAAFQgen6,-6.2,6.188,3.032
6lu7_idAAFKgen6,-6.2,31.857,27.494
6lu7_idAAAGgen6,-6.2,25.834,23.209
6lu7_idAAAGgen6,-6.2,16.279,12.511
6lu7_idAAALgen6,-6.2,5.399,4.01
6lu7_idAAALgen6,-6.2,37.871,33.31
6lu7_idAAALgen6,-6.2,25.809,22.09
6lu7_idAAALgen6,-6.2,20.609,17.889
6lu7_idAAAXgen6,-6.2,22.333,20.499
6lu7_idAAAYgen6,-6.2,0.0,0.0
6lu7_idAACKgen6,-6.2,13.761,12.033
6lu7_idAADMgen6,-6.2,19.762,18.485
6lu7_idAAECgen6,-6.2,20.43,17.821
6lu7_idAAECgen6,-6.2,56.28,52.697
6lu7_idAAECgen6,-6.2,39.499,34.271
6lu7_idAAENgen6,-6.2,7.894,4.79
6lu7_idAAFBgen6,-6.2,6.963,3.465
6lu7_idAAFBgen6,-6.2,26.598,23.763
6lu7_idAAGNgen6,-6.1,36.562,34.732
6lu7_idAAGNgen6,-6.1,36.714,34.909
6lu7_idAAGNgen6,-6.1,0.0,0.0
6lu7_idAAFVgen6,-6.1,22.648,17.739
6lu7_idAAFVgen6,-6.1,39.826,36.341
6lu7_idAAFVgen6,-6.1,13.302,9.734
6lu7_idAAFQgen6,-6.1,4.423,2.747
6lu7_idAAFKgen6,-6.1,11.077,2.904
6lu7_idAAFKgen6,-6.1,10.733,2.831
6lu7_idAAFKgen6,-6.1,11.457,4.407
6lu7_idAAAEgen6,-6.1,21.037,18.386
6lu7_idAAAGgen6,-6.1,23.918,21.518
6lu7_idAAAGgen6,-6.1,7.538,3.538
6lu7_idAAALgen6,-6.1,44.017,36.203
6lu7_idAAAMgen6,-6.1,20.404,17.424
6lu7_idAAAMgen6,-6.1,33.954,31.587
6lu7_idAACHgen6,-6.1,0.0,0.0
6lu7_idAACKgen6,-6.1,22.599,21.485
6lu7_idAACKgen6,-6.1,14.2,12.239
6lu7_idAADDgen6,-6.1,0.0,0.0
6lu7_idAADMgen6,-6.1,4.768,3.198
6lu7_idAADMgen6,-6.1,29.723,27.092
6lu7_idAADPgen6,-6.1,0.0,0.0
6lu7_idAAECgen6,-6.1,42.994,38.437
6lu7_idAAENgen6,-6.1,23.545,22.331
6lu7_idAAENgen6,-6.1,4.446,2.964
6lu7_idAAEWgen6,-6.1,17.853,16.274
6lu7_idAAEWgen6,-6.1,5.214,2.963
6lu7_idAAFQgen6,-6.0,3.174,1.983
6lu7_idAAFQgen6,-6.0,16.869,15.216
6lu7_idAAFIgen6,-6.0,38.185,33.541
6lu7_idAAFIgen6,-6.0,38.188,33.578
6lu7_idAAFIgen6,-6.0,3.794,2.381
6lu7_idAAAGgen6,-6.0,6.351,2.306
6lu7_idAAAMgen6,-6.0,20.796,17.922
6lu7_idAAAMgen6,-6.0,28.36,25.279
6lu7_idAAAMgen6,-6.0,11.184,7.415
6lu7_idAAAMgen6,-6.0,17.186,12.598
6lu7_idAAATgen6,-6.0,36.786,34.462
6lu7_idAAATgen6,-6.0,19.691,17.508
6lu7_idAAAYgen6,-6.0,3.565,1.666
6lu7_idAAAYgen6,-6.0,3.737,1.989
6lu7_idAACHgen6,-6.0,7.143,3.21
6lu7_idAACHgen6,-6.0,8.092,3.476
6lu7_idAACOgen6,-6.0,0.0,0.0
6lu7_idAADBgen6,-6.0,0.0,0.0
6lu7_idAADBgen6,-6.0,5.416,2.033
6lu7_idAADDgen6,-6.0,28.065,26.286
6lu7_idAAENgen6,-6.0,35.64,32.127
6lu7_idAAFBgen6,-6.0,29.789,26.687
6lu7_idAAFBgen6,-6.0,27.368,25.161
6lu7_idAAFQgen6,-5.9,7.36,5.578
6lu7_idAAFIgen6,-5.9,31.119,28.214
6lu7_idAAFIgen6,-5.9,40.342,35.754
6lu7_idAAATgen6,-5.9,20.045,17.421
6lu7_idAAATgen6,-5.9,19.617,16.356
6lu7_idAAATgen6,-5.9,12.775,9.106
6lu7_idAAATgen6,-5.9,22.077,18.794
6lu7_idAAATgen6,-5.9,20.841,17.455
6lu7_idAAAXgen6,-5.9,24.79,20.325
6lu7_idAAAYgen6,-5.9,24.556,22.022
6lu7_idAAAYgen6,-5.9,23.229,20.532
6lu7_idAAAYgen6,-5.9,2.35,1.667
6lu7_idAABVgen6,-5.9,0.0,0.0
6lu7_idAABVgen6,-5.9,38.989,35.768
6lu7_idAABVgen6,-5.9,41.246,38.336
6lu7_idAACAgen6,-5.9,0.0,0.0
6lu7_idAACAgen6,-5.9,9.136,6.628
6lu7_idAACHgen6,-5.9,43.767,40.065
6lu7_idAACOgen6,-5.9,2.456,1.803
6lu7_idAACRgen6,-5.9,0.0,0.0
6lu7_idAAFBgen6,-5.9,25.143,22.362
6lu7_idAAFBgen6,-5.9,25.088,22.621
6lu7_idAAFBgen6,-5.9,33.671,31.129
6lu7_idAAFQgen6,-5.8,8.721,5.337
6lu7_idAAFQgen6,-5.8,39.288,34.395
6lu7_idAAFQgen6,-5.8,10.311,5.473
6lu7_idAAFIgen6,-5.8,36.366,34.521
6lu7_idAAFIgen6,-5.8,41.07,36.435
6lu7_idAAFIgen6,-5.8,37.011,34.467
6lu7_idAAAXgen6,-5.8,22.303,19.335
6lu7_idAAAYgen6,-5.8,7.554,3.485
6lu7_idAABHgen6,-5.8,0.0,0.0
6lu7_idAABHgen6,-5.8,25.994,23.25
6lu7_idAABVgen6,-5.8,39.7,36.783
6lu7_idAACAgen6,-5.8,22.577,20.336
6lu7_idAACHgen6,-5.8,7.51,4.059
6lu7_idAACHgen6,-5.8,23.569,21.454
6lu7_idAACOgen6,-5.8,36.249,34.774
6lu7_idAADDgen6,-5.8,10.911,8.569
6lu7_idAADDgen6,-5.8,28.716,26.956
6lu7_idAADPgen6,-5.8,36.623,33.084
6lu7_idAAGNgen6,-5.7,17.421,15.457
6lu7_idAAGNgen6,-5.7,17.965,15.798
6lu7_idAAGNgen6,-5.7,17.005,15.287
6lu7_idAAGNgen6,-5.7,17.381,15.548
6lu7_idAAAXgen6,-5.7,23.436,19.738
6lu7_idAAAYgen6,-5.7,7.492,3.511
6lu7_idAABHgen6,-5.7,4.714,2.977
6lu7_idAABVgen6,-5.7,41.06,38.121
6lu7_idAABVgen6,-5.7,27.029,25.134
6lu7_idAACAgen6,-5.7,20.884,19.526
6lu7_idAACAgen6,-5.7,21.776,19.334
6lu7_idAACAgen6,-5.7,2.856,1.703
6lu7_idAACHgen6,-5.7,26.139,23.118
6lu7_idAACHgen6,-5.7,25.772,23.591
6lu7_idAACHgen6,-5.7,7.662,3.372
6lu7_idAACOgen6,-5.7,1.96,1.265
6lu7_idAACOgen6,-5.7,2.855,1.854
6lu7_idAACOgen6,-5.7,2.495,1.717
6lu7_idAACRgen6,-5.7,2.483,1.965
6lu7_idAACRgen6,-5.7,34.431,31.698
6lu7_idAADDgen6,-5.7,36.631,33.14
6lu7_idAADDgen6,-5.7,24.681,21.406
6lu7_idAADDgen6,-5.7,4.676,2.855
6lu7_idAAFBgen6,-5.7,2.081,1.48
6lu7_idAAGNgen6,-5.6,17.764,15.498
6lu7_idAAGNgen6,-5.6,16.84,15.486
6lu7_idAAAXgen6,-5.6,7.519,4.503
6lu7_idAABHgen6,-5.6,26.894,24.143
6lu7_idAABHgen6,-5.6,27.775,24.808
6lu7_idAABHgen6,-5.6,29.057,26.255
6lu7_idAABHgen6,-5.6,6.393,2.898
6lu7_idAABHgen6,-5.6,35.459,32.843
6lu7_idAABVgen6,-5.6,34.236,31.258
6lu7_idAABVgen6,-5.6,40.901,38.021
6lu7_idAACAgen6,-5.6,8.464,5.836
6lu7_idAACAgen6,-5.6,23.194,20.929
6lu7_idAACRgen6,-5.6,28.322,26.155
6lu7_idAACRgen6,-5.6,24.106,22.234
6lu7_idAACRgen6,-5.6,29.028,26.722
6lu7_idAACVgen6,-5.6,0.0,0.0
6lu7_idAADDgen6,-5.6,8.116,5.31
6lu7_idAADPgen6,-5.6,29.35,25.156
6lu7_idAADPgen6,-5.6,23.753,20.756
6lu7_idAADPgen6,-5.6,2.74,1.579
6lu7_idAADPgen6,-5.6,25.31,21.319
6lu7_idAAAJgen6,-5.5,0.0,0.0
6lu7_idAAAJgen6,-5.5,9.948,8.403
6lu7_idAAAXgen6,-5.5,20.415,17.956
6lu7_idAAAXgen6,-5.5,28.781,25.231
6lu7_idAAAXgen6,-5.5,24.559,20.914
6lu7_idAAAYgen6,-5.5,41.474,38.273
6lu7_idAABHgen6,-5.5,4.427,3.054
6lu7_idAACAgen6,-5.5,22.28,19.9
6lu7_idAACRgen6,-5.5,6.326,2.915
6lu7_idAACRgen6,-5.5,28.621,26.427
6lu7_idAACRgen6,-5.5,22.403,20.86
6lu7_idAADBgen6,-5.5,24.386,22.132
6lu7_idAADDgen6,-5.5,22.569,20.099
6lu7_idAADPgen6,-5.5,23.349,20.423
6lu7_idAADPgen6,-5.5,8.778,4.78
6lu7_idAADPgen6,-5.5,28.172,24.245
6lu7_idAAAJgen6,-5.4,3.165,0.508
6lu7_idAABVgen6,-5.4,30.677,29.693
6lu7_idAACOgen6,-5.4,3.444,2.188
6lu7_idAACOgen6,-5.4,36.597,34.97
6lu7_idAACVgen6,-5.4,9.111,3.618
6lu7_idAADBgen6,-5.4,4.984,2.332
6lu7_idAADBgen6,-5.4,4.823,2.397
6lu7_idAAAJgen6,-5.3,23.671,20.525
6lu7_idAACOgen6,-5.3,31.253,29.881
6lu7_idAAAJgen6,-5.2,8.686,6.955
6lu7_idAADBgen6,-5.2,28.2,25.018
6lu7_idAADBgen6,-5.2,28.389,25.089
6lu7_idAAAJgen6,-5.1,21.312,19.523
6lu7_idAAAJgen6,-5.1,29.013,26.734
6lu7_idAAAJgen6,-5.1,11.253,8.463
6lu7_idAACVgen6,-5.1,5.799,3.087
6lu7_idAADBgen6,-5.1,28.646,25.5
6lu7_idAADBgen6,-5.1,28.477,25.304
6lu7_idAAAJgen6,-5.0,21.29,19.456
6lu7_idAACVgen6,-4.8,28.818,25.748
6lu7_idAACVgen6,-4.7,8.545,3.14
6lu7_idAACVgen6,-4.7,38.467,32.633
6lu7_idAACVgen6,-4.7,10.486,5.24
6lu7_idAACVgen6,-4.7,28.03,24.8
6lu7_idAACVgen6,-4.7,38.722,32.902
