Ligand,Binding Affinity,rmsd/ub, rmsd/lb
6lu7_idAACHgen10,-12.3,0.0,0.0
6lu7_idAACHgen10,-11.2,8.18,1.483
6lu7_idAACHgen10,-10.6,5.671,2.828
6lu7_idAACHgen10,-10.3,5.683,2.447
6lu7_idAACHgen10,-10.2,15.747,14.575
6lu7_idAACHgen10,-10.2,18.402,16.863
6lu7_idAACHgen10,-10.1,4.3,2.435
6lu7_idAACHgen10,-10.1,14.83,13.927
6lu7_idAACHgen10,-10.0,25.389,22.212
6lu7_idAACGgen10,-10.9,0.0,0.0
6lu7_idAACGgen10,-9.7,8.236,3.638
6lu7_idAACGgen10,-9.4,6.244,3.149
6lu7_idAACGgen10,-9.3,38.154,34.435
6lu7_idAACGgen10,-9.3,2.666,1.601
6lu7_idAACGgen10,-9.0,32.894,28.05
6lu7_idAACGgen10,-8.9,27.517,23.3
6lu7_idAACGgen10,-8.8,30.069,28.809
6lu7_idAACGgen10,-8.7,3.5,2.223
6lu7_idAACEgen10,-9.6,0.0,0.0
6lu7_idAACEgen10,-9.4,22.954,15.884
6lu7_idAACEgen10,-9.4,31.022,26.51
6lu7_idAACEgen10,-9.3,24.774,21.1
6lu7_idAACEgen10,-9.2,35.27,29.814
6lu7_idAACEgen10,-9.1,38.014,31.613
6lu7_idAACEgen10,-9.0,23.04,16.054
6lu7_idAACEgen10,-9.0,26.495,21.347
6lu7_idAACEgen10,-9.0,23.654,18.527
6lu7_idAACDgen10,-12.8,0.0,0.0
6lu7_idAACDgen10,-12.6,6.154,4.749
6lu7_idAACDgen10,-11.4,21.459,15.465
6lu7_idAACDgen10,-10.9,42.476,35.326
6lu7_idAACDgen10,-10.8,23.995,19.243
6lu7_idAACDgen10,-10.7,33.284,27.731
6lu7_idAACDgen10,-10.6,26.431,20.129
6lu7_idAACDgen10,-10.6,40.389,34.982
6lu7_idAACDgen10,-10.5,21.372,16.209
6lu7_idAACCgen10,-17.2,0.0,0.0
6lu7_idAACCgen10,-16.9,5.476,2.293
6lu7_idAACCgen10,-15.1,21.179,17.389
6lu7_idAACCgen10,-15.1,15.653,13.446
6lu7_idAACCgen10,-15.0,7.526,1.559
6lu7_idAACCgen10,-14.4,28.843,24.587
6lu7_idAACCgen10,-14.4,34.921,31.483
6lu7_idAACBgen10,-16.7,0.0,0.0
6lu7_idAACBgen10,-15.5,6.001,2.261
6lu7_idAACBgen10,-15.3,9.488,1.82
6lu7_idAACBgen10,-15.1,7.816,1.41
6lu7_idAACBgen10,-14.3,16.158,12.719
6lu7_idAACBgen10,-14.1,15.57,12.758
6lu7_idAACBgen10,-14.0,9.284,2.635
6lu7_idAACBgen10,-14.0,19.799,13.526
6lu7_idAACBgen10,-13.9,7.4,2.28
6lu7_idAACAgen10,-17.7,0.0,0.0
6lu7_idAACAgen10,-17.5,7.073,2.871
6lu7_idAACAgen10,-16.4,7.376,2.368
6lu7_idAACAgen10,-15.8,16.627,9.744
6lu7_idAACAgen10,-15.5,6.962,2.317
6lu7_idAACAgen10,-15.0,17.37,11.625
6lu7_idAACAgen10,-14.9,24.413,20.733
6lu7_idAABZgen10,-14.3,0.0,0.0
6lu7_idAABZgen10,-14.0,10.378,4.452
6lu7_idAABZgen10,-12.7,3.969,2.564
6lu7_idAABZgen10,-12.7,20.875,15.71
6lu7_idAABZgen10,-12.7,7.275,3.545
6lu7_idAABZgen10,-12.7,27.051,24.559
6lu7_idAABZgen10,-12.7,20.546,15.06
6lu7_idAABZgen10,-12.7,50.683,45.79
6lu7_idAABZgen10,-12.7,29.613,24.703
6lu7_idAABYgen10,-16.3,0.0,0.0
6lu7_idAABYgen10,-15.5,3.536,2.163
6lu7_idAABYgen10,-14.7,6.757,2.798
6lu7_idAABYgen10,-14.4,6.97,3.874
6lu7_idAABYgen10,-14.4,8.117,2.583
6lu7_idAABYgen10,-13.6,7.014,2.64
6lu7_idAABYgen10,-13.6,39.741,35.326
6lu7_idAABYgen10,-13.6,6.839,2.619
6lu7_idAABYgen10,-13.5,11.722,5.969
6lu7_idAABXgen10,-17.0,0.0,0.0
6lu7_idAABXgen10,-16.1,5.608,2.405
6lu7_idAABXgen10,-15.0,15.776,13.246
6lu7_idAABXgen10,-14.8,21.544,17.43
6lu7_idAABXgen10,-14.6,35.214,31.777
6lu7_idAABXgen10,-14.3,6.979,4.211
6lu7_idAABXgen10,-14.3,5.324,2.024
6lu7_idAABWgen10,-13.7,0.0,0.0
6lu7_idAABWgen10,-12.9,4.444,2.785
6lu7_idAABWgen10,-12.7,7.689,1.727
6lu7_idAABWgen10,-12.7,7.143,2.817
6lu7_idAABWgen10,-11.8,23.768,19.579
6lu7_idAABWgen10,-11.8,8.377,2.949
6lu7_idAABWgen10,-11.8,16.227,10.665
6lu7_idAABWgen10,-11.6,22.653,18.432
6lu7_idAABWgen10,-11.6,24.455,20.544
6lu7_idAABUgen10,-14.8,0.0,0.0
6lu7_idAABUgen10,-14.0,7.645,3.252
6lu7_idAABUgen10,-13.8,8.089,2.947
6lu7_idAABUgen10,-13.7,7.658,1.462
6lu7_idAABUgen10,-13.7,8.028,2.61
6lu7_idAABUgen10,-13.6,7.639,2.478
6lu7_idAABUgen10,-13.6,41.623,36.595
6lu7_idAABUgen10,-13.5,41.833,37.394
6lu7_idAABUgen10,-13.5,42.451,37.012
6lu7_idAABTgen10,-13.9,0.0,0.0
6lu7_idAABTgen10,-13.3,4.462,2.863
6lu7_idAABTgen10,-12.3,24.283,20.337
6lu7_idAABTgen10,-12.3,14.474,9.544
6lu7_idAABTgen10,-12.2,36.677,33.408
6lu7_idAABTgen10,-12.2,14.187,8.151
6lu7_idAABTgen10,-12.1,7.585,2.797
6lu7_idAABTgen10,-11.9,18.39,11.904
6lu7_idAABTgen10,-11.8,16.271,10.677
6lu7_idAABRgen10,-11.9,0.0,0.0
6lu7_idAABRgen10,-11.4,16.255,8.676
6lu7_idAABRgen10,-11.2,7.668,1.975
6lu7_idAABRgen10,-11.2,6.373,2.15
6lu7_idAABRgen10,-11.1,4.121,1.126
6lu7_idAABRgen10,-10.7,6.929,3.137
6lu7_idAABRgen10,-10.6,26.522,20.971
6lu7_idAABRgen10,-10.6,12.886,2.379
6lu7_idAABRgen10,-10.5,12.949,9.76
6lu7_idAABQgen10,-17.0,0.0,0.0
6lu7_idAABQgen10,-16.1,5.816,2.668
6lu7_idAABQgen10,-14.8,7.569,1.536
6lu7_idAABQgen10,-14.8,21.45,17.275
6lu7_idAABQgen10,-14.4,15.845,13.383
6lu7_idAABQgen10,-14.2,35.253,31.804
6lu7_idAABPgen10,-17.6,0.0,0.0
6lu7_idAABPgen10,-16.6,1.94,1.173
6lu7_idAABPgen10,-15.6,7.722,2.67
6lu7_idAABPgen10,-15.2,14.497,8.343
6lu7_idAABPgen10,-15.2,24.352,20.576
6lu7_idAABPgen10,-15.1,23.529,19.585
6lu7_idAABPgen10,-15.1,6.444,3.681
6lu7_idAABPgen10,-14.7,38.064,34.391
6lu7_idAABPgen10,-14.7,36.525,33.246
6lu7_idAABOgen10,-15.1,0.0,0.0
6lu7_idAABOgen10,-13.4,4.502,2.892
6lu7_idAABOgen10,-13.4,2.153,1.414
6lu7_idAABOgen10,-12.7,24.378,20.295
6lu7_idAABOgen10,-12.5,38.827,35.197
6lu7_idAABOgen10,-12.5,2.961,1.685
6lu7_idAABOgen10,-12.5,7.33,2.916
6lu7_idAABOgen10,-12.4,15.213,9.102
6lu7_idAABOgen10,-12.4,7.182,2.823
6lu7_idAABLgen10,-17.9,0.0,0.0
6lu7_idAABLgen10,-17.2,5.594,2.486
6lu7_idAABLgen10,-15.5,20.967,17.272
6lu7_idAABLgen10,-15.3,28.832,24.484
6lu7_idAABLgen10,-15.0,7.701,1.148
6lu7_idAABKgen10,-17.6,0.0,0.0
6lu7_idAABKgen10,-16.8,1.669,1.067
6lu7_idAABKgen10,-16.2,3.887,2.358
6lu7_idAABKgen10,-16.2,7.224,2.894
6lu7_idAABKgen10,-15.3,24.376,20.529
6lu7_idAABKgen10,-15.1,14.381,8.342
6lu7_idAABKgen10,-15.0,7.712,2.652
6lu7_idAABKgen10,-14.9,36.535,33.18
6lu7_idAABKgen10,-14.6,23.425,19.521
6lu7_idAABJgen10,-14.1,5.852,1.18
6lu7_idAABJgen10,-14.1,0.0,0.0
6lu7_idAABJgen10,-13.7,6.509,2.031
6lu7_idAABJgen10,-13.3,6.755,1.566
6lu7_idAABJgen10,-13.3,6.83,1.609
6lu7_idAABJgen10,-13.2,6.814,0.958
6lu7_idAABJgen10,-13.2,8.96,1.194
6lu7_idAABJgen10,-13.0,7.148,1.484
6lu7_idAABJgen10,-12.7,8.662,2.753
6lu7_idAABHgen10,-12.8,0.0,0.0
6lu7_idAABHgen10,-12.0,32.459,28.168
6lu7_idAABHgen10,-11.7,8.817,2.886
6lu7_idAABHgen10,-11.5,21.227,16.053
6lu7_idAABHgen10,-11.3,17.509,8.694
6lu7_idAABHgen10,-11.1,8.222,1.73
6lu7_idAABHgen10,-11.1,10.061,4.763
6lu7_idAABHgen10,-11.0,16.153,9.146
6lu7_idAABHgen10,-10.8,34.674,29.624
6lu7_idAABGgen10,-16.5,0.0,0.0
6lu7_idAABGgen10,-15.3,6.8,2.891
6lu7_idAABGgen10,-14.9,2.823,1.715
6lu7_idAABGgen10,-13.7,8.491,2.724
6lu7_idAABGgen10,-13.7,7.287,1.698
6lu7_idAABGgen10,-13.7,7.304,2.982
6lu7_idAABGgen10,-13.5,6.867,2.369
6lu7_idAABFgen10,-17.3,0.0,0.0
6lu7_idAABFgen10,-17.1,6.7,2.808
6lu7_idAABFgen10,-16.1,6.954,2.191
6lu7_idAABFgen10,-15.3,7.063,1.196
6lu7_idAABFgen10,-14.9,21.656,15.545
6lu7_idAABFgen10,-14.7,9.634,2.967
6lu7_idAABFgen10,-14.6,6.18,2.344
6lu7_idAABFgen10,-14.6,6.552,2.147
6lu7_idAABEgen10,-16.9,0.0,0.0
6lu7_idAABEgen10,-15.9,5.598,2.326
6lu7_idAABEgen10,-14.8,7.558,1.558
6lu7_idAABEgen10,-14.7,21.563,17.432
6lu7_idAABEgen10,-14.6,35.229,31.732
6lu7_idAABEgen10,-14.6,7.039,3.101
6lu7_idAABEgen10,-14.3,5.303,1.936
6lu7_idAABBgen10,-17.1,0.0,0.0
6lu7_idAABBgen10,-16.8,7.096,2.913
6lu7_idAABBgen10,-15.6,4.193,2.621
6lu7_idAABBgen10,-14.9,14.743,9.187
6lu7_idAABBgen10,-14.8,7.009,2.872
6lu7_idAABBgen10,-14.8,24.923,19.715
6lu7_idAABBgen10,-14.6,7.129,2.35
6lu7_idAABBgen10,-14.4,5.639,3.459
6lu7_idAABBgen10,-14.3,7.269,2.662
6lu7_idAAAXgen10,-15.4,0.0,0.0
6lu7_idAAAXgen10,-14.0,7.055,3.124
6lu7_idAAAXgen10,-13.9,4.498,2.921
6lu7_idAAAXgen10,-13.0,6.761,2.795
6lu7_idAAAXgen10,-12.9,2.966,1.686
6lu7_idAAAXgen10,-12.9,16.419,10.563
6lu7_idAAAXgen10,-12.9,6.054,3.332
6lu7_idAAAXgen10,-12.6,19.291,12.552
6lu7_idAAAXgen10,-12.5,10.685,7.665
6lu7_idAAAVgen10,-15.6,0.0,0.0
6lu7_idAAAVgen10,-15.0,7.257,1.822
6lu7_idAAAVgen10,-14.6,6.778,2.015
6lu7_idAAAVgen10,-14.0,6.219,1.739
6lu7_idAAAVgen10,-13.8,5.42,2.735
6lu7_idAAAVgen10,-13.7,15.607,13.638
6lu7_idAAAVgen10,-13.7,8.863,2.357
6lu7_idAAAVgen10,-13.6,15.557,12.862
6lu7_idAAAVgen10,-13.6,8.402,4.049
6lu7_idAAAUgen10,-17.2,0.0,0.0
6lu7_idAAAUgen10,-16.2,4.318,2.604
6lu7_idAAAUgen10,-15.3,14.325,8.245
6lu7_idAAAUgen10,-15.2,7.912,1.927
6lu7_idAAAUgen10,-14.9,7.049,2.741
6lu7_idAAAUgen10,-14.7,24.304,20.448
6lu7_idAAAUgen10,-14.7,23.403,19.54
6lu7_idAAAUgen10,-14.5,23.578,19.044
6lu7_idAAAUgen10,-14.3,38.192,34.567
6lu7_idAAATgen10,-13.3,7.918,2.605
6lu7_idAAATgen10,-13.3,0.0,0.0
6lu7_idAAATgen10,-13.2,3.726,2.064
6lu7_idAAATgen10,-13.0,8.417,2.728
6lu7_idAAATgen10,-12.8,7.086,1.257
6lu7_idAAATgen10,-12.6,8.133,2.54
6lu7_idAAATgen10,-12.5,37.266,32.109
6lu7_idAAATgen10,-12.3,38.835,33.194
6lu7_idAAATgen10,-12.2,5.906,1.574
6lu7_idAAASgen10,-15.2,2.487,1.477
6lu7_idAAASgen10,-15.2,0.0,0.0
6lu7_idAAASgen10,-15.1,1.984,1.248
6lu7_idAAASgen10,-15.0,1.483,1.027
6lu7_idAAASgen10,-13.8,8.096,1.249
6lu7_idAAASgen10,-13.5,25.502,21.501
6lu7_idAAASgen10,-13.4,3.867,2.462
6lu7_idAAASgen10,-13.2,2.901,1.48
6lu7_idAAASgen10,-13.2,19.785,13.206
6lu7_idAAAQgen10,-16.9,0.0,0.0
6lu7_idAAAQgen10,-14.7,6.442,2.128
6lu7_idAAAQgen10,-14.6,8.743,3.351
6lu7_idAAAQgen10,-14.3,26.371,21.184
6lu7_idAAAQgen10,-14.2,20.906,15.336
6lu7_idAAAQgen10,-14.1,35.512,31.068
6lu7_idAAAQgen10,-14.0,2.674,1.66
6lu7_idAAANgen10,-17.4,0.0,0.0
6lu7_idAAANgen10,-17.3,0.142,0.142
6lu7_idAAANgen10,-17.0,7.033,2.796
6lu7_idAAANgen10,-15.7,4.159,2.57
6lu7_idAAANgen10,-15.4,7.055,2.85
6lu7_idAAANgen10,-15.2,7.538,1.72
6lu7_idAAANgen10,-14.8,23.558,19.703
6lu7_idAAANgen10,-14.7,2.489,1.227
6lu7_idAAAJgen10,-17.5,0.0,0.0
6lu7_idAAAJgen10,-16.1,7.28,2.808
6lu7_idAAAJgen10,-16.1,3.959,2.386
6lu7_idAAAJgen10,-15.2,14.522,8.314
6lu7_idAAAJgen10,-15.1,23.53,19.57
6lu7_idAAAJgen10,-15.1,6.476,3.679
6lu7_idAAAJgen10,-14.7,24.297,20.522
6lu7_idAAAJgen10,-14.6,38.307,34.542
6lu7_idAAAJgen10,-14.6,23.666,19.033
6lu7_idAAAIgen10,-15.6,0.0,0.0
6lu7_idAAAIgen10,-14.6,9.569,1.855
6lu7_idAAAIgen10,-14.5,5.771,2.011
6lu7_idAAAIgen10,-13.7,16.267,12.777
6lu7_idAAAIgen10,-13.6,19.533,13.257
6lu7_idAAAIgen10,-13.4,7.283,2.474
6lu7_idAAAIgen10,-13.4,15.485,12.697
6lu7_idAAAIgen10,-13.3,8.625,2.224
6lu7_idAAAIgen10,-13.3,9.128,2.211
6lu7_idAAAHgen10,-16.3,0.0,0.0
6lu7_idAAAHgen10,-15.5,6.655,2.93
6lu7_idAAAHgen10,-14.9,4.13,2.606
6lu7_idAAAHgen10,-14.3,6.333,3.803
6lu7_idAAAHgen10,-13.8,32.02,28.758
6lu7_idAAAHgen10,-13.7,6.777,2.738
6lu7_idAAAHgen10,-13.5,8.368,4.467
6lu7_idAAAHgen10,-13.4,29.429,28.606
6lu7_idAAAGgen10,-16.2,0.0,0.0
6lu7_idAAAGgen10,-15.5,6.65,2.963
6lu7_idAAAGgen10,-14.9,4.185,2.621
6lu7_idAAAGgen10,-14.3,6.125,3.689
6lu7_idAAAGgen10,-14.1,7.374,2.054
6lu7_idAAAGgen10,-13.9,7.999,2.636
6lu7_idAAAGgen10,-13.5,6.804,2.783
6lu7_idAAAGgen10,-13.5,8.382,4.432
6lu7_idAAAGgen10,-13.4,29.499,28.676
6lu7_idAAAFgen10,-17.5,0.0,0.0
6lu7_idAAAFgen10,-17.5,7.079,2.927
6lu7_idAAAFgen10,-16.3,7.366,2.375
6lu7_idAAAFgen10,-15.6,16.637,9.83
6lu7_idAAAFgen10,-15.4,6.955,2.324
6lu7_idAAAFgen10,-14.7,24.391,20.752
6lu7_idAAAFgen10,-14.7,6.839,3.703
6lu7_idAAAFgen10,-14.6,4.507,2.322
6lu7_idAAAEgen10,-11.9,0.0,0.0
6lu7_idAAAEgen10,-10.8,8.308,1.483
6lu7_idAAAEgen10,-10.1,7.656,2.224
6lu7_idAAAEgen10,-10.0,9.81,3.016
6lu7_idAAAEgen10,-9.9,31.312,29.927
6lu7_idAAAEgen10,-9.9,8.219,2.688
6lu7_idAAAEgen10,-9.9,10.95,2.096
6lu7_idAAAEgen10,-9.8,7.567,1.769
6lu7_idAAAEgen10,-9.8,43.561,38.16
6lu7_idAAADgen10,-12.4,0.0,0.0
6lu7_idAAADgen10,-12.1,15.934,9.842
6lu7_idAAADgen10,-11.7,31.312,23.346
6lu7_idAAADgen10,-11.7,23.767,14.111
6lu7_idAAADgen10,-11.3,6.464,3.196
6lu7_idAAADgen10,-11.1,26.577,19.855
6lu7_idAAADgen10,-11.0,33.631,26.87
6lu7_idAAADgen10,-11.0,26.18,19.35
6lu7_idAAADgen10,-11.0,25.946,19.434
6lu7_idAAACgen10,-16.3,0.0,0.0
6lu7_idAAACgen10,-15.6,3.69,2.213
6lu7_idAAACgen10,-14.5,7.554,1.999
6lu7_idAAACgen10,-14.5,32.068,28.761
6lu7_idAAACgen10,-14.3,6.888,3.864
6lu7_idAAACgen10,-14.2,8.088,2.544
6lu7_idAAACgen10,-13.7,8.691,4.506
6lu7_idAAACgen10,-13.6,29.43,28.6
6lu7_idAAACgen10,-13.6,7.008,2.69
6lu7_idAAABgen10,-10.5,0.0,0.0
6lu7_idAAABgen10,-10.0,5.218,2.54
6lu7_idAAABgen10,-9.8,27.242,22.384
6lu7_idAAABgen10,-9.7,27.472,23.914
6lu7_idAAABgen10,-9.5,17.513,15.018
6lu7_idAAABgen10,-9.3,34.494,29.325
6lu7_idAAABgen10,-9.3,24.654,20.43
6lu7_idAAABgen10,-9.3,18.508,12.538
6lu7_idAAABgen10,-9.2,17.545,16.237
6lu7_idAAAAgen10,-14.9,0.0,0.0
6lu7_idAAAAgen10,-14.0,4.436,2.877
6lu7_idAAAAgen10,-13.4,2.142,1.362
6lu7_idAAAAgen10,-12.9,31.703,28.364
6lu7_idAAAAgen10,-12.6,6.092,3.841
6lu7_idAAAAgen10,-12.5,23.844,19.723
6lu7_idAAAAgen10,-12.5,15.585,9.783
6lu7_idAAAAgen10,-12.4,14.76,9.915
6lu7_idAAAAgen10,-12.4,6.859,2.651
