Ligand,Binding Affinity,rmsd/ub, rmsd/lb
6lu7_idAAAAgen8,-6.6,17.006,12.694
6lu7_idAAAAgen8,-6.7,35.318,30.84
6lu7_idAAAAgen8,-6.7,9.627,5.008
6lu7_idAAAAgen8,-6.8,5.889,3.417
6lu7_idAAAAgen8,-7.0,18.18,13.694
6lu7_idAAAAgen8,-7.0,16.518,13.231
6lu7_idAAAAgen8,-7.1,41.546,36.606
6lu7_idAAAAgen8,-7.1,21.694,16.469
6lu7_idAAAAgen8,-7.7,0.0,0.0
6lu7_idAAABgen8,-5.5,11.595,7.279
6lu7_idAAABgen8,-5.6,12.31,9.473
6lu7_idAAABgen8,-5.7,11.6,7.305
6lu7_idAAABgen8,-5.7,2.398,1.379
6lu7_idAAABgen8,-5.8,44.598,41.699
6lu7_idAAABgen8,-5.8,7.709,4.179
6lu7_idAAABgen8,-5.9,44.191,40.376
6lu7_idAAABgen8,-6.0,0.0,0.0
6lu7_idAAABgen8,-6.0,25.056,21.143
6lu7_idAAACgen8,-13.2,7.812,1.599
6lu7_idAAACgen8,-13.5,44.795,39.694
6lu7_idAAACgen8,-13.5,45.122,40.578
6lu7_idAAACgen8,-13.5,45.483,39.469
6lu7_idAAACgen8,-13.7,8.06,1.729
6lu7_idAAACgen8,-13.7,10.346,3.286
6lu7_idAAACgen8,-13.7,9.53,1.218
6lu7_idAAACgen8,-14.1,9.278,2.512
6lu7_idAAACgen8,-14.9,0.0,0.0
6lu7_idAAADgen8,-7.1,33.334,29.536
6lu7_idAAADgen8,-7.3,30.347,27.779
6lu7_idAAADgen8,-7.3,24.34,20.312
6lu7_idAAADgen8,-7.4,8.614,2.518
6lu7_idAAADgen8,-7.6,32.858,29.467
6lu7_idAAADgen8,-7.6,24.607,21.133
6lu7_idAAADgen8,-7.7,25.026,20.757
6lu7_idAAADgen8,-7.9,7.342,2.524
6lu7_idAAADgen8,-8.1,0.0,0.0
6lu7_idAAAEgen8,-9.1,36.906,32.213
6lu7_idAAAEgen8,-9.2,36.69,29.772
6lu7_idAAAEgen8,-9.2,28.188,24.426
6lu7_idAAAEgen8,-9.4,27.432,24.088
6lu7_idAAAEgen8,-9.6,27.354,22.926
6lu7_idAAAEgen8,-9.6,22.068,17.426
6lu7_idAAAEgen8,-9.6,9.203,4.103
6lu7_idAAAEgen8,-10.1,6.571,3.584
6lu7_idAAAEgen8,-10.1,0.0,0.0
6lu7_idAAAFgen8,-13.4,29.436,28.612
6lu7_idAAAFgen8,-13.5,8.334,4.424
6lu7_idAAAFgen8,-14.1,7.388,2.084
6lu7_idAAAFgen8,-14.1,7.934,2.606
6lu7_idAAAFgen8,-14.9,4.13,2.605
6lu7_idAAAFgen8,-15.5,6.663,2.935
6lu7_idAAAFgen8,-16.3,0.0,0.0
6lu7_idAAAGgen8,-10.7,15.014,8.179
6lu7_idAAAGgen8,-10.8,15.955,11.171
6lu7_idAAAGgen8,-10.8,15.496,8.049
6lu7_idAAAGgen8,-10.9,15.576,10.331
6lu7_idAAAGgen8,-11.1,17.344,12.501
6lu7_idAAAGgen8,-11.1,14.756,5.231
6lu7_idAAAGgen8,-11.2,16.742,7.441
6lu7_idAAAGgen8,-11.3,15.381,6.129
6lu7_idAAAGgen8,-11.9,0.0,0.0
6lu7_idAAAHgen8,-8.7,7.599,3.567
6lu7_idAAAHgen8,-8.7,8.368,3.995
6lu7_idAAAHgen8,-8.7,19.597,17.726
6lu7_idAAAHgen8,-8.7,37.258,34.246
6lu7_idAAAHgen8,-8.8,8.17,4.043
6lu7_idAAAHgen8,-8.8,17.982,13.577
6lu7_idAAAHgen8,-8.9,10.438,2.484
6lu7_idAAAHgen8,-9.0,10.266,1.695
6lu7_idAAAHgen8,-9.0,0.0,0.0
6lu7_idAAAIgen8,-8.5,29.652,26.354
6lu7_idAAAIgen8,-8.7,28.821,25.116
6lu7_idAAAIgen8,-8.7,8.771,6.888
6lu7_idAAAIgen8,-8.8,27.25,23.327
6lu7_idAAAIgen8,-9.0,3.631,1.133
6lu7_idAAAIgen8,-9.0,26.242,22.212
6lu7_idAAAIgen8,-9.3,27.095,23.354
6lu7_idAAAIgen8,-9.9,7.086,0.718
6lu7_idAAAIgen8,-10.3,0.0,0.0
6lu7_idAAAJgen8,-6.1,24.653,21.989
6lu7_idAAAJgen8,-6.2,31.903,26.857
6lu7_idAAAJgen8,-6.2,23.948,19.894
6lu7_idAAAJgen8,-6.2,4.231,2.438
6lu7_idAAAJgen8,-6.2,5.239,4.194
6lu7_idAAAJgen8,-6.3,2.108,1.411
6lu7_idAAAJgen8,-6.3,24.13,20.798
6lu7_idAAAJgen8,-6.4,24.695,22.133
6lu7_idAAAJgen8,-6.7,0.0,0.0
6lu7_idAAAKgen8,-11.0,25.03,22.184
6lu7_idAAAKgen8,-11.1,12.629,4.608
6lu7_idAAAKgen8,-11.1,11.255,5.182
6lu7_idAAAKgen8,-11.3,14.415,6.574
6lu7_idAAAKgen8,-11.3,3.489,3.228
6lu7_idAAAKgen8,-11.4,7.502,3.693
6lu7_idAAAKgen8,-11.6,13.286,3.616
6lu7_idAAAKgen8,-11.7,12.911,2.794
6lu7_idAAAKgen8,-13.1,0.0,0.0
6lu7_idAAALgen8,-5.9,24.635,21.465
6lu7_idAAALgen8,-6.0,30.206,27.154
6lu7_idAAALgen8,-6.1,30.291,27.187
6lu7_idAAALgen8,-6.1,42.746,39.432
6lu7_idAAALgen8,-6.1,31.043,29.163
6lu7_idAAALgen8,-6.2,40.927,37.603
6lu7_idAAALgen8,-6.2,31.979,28.808
6lu7_idAAALgen8,-6.4,28.154,26.773
6lu7_idAAALgen8,-6.5,0.0,0.0
6lu7_idAAAMgen8,-6.2,27.616,18.938
6lu7_idAAAMgen8,-6.3,12.504,3.953
6lu7_idAAAMgen8,-6.3,25.363,20.018
6lu7_idAAAMgen8,-6.4,35.697,30.26
6lu7_idAAAMgen8,-6.6,43.941,41.063
6lu7_idAAAMgen8,-6.6,20.841,17.547
6lu7_idAAAMgen8,-6.7,30.185,25.937
6lu7_idAAAMgen8,-6.7,20.749,18.75
6lu7_idAAAMgen8,-6.9,0.0,0.0
6lu7_idAAANgen8,-9.5,8.836,4.183
6lu7_idAAANgen8,-9.5,6.76,2.54
6lu7_idAAANgen8,-9.9,6.412,2.443
6lu7_idAAANgen8,-10.0,9.601,4.416
6lu7_idAAANgen8,-10.0,8.81,4.242
6lu7_idAAANgen8,-10.1,2.537,1.715
6lu7_idAAANgen8,-10.2,4.617,3.599
6lu7_idAAANgen8,-10.5,5.524,3.006
6lu7_idAAANgen8,-10.6,0.0,0.0
6lu7_idAAAPgen8,-11.9,20.246,13.747
6lu7_idAAAPgen8,-12.1,14.783,12.428
6lu7_idAAAPgen8,-12.4,7.925,4.361
6lu7_idAAAPgen8,-12.6,16.799,10.946
6lu7_idAAAPgen8,-12.7,12.573,9.31
6lu7_idAAAPgen8,-12.8,8.121,2.528
6lu7_idAAAPgen8,-12.8,7.392,2.874
6lu7_idAAAPgen8,-13.2,7.18,3.202
6lu7_idAAAPgen8,-14.4,0.0,0.0
6lu7_idAAAQgen8,-10.3,20.081,10.606
6lu7_idAAAQgen8,-10.4,32.799,29.622
6lu7_idAAAQgen8,-10.5,18.678,12.441
6lu7_idAAAQgen8,-10.6,27.894,25.117
6lu7_idAAAQgen8,-10.6,20.848,15.159
6lu7_idAAAQgen8,-10.7,27.306,24.193
6lu7_idAAAQgen8,-10.8,30.974,26.727
6lu7_idAAAQgen8,-11.0,24.958,20.508
6lu7_idAAAQgen8,-11.0,0.0,0.0
6lu7_idAAASgen8,-10.4,35.229,30.481
6lu7_idAAASgen8,-10.5,42.414,37.827
6lu7_idAAASgen8,-10.6,36.407,30.76
6lu7_idAAASgen8,-10.7,35.816,30.425
6lu7_idAAASgen8,-10.7,10.986,2.171
6lu7_idAAASgen8,-10.9,34.943,30.418
6lu7_idAAASgen8,-10.9,35.933,30.401
6lu7_idAAASgen8,-11.3,32.954,31.443
6lu7_idAAASgen8,-12.1,0.0,0.0
6lu7_idAAATgen8,-13.2,5.801,1.786
6lu7_idAAATgen8,-13.3,20.68,14.922
6lu7_idAAATgen8,-13.3,6.581,3.516
6lu7_idAAATgen8,-13.5,41.915,37.478
6lu7_idAAATgen8,-13.5,42.523,36.976
6lu7_idAAATgen8,-13.7,7.633,1.505
6lu7_idAAATgen8,-13.7,7.916,2.563
6lu7_idAAATgen8,-14.2,6.281,2.031
6lu7_idAAATgen8,-14.8,0.0,0.0
6lu7_idAAAUgen8,-8.3,22.214,20.712
6lu7_idAAAUgen8,-8.4,24.024,20.041
6lu7_idAAAUgen8,-8.4,32.963,29.035
6lu7_idAAAUgen8,-8.4,24.121,20.323
6lu7_idAAAUgen8,-8.5,37.472,30.409
6lu7_idAAAUgen8,-8.7,23.003,17.254
6lu7_idAAAUgen8,-8.8,6.29,3.266
6lu7_idAAAUgen8,-8.8,8.126,1.565
6lu7_idAAAUgen8,-8.9,0.0,0.0
6lu7_idAAAVgen8,-6.2,24.856,20.452
6lu7_idAAAVgen8,-6.2,11.481,5.478
6lu7_idAAAVgen8,-6.3,19.684,16.939
6lu7_idAAAVgen8,-6.3,22.057,17.888
6lu7_idAAAVgen8,-6.3,44.18,39.483
6lu7_idAAAVgen8,-6.4,46.592,41.226
6lu7_idAAAVgen8,-6.4,11.89,9.199
6lu7_idAAAVgen8,-6.6,1.889,0.631
6lu7_idAAAVgen8,-6.7,0.0,0.0
6lu7_idAAAWgen8,-6.0,5.597,2.805
6lu7_idAAAWgen8,-6.2,6.377,3.975
6lu7_idAAAWgen8,-6.2,35.889,33.432
6lu7_idAAAWgen8,-6.2,27.624,24.896
6lu7_idAAAWgen8,-6.4,27.175,24.1
6lu7_idAAAWgen8,-6.4,5.913,1.21
6lu7_idAAAWgen8,-6.6,6.31,3.922
6lu7_idAAAWgen8,-6.6,4.772,1.077
6lu7_idAAAWgen8,-7.0,0.0,0.0
6lu7_idAAAXgen8,-12.5,26.387,23.037
6lu7_idAAAXgen8,-12.5,14.926,13.671
6lu7_idAAAXgen8,-12.5,7.464,2.228
6lu7_idAAAXgen8,-12.5,14.482,13.005
6lu7_idAAAXgen8,-12.7,32.96,29.805
6lu7_idAAAXgen8,-13.1,8.214,2.873
6lu7_idAAAXgen8,-13.7,6.743,1.379
6lu7_idAAAXgen8,-14.2,5.103,2.047
6lu7_idAAAXgen8,-14.6,0.0,0.0
6lu7_idAAAYgen8,-10.9,28.384,26.93
6lu7_idAAAYgen8,-11.1,18.468,16.559
6lu7_idAAAYgen8,-11.2,33.438,30.032
6lu7_idAAAYgen8,-11.3,16.166,12.882
6lu7_idAAAYgen8,-11.4,19.527,17.476
6lu7_idAAAYgen8,-11.6,6.933,1.801
6lu7_idAAAYgen8,-11.6,33.501,29.466
6lu7_idAAAYgen8,-11.8,20.32,17.976
6lu7_idAAAYgen8,-12.1,0.0,0.0
6lu7_idAAAZgen8,-7.4,7.934,4.751
6lu7_idAAAZgen8,-7.5,32.76,27.05
6lu7_idAAAZgen8,-7.6,9.085,3.027
6lu7_idAAAZgen8,-7.7,24.541,20.52
6lu7_idAAAZgen8,-7.7,28.339,24.597
6lu7_idAAAZgen8,-7.7,26.917,22.869
6lu7_idAAAZgen8,-7.7,27.031,22.312
6lu7_idAAAZgen8,-7.9,26.435,23.598
6lu7_idAAAZgen8,-8.3,0.0,0.0
6lu7_idAABAgen8,-5.6,2.433,1.473
6lu7_idAABAgen8,-5.6,25.328,21.534
6lu7_idAABAgen8,-5.7,7.577,2.595
6lu7_idAABAgen8,-5.8,3.471,2.48
6lu7_idAABAgen8,-5.8,3.884,2.559
6lu7_idAABAgen8,-5.9,25.111,23.339
6lu7_idAABAgen8,-5.9,28.686,24.088
6lu7_idAABAgen8,-6.0,0.0,0.0
6lu7_idAABAgen8,-6.0,8.404,2.208
6lu7_idAABBgen8,-9.3,26.961,24.24
6lu7_idAABBgen8,-9.3,28.098,24.407
6lu7_idAABBgen8,-9.3,14.875,11.389
6lu7_idAABBgen8,-9.4,11.21,3.952
6lu7_idAABBgen8,-9.8,9.524,5.572
6lu7_idAABBgen8,-9.9,3.829,2.008
6lu7_idAABBgen8,-10.0,24.315,19.953
6lu7_idAABBgen8,-10.1,7.075,3.842
6lu7_idAABBgen8,-10.6,0.0,0.0
6lu7_idAABCgen8,-6.3,31.606,27.36
6lu7_idAABCgen8,-6.3,4.511,2.749
6lu7_idAABCgen8,-6.4,22.489,20.0
6lu7_idAABCgen8,-6.4,14.498,8.716
6lu7_idAABCgen8,-6.4,3.972,2.486
6lu7_idAABCgen8,-6.4,23.453,19.51
6lu7_idAABCgen8,-6.4,2.169,1.418
6lu7_idAABCgen8,-6.6,2.551,1.62
6lu7_idAABCgen8,-6.7,0.0,0.0
6lu7_idAABDgen8,-10.0,27.783,26.399
6lu7_idAABDgen8,-10.1,21.223,18.489
6lu7_idAABDgen8,-10.2,26.611,21.997
6lu7_idAABDgen8,-10.2,33.105,30.163
6lu7_idAABDgen8,-10.5,19.173,16.497
6lu7_idAABDgen8,-10.7,2.246,1.414
6lu7_idAABDgen8,-10.8,3.657,1.84
6lu7_idAABDgen8,-10.8,10.056,3.81
6lu7_idAABDgen8,-11.5,0.0,0.0
6lu7_idAABEgen8,-10.2,30.325,29.583
6lu7_idAABEgen8,-10.3,8.596,2.559
6lu7_idAABEgen8,-10.5,7.488,2.517
6lu7_idAABEgen8,-10.6,6.634,2.321
6lu7_idAABEgen8,-10.6,9.915,3.876
6lu7_idAABEgen8,-10.8,5.621,3.299
6lu7_idAABEgen8,-11.5,7.348,2.49
6lu7_idAABEgen8,-13.1,0.0,0.0
6lu7_idAABFgen8,-5.2,7.916,6.005
6lu7_idAABFgen8,-5.3,6.86,4.274
6lu7_idAABFgen8,-5.4,34.35,31.9
6lu7_idAABFgen8,-5.4,27.229,25.994
6lu7_idAABFgen8,-5.6,25.743,24.0
6lu7_idAABFgen8,-5.6,33.997,31.497
6lu7_idAABFgen8,-5.8,5.915,2.935
6lu7_idAABFgen8,-6.1,28.969,26.754
6lu7_idAABFgen8,-6.2,0.0,0.0
6lu7_idAABGgen8,-10.0,7.394,3.482
6lu7_idAABGgen8,-10.0,9.89,5.128
6lu7_idAABGgen8,-10.0,11.334,3.981
6lu7_idAABGgen8,-10.1,9.859,4.129
6lu7_idAABGgen8,-10.2,11.331,5.103
6lu7_idAABGgen8,-10.4,7.027,2.395
6lu7_idAABGgen8,-10.5,9.493,4.454
6lu7_idAABGgen8,-10.5,6.677,2.224
6lu7_idAABGgen8,-10.6,0.0,0.0
6lu7_idAABHgen8,-9.4,18.459,15.071
6lu7_idAABHgen8,-9.5,6.648,3.695
6lu7_idAABHgen8,-9.5,13.535,5.466
6lu7_idAABHgen8,-9.5,9.859,4.391
6lu7_idAABHgen8,-9.6,9.725,5.271
6lu7_idAABHgen8,-9.6,5.202,3.364
6lu7_idAABHgen8,-9.7,6.915,3.128
6lu7_idAABHgen8,-9.9,6.701,1.909
6lu7_idAABHgen8,-10.6,0.0,0.0
6lu7_idAABIgen8,-10.2,31.724,30.413
6lu7_idAABIgen8,-10.3,35.933,30.435
6lu7_idAABIgen8,-10.3,31.436,30.409
6lu7_idAABIgen8,-10.4,2.141,1.574
6lu7_idAABIgen8,-10.5,36.163,30.164
6lu7_idAABIgen8,-11.1,2.064,1.481
6lu7_idAABIgen8,-11.1,7.661,2.514
6lu7_idAABIgen8,-11.4,8.273,2.458
6lu7_idAABIgen8,-11.5,0.0,0.0
6lu7_idAABJgen8,-6.0,13.126,5.596
6lu7_idAABJgen8,-6.0,9.179,1.579
6lu7_idAABJgen8,-6.1,18.172,14.815
6lu7_idAABJgen8,-6.2,24.067,20.968
6lu7_idAABJgen8,-6.2,21.329,20.2
6lu7_idAABJgen8,-6.3,46.936,45.646
6lu7_idAABJgen8,-6.4,37.612,35.598
6lu7_idAABJgen8,-6.4,22.755,19.712
6lu7_idAABJgen8,-6.5,0.0,0.0
6lu7_idAABKgen8,-8.3,13.879,6.306
6lu7_idAABKgen8,-8.4,16.37,14.552
6lu7_idAABKgen8,-8.4,22.498,19.441
6lu7_idAABKgen8,-8.5,22.667,19.297
6lu7_idAABKgen8,-8.5,8.756,5.679
6lu7_idAABKgen8,-8.6,2.83,1.796
6lu7_idAABKgen8,-8.8,24.454,21.233
6lu7_idAABKgen8,-9.0,37.254,32.918
6lu7_idAABKgen8,-9.2,0.0,0.0
6lu7_idAABLgen8,-7.4,35.466,28.815
6lu7_idAABLgen8,-7.4,23.568,18.746
6lu7_idAABLgen8,-7.5,22.896,19.161
6lu7_idAABLgen8,-7.5,8.659,2.877
6lu7_idAABLgen8,-7.5,5.874,3.533
6lu7_idAABLgen8,-7.7,27.554,23.641
6lu7_idAABLgen8,-8.0,7.998,3.637
6lu7_idAABLgen8,-8.1,8.177,3.499
6lu7_idAABLgen8,-8.2,0.0,0.0
6lu7_idAABMgen8,-7.1,36.142,31.726
6lu7_idAABMgen8,-7.2,6.067,4.036
6lu7_idAABMgen8,-7.3,25.767,20.226
6lu7_idAABMgen8,-7.3,47.868,44.008
6lu7_idAABMgen8,-7.4,3.472,2.441
6lu7_idAABMgen8,-7.5,20.361,16.827
6lu7_idAABMgen8,-7.6,29.553,26.112
6lu7_idAABMgen8,-7.6,2.482,1.808
6lu7_idAABMgen8,-7.9,0.0,0.0
6lu7_idAABNgen8,-8.2,24.877,22.31
6lu7_idAABNgen8,-8.3,42.639,38.006
6lu7_idAABNgen8,-8.3,6.953,3.387
6lu7_idAABNgen8,-8.5,28.197,23.988
6lu7_idAABNgen8,-8.5,7.796,2.656
6lu7_idAABNgen8,-8.7,2.049,1.251
6lu7_idAABNgen8,-8.9,22.302,16.553
6lu7_idAABNgen8,-9.2,7.927,2.482
6lu7_idAABNgen8,-9.3,0.0,0.0
6lu7_idAABOgen8,-5.8,16.609,13.702
6lu7_idAABOgen8,-5.9,8.084,5.427
6lu7_idAABOgen8,-5.9,24.621,22.643
6lu7_idAABOgen8,-5.9,24.281,21.243
6lu7_idAABOgen8,-5.9,20.931,17.866
6lu7_idAABOgen8,-6.0,24.196,21.69
6lu7_idAABOgen8,-6.0,21.598,18.843
6lu7_idAABOgen8,-6.2,25.221,21.981
6lu7_idAABOgen8,-6.2,0.0,0.0
6lu7_idAABPgen8,-11.3,33.438,27.768
6lu7_idAABPgen8,-11.4,35.608,29.529
6lu7_idAABPgen8,-11.6,26.863,24.721
6lu7_idAABPgen8,-12.0,19.587,12.229
6lu7_idAABPgen8,-12.7,7.206,1.816
6lu7_idAABPgen8,-14.2,0.0,0.0
6lu7_idAABQgen8,-10.0,17.274,8.947
6lu7_idAABQgen8,-10.0,40.934,35.91
6lu7_idAABQgen8,-10.0,29.488,25.024
6lu7_idAABQgen8,-10.1,29.712,23.805
6lu7_idAABQgen8,-10.3,29.917,28.011
6lu7_idAABQgen8,-10.3,20.82,14.713
6lu7_idAABQgen8,-11.2,2.903,1.569
6lu7_idAABQgen8,-11.3,40.155,36.088
6lu7_idAABQgen8,-11.5,0.0,0.0
6lu7_idAABRgen8,-7.0,30.115,27.532
6lu7_idAABRgen8,-7.2,5.266,3.449
6lu7_idAABRgen8,-7.3,2.758,1.931
6lu7_idAABRgen8,-7.4,40.216,35.734
6lu7_idAABRgen8,-7.6,23.704,21.657
6lu7_idAABRgen8,-7.7,23.818,21.688
6lu7_idAABRgen8,-7.7,8.016,4.376
6lu7_idAABRgen8,-7.7,8.341,5.826
6lu7_idAABRgen8,-7.8,0.0,0.0
6lu7_idAABSgen8,-9.3,8.359,4.092
6lu7_idAABSgen8,-9.4,15.045,12.461
6lu7_idAABSgen8,-9.4,6.524,2.629
6lu7_idAABSgen8,-9.5,7.742,3.861
6lu7_idAABSgen8,-9.6,23.446,19.099
6lu7_idAABSgen8,-9.6,2.0,1.383
6lu7_idAABSgen8,-9.9,23.11,19.921
6lu7_idAABSgen8,-10.0,7.996,3.783
6lu7_idAABSgen8,-10.2,0.0,0.0
6lu7_idAABTgen8,-6.8,27.217,23.654
6lu7_idAABTgen8,-6.9,18.647,16.791
6lu7_idAABTgen8,-6.9,18.827,16.71
6lu7_idAABTgen8,-7.0,7.808,4.062
6lu7_idAABTgen8,-7.0,18.452,12.008
6lu7_idAABTgen8,-7.1,10.555,2.282
6lu7_idAABTgen8,-7.3,10.515,1.596
6lu7_idAABTgen8,-7.4,10.648,1.925
6lu7_idAABTgen8,-8.2,0.0,0.0
6lu7_idAABUgen8,-9.9,34.289,28.851
6lu7_idAABUgen8,-9.9,42.939,38.588
6lu7_idAABUgen8,-10.0,44.325,38.236
6lu7_idAABUgen8,-10.1,8.957,1.609
6lu7_idAABUgen8,-10.2,44.215,38.04
6lu7_idAABUgen8,-10.3,36.536,30.6
6lu7_idAABUgen8,-10.6,9.532,1.705
6lu7_idAABUgen8,-11.3,5.622,3.034
6lu7_idAABUgen8,-11.5,0.0,0.0
6lu7_idAABVgen8,-5.9,35.762,33.55
6lu7_idAABVgen8,-5.9,34.941,32.796
6lu7_idAABVgen8,-5.9,22.559,19.466
6lu7_idAABVgen8,-5.9,25.381,21.896
6lu7_idAABVgen8,-6.0,35.256,33.054
6lu7_idAABVgen8,-6.0,25.178,21.565
6lu7_idAABVgen8,-6.1,22.464,18.522
6lu7_idAABVgen8,-6.1,21.134,18.448
6lu7_idAABVgen8,-6.1,0.0,0.0
6lu7_idAABXgen8,-8.4,18.303,14.776
6lu7_idAABXgen8,-8.5,21.853,18.47
6lu7_idAABXgen8,-8.6,21.207,18.513
6lu7_idAABXgen8,-8.9,24.951,21.151
6lu7_idAABXgen8,-8.9,2.018,1.42
6lu7_idAABXgen8,-8.9,19.164,12.013
6lu7_idAABXgen8,-8.9,23.659,20.058
6lu7_idAABXgen8,-8.9,21.138,16.223
6lu7_idAABXgen8,-9.5,0.0,0.0
6lu7_idAABYgen8,-11.9,42.594,37.378
6lu7_idAABYgen8,-12.2,3.427,1.997
6lu7_idAABYgen8,-12.5,9.033,3.348
6lu7_idAABYgen8,-12.6,5.128,2.613
6lu7_idAABYgen8,-12.7,43.068,37.69
6lu7_idAABYgen8,-14.8,0.0,0.0
6lu7_idAABZgen8,-5.4,6.566,4.361
6lu7_idAABZgen8,-5.4,2.919,1.906
6lu7_idAABZgen8,-5.4,9.898,2.175
6lu7_idAABZgen8,-5.5,4.132,2.627
6lu7_idAABZgen8,-5.7,21.099,18.524
6lu7_idAABZgen8,-5.7,9.017,4.048
6lu7_idAABZgen8,-5.7,3.655,2.642
6lu7_idAABZgen8,-5.8,24.615,21.661
6lu7_idAABZgen8,-5.9,0.0,0.0
6lu7_idAACAgen8,-6.5,24.349,21.703
6lu7_idAACAgen8,-6.6,10.01,2.774
6lu7_idAACAgen8,-6.6,7.439,4.526
6lu7_idAACAgen8,-6.6,20.843,19.077
6lu7_idAACAgen8,-6.6,22.914,20.281
6lu7_idAACAgen8,-6.7,23.512,20.57
6lu7_idAACAgen8,-6.8,6.911,3.918
6lu7_idAACAgen8,-7.2,0.0,0.0
6lu7_idAACAgen8,-7.2,9.001,2.545
6lu7_idAACBgen8,-11.4,35.568,29.632
6lu7_idAACBgen8,-11.6,19.577,12.263
6lu7_idAACBgen8,-11.6,26.869,24.713
6lu7_idAACBgen8,-12.2,7.211,1.88
6lu7_idAACBgen8,-14.0,0.0,0.0
6lu7_idAACCgen8,-11.9,10.264,3.23
6lu7_idAACCgen8,-12.0,7.021,1.97
6lu7_idAACCgen8,-12.0,20.841,14.194
6lu7_idAACCgen8,-12.0,36.819,30.661
6lu7_idAACCgen8,-12.4,8.327,2.542
6lu7_idAACCgen8,-12.5,5.146,2.622
6lu7_idAACCgen8,-12.6,43.039,37.69
6lu7_idAACCgen8,-12.6,9.016,3.169
6lu7_idAACCgen8,-14.7,0.0,0.0
6lu7_idAACDgen8,-8.4,35.864,30.532
6lu7_idAACDgen8,-8.5,31.091,27.983
6lu7_idAACDgen8,-8.6,6.192,3.218
6lu7_idAACDgen8,-8.6,31.48,25.343
6lu7_idAACDgen8,-8.6,31.618,25.983
6lu7_idAACDgen8,-8.7,32.058,25.821
6lu7_idAACDgen8,-8.8,7.107,2.424
6lu7_idAACDgen8,-8.8,28.31,25.111
6lu7_idAACDgen8,-8.9,0.0,0.0
6lu7_idAACEgen8,-12.0,42.63,36.98
6lu7_idAACEgen8,-12.1,41.092,35.533
6lu7_idAACEgen8,-12.1,7.808,2.718
6lu7_idAACEgen8,-12.1,42.213,35.917
6lu7_idAACEgen8,-12.2,16.82,10.698
6lu7_idAACEgen8,-12.3,6.561,2.537
6lu7_idAACEgen8,-12.5,6.981,2.183
6lu7_idAACEgen8,-13.0,7.484,1.889
6lu7_idAACEgen8,-14.0,0.0,0.0
6lu7_idAACFgen8,-10.7,30.146,23.503
6lu7_idAACFgen8,-10.8,14.756,5.925
6lu7_idAACFgen8,-10.9,23.705,21.003
6lu7_idAACFgen8,-10.9,29.302,23.41
6lu7_idAACFgen8,-10.9,23.262,20.24
6lu7_idAACFgen8,-11.1,30.384,23.853
6lu7_idAACFgen8,-11.5,0.0,0.0
6lu7_idAACFgen8,-11.5,29.454,23.768
6lu7_idAACFgen8,-11.5,2.224,1.611
6lu7_idAACGgen8,-10.2,18.75,14.536
6lu7_idAACGgen8,-10.3,11.002,3.515
6lu7_idAACGgen8,-10.4,3.562,2.374
6lu7_idAACGgen8,-10.4,24.116,19.586
6lu7_idAACGgen8,-10.4,11.725,3.167
6lu7_idAACGgen8,-10.4,7.903,4.608
6lu7_idAACGgen8,-10.5,9.882,4.095
6lu7_idAACGgen8,-11.5,15.81,5.748
6lu7_idAACGgen8,-12.5,0.0,0.0
6lu7_idAACHgen8,-11.4,35.602,29.697
6lu7_idAACHgen8,-11.6,26.868,24.69
6lu7_idAACHgen8,-11.6,19.577,12.177
6lu7_idAACHgen8,-11.7,12.955,1.775
6lu7_idAACHgen8,-12.1,7.194,1.941
6lu7_idAACHgen8,-14.1,0.0,0.0
6lu7_idAACIgen8,-9.4,7.939,3.868
6lu7_idAACIgen8,-9.4,16.177,6.039
6lu7_idAACIgen8,-9.6,9.905,4.643
6lu7_idAACIgen8,-9.8,8.822,3.225
6lu7_idAACIgen8,-9.8,23.825,19.902
6lu7_idAACIgen8,-10.0,7.628,3.128
6lu7_idAACIgen8,-10.3,7.106,3.146
6lu7_idAACIgen8,-10.5,8.01,3.052
6lu7_idAACIgen8,-11.0,0.0,0.0
6lu7_idAACJgen8,-5.3,48.845,45.735
6lu7_idAACJgen8,-5.4,39.455,36.403
6lu7_idAACJgen8,-5.4,8.298,2.859
6lu7_idAACJgen8,-5.5,3.119,2.216
6lu7_idAACJgen8,-5.5,2.19,1.569
6lu7_idAACJgen8,-5.5,2.938,2.162
6lu7_idAACJgen8,-5.6,3.276,2.162
6lu7_idAACJgen8,-5.6,39.049,34.906
6lu7_idAACJgen8,-5.8,0.0,0.0
6lu7_idAACKgen8,-9.4,41.287,36.773
6lu7_idAACKgen8,-9.5,26.993,20.905
6lu7_idAACKgen8,-9.6,12.521,4.101
6lu7_idAACKgen8,-9.7,15.163,4.985
6lu7_idAACKgen8,-9.9,9.809,3.535
6lu7_idAACKgen8,-9.9,19.526,15.938
6lu7_idAACKgen8,-9.9,15.129,5.601
6lu7_idAACKgen8,-10.3,0.0,0.0
6lu7_idAACKgen8,-10.3,29.983,24.965
6lu7_idAACLgen8,-9.3,11.653,5.235
6lu7_idAACLgen8,-9.3,6.962,2.875
6lu7_idAACLgen8,-9.4,7.101,3.27
6lu7_idAACLgen8,-9.5,2.948,2.188
6lu7_idAACLgen8,-9.8,3.064,2.064
6lu7_idAACLgen8,-10.1,8.575,4.582
6lu7_idAACLgen8,-10.4,6.868,1.795
6lu7_idAACLgen8,-10.5,0.0,0.0
6lu7_idAACLgen8,-10.5,2.156,1.957
6lu7_idAACMgen8,-9.0,31.652,27.324
6lu7_idAACMgen8,-9.0,28.661,24.829
6lu7_idAACMgen8,-9.2,14.853,11.755
6lu7_idAACMgen8,-9.2,31.1,26.725
6lu7_idAACMgen8,-9.3,31.207,29.531
6lu7_idAACMgen8,-9.4,11.033,6.711
6lu7_idAACMgen8,-9.4,15.946,12.672
6lu7_idAACMgen8,-9.4,12.951,7.897
6lu7_idAACMgen8,-9.8,0.0,0.0
6lu7_idAACNgen8,-14.2,35.256,31.807
6lu7_idAACNgen8,-14.3,5.319,2.027
6lu7_idAACNgen8,-14.3,6.938,4.207
6lu7_idAACNgen8,-14.4,15.88,13.426
6lu7_idAACNgen8,-14.6,7.02,3.226
6lu7_idAACNgen8,-14.8,21.444,17.265
6lu7_idAACNgen8,-15.0,3.295,2.072
6lu7_idAACNgen8,-16.1,5.817,2.668
6lu7_idAACNgen8,-17.0,0.0,0.0
6lu7_idAACOgen8,-5.3,32.014,29.606
6lu7_idAACOgen8,-5.3,21.202,19.561
6lu7_idAACOgen8,-5.3,7.166,1.81
6lu7_idAACOgen8,-5.4,28.615,27.168
6lu7_idAACOgen8,-5.4,27.95,26.301
6lu7_idAACOgen8,-5.6,24.436,21.145
6lu7_idAACOgen8,-5.7,24.26,21.021
6lu7_idAACOgen8,-5.8,27.204,25.379
6lu7_idAACOgen8,-5.9,0.0,0.0
6lu7_idAACQgen8,-8.2,23.497,21.24
6lu7_idAACQgen8,-8.2,39.992,36.49
6lu7_idAACQgen8,-8.3,21.679,18.867
6lu7_idAACQgen8,-8.3,21.571,19.04
6lu7_idAACQgen8,-8.4,7.389,3.85
6lu7_idAACQgen8,-8.8,2.113,1.52
6lu7_idAACQgen8,-9.0,22.839,19.637
6lu7_idAACQgen8,-9.2,0.0,0.0
6lu7_idAACQgen8,-9.2,8.71,2.713
6lu7_idAACSgen8,-8.9,27.771,25.999
6lu7_idAACSgen8,-9.0,17.283,14.189
6lu7_idAACSgen8,-9.2,27.973,22.089
6lu7_idAACSgen8,-9.3,22.924,20.535
6lu7_idAACSgen8,-9.4,12.73,4.443
6lu7_idAACSgen8,-9.5,26.323,22.274
6lu7_idAACSgen8,-10.3,15.992,6.612
6lu7_idAACSgen8,-10.5,9.26,4.347
6lu7_idAACSgen8,-10.6,0.0,0.0
6lu7_idAACTgen8,-13.0,9.925,1.593
6lu7_idAACTgen8,-13.2,8.491,2.264
6lu7_idAACTgen8,-13.2,7.491,3.038
6lu7_idAACTgen8,-13.7,8.616,1.491
6lu7_idAACTgen8,-13.7,8.402,1.493
6lu7_idAACTgen8,-13.7,40.864,36.881
6lu7_idAACTgen8,-13.7,13.013,10.774
6lu7_idAACTgen8,-15.3,7.741,3.687
6lu7_idAACTgen8,-15.3,0.0,0.0
6lu7_idAACUgen8,-10.3,29.899,28.307
6lu7_idAACUgen8,-10.3,30.02,28.064
6lu7_idAACUgen8,-10.4,27.247,23.685
6lu7_idAACUgen8,-10.4,23.675,15.173
6lu7_idAACUgen8,-10.5,6.236,3.536
6lu7_idAACUgen8,-10.6,35.298,31.413
6lu7_idAACUgen8,-10.7,11.072,4.955
6lu7_idAACUgen8,-10.7,29.302,27.794
6lu7_idAACUgen8,-10.8,0.0,0.0
6lu7_idAACVgen8,-8.8,3.474,1.173
6lu7_idAACVgen8,-9.0,30.413,26.534
6lu7_idAACVgen8,-9.1,6.212,4.2
6lu7_idAACVgen8,-9.1,38.01,31.672
6lu7_idAACVgen8,-9.2,35.288,29.726
6lu7_idAACVgen8,-9.2,24.843,21.178
6lu7_idAACVgen8,-9.4,31.05,26.561
6lu7_idAACVgen8,-9.4,23.039,15.84
6lu7_idAACVgen8,-9.6,0.0,0.0
6lu7_idAACWgen8,-10.7,25.702,22.57
6lu7_idAACWgen8,-10.8,12.436,5.39
6lu7_idAACWgen8,-10.9,2.4,1.846
6lu7_idAACWgen8,-11.0,10.729,2.485
6lu7_idAACWgen8,-11.0,6.663,2.023
6lu7_idAACWgen8,-11.2,26.545,23.987
6lu7_idAACWgen8,-11.2,40.069,35.924
6lu7_idAACWgen8,-11.2,10.352,4.685
6lu7_idAACWgen8,-11.6,0.0,0.0
6lu7_idAACXgen8,-12.9,17.537,15.849
6lu7_idAACXgen8,-13.0,16.965,15.534
6lu7_idAACXgen8,-13.4,17.662,15.908
6lu7_idAACXgen8,-13.4,2.143,1.44
6lu7_idAACXgen8,-13.4,29.364,26.346
6lu7_idAACXgen8,-13.5,37.203,35.36
6lu7_idAACXgen8,-13.7,18.586,17.39
6lu7_idAACXgen8,-14.2,7.535,0.999
6lu7_idAACXgen8,-14.7,0.0,0.0
6lu7_idAACYgen8,-7.5,7.406,2.919
6lu7_idAACYgen8,-7.6,23.654,18.792
6lu7_idAACYgen8,-7.6,6.588,3.223
6lu7_idAACYgen8,-7.6,23.694,19.576
6lu7_idAACYgen8,-7.8,8.207,3.098
6lu7_idAACYgen8,-8.0,5.125,3.341
6lu7_idAACYgen8,-8.2,8.195,1.94
6lu7_idAACYgen8,-8.2,3.55,1.947
6lu7_idAACYgen8,-8.5,0.0,0.0
6lu7_idAADAgen8,-13.3,15.005,10.286
6lu7_idAADAgen8,-13.4,29.499,28.676
6lu7_idAADAgen8,-13.4,16.409,10.229
6lu7_idAADAgen8,-13.5,6.806,2.785
6lu7_idAADAgen8,-13.9,32.081,28.797
6lu7_idAADAgen8,-14.4,6.17,3.705
6lu7_idAADAgen8,-14.9,4.185,2.621
6lu7_idAADAgen8,-15.5,6.655,2.957
6lu7_idAADAgen8,-16.2,0.0,0.0
6lu7_idAADBgen8,-12.0,5.654,2.677
6lu7_idAADBgen8,-12.0,8.33,3.385
6lu7_idAADBgen8,-12.1,10.576,4.774
6lu7_idAADBgen8,-12.1,40.817,36.219
6lu7_idAADBgen8,-12.2,7.247,3.088
6lu7_idAADBgen8,-12.3,39.77,35.873
6lu7_idAADBgen8,-12.5,40.357,36.03
6lu7_idAADBgen8,-12.7,6.587,1.891
6lu7_idAADBgen8,-13.3,0.0,0.0
6lu7_idAADCgen8,-8.7,4.357,3.12
6lu7_idAADCgen8,-8.8,16.777,13.773
6lu7_idAADCgen8,-9.2,24.619,20.016
6lu7_idAADCgen8,-9.2,7.275,3.178
6lu7_idAADCgen8,-9.3,16.386,7.141
6lu7_idAADCgen8,-9.4,7.757,3.061
6lu7_idAADCgen8,-9.6,7.44,2.611
6lu7_idAADCgen8,-10.2,16.354,7.16
6lu7_idAADCgen8,-10.3,0.0,0.0
6lu7_idAADDgen8,-10.5,39.46,37.995
6lu7_idAADDgen8,-10.5,25.991,21.438
6lu7_idAADDgen8,-10.5,18.066,12.813
6lu7_idAADDgen8,-10.5,35.587,30.842
6lu7_idAADDgen8,-10.6,18.556,13.478
6lu7_idAADDgen8,-10.6,12.347,9.42
6lu7_idAADDgen8,-11.0,27.43,19.997
6lu7_idAADDgen8,-11.1,12.201,1.77
6lu7_idAADDgen8,-11.3,0.0,0.0
6lu7_idAADEgen8,-8.9,24.187,23.114
6lu7_idAADEgen8,-8.9,26.851,22.989
6lu7_idAADEgen8,-9.0,28.59,24.162
6lu7_idAADEgen8,-9.0,31.453,29.837
6lu7_idAADEgen8,-9.1,11.303,8.55
6lu7_idAADEgen8,-9.1,31.095,26.753
6lu7_idAADEgen8,-9.2,11.256,7.03
6lu7_idAADEgen8,-9.2,24.018,23.072
6lu7_idAADEgen8,-9.6,0.0,0.0
6lu7_idAADFgen8,-11.8,29.178,26.662
6lu7_idAADFgen8,-12.0,16.917,15.584
6lu7_idAADFgen8,-12.2,16.839,15.213
6lu7_idAADFgen8,-12.2,19.657,17.824
6lu7_idAADFgen8,-12.3,7.462,1.025
6lu7_idAADFgen8,-12.4,40.556,35.504
6lu7_idAADFgen8,-12.5,41.414,35.649
6lu7_idAADFgen8,-12.6,0.0,0.0
6lu7_idAADFgen8,-12.6,18.438,17.301
6lu7_idAADGgen8,-9.6,30.959,28.339
6lu7_idAADGgen8,-9.6,27.35,24.724
6lu7_idAADGgen8,-9.7,25.673,21.323
6lu7_idAADGgen8,-9.7,33.04,29.364
6lu7_idAADGgen8,-10.1,18.835,14.485
6lu7_idAADGgen8,-10.8,10.932,1.546
6lu7_idAADGgen8,-10.8,12.013,1.697
6lu7_idAADGgen8,-10.9,5.459,2.337
6lu7_idAADGgen8,-11.1,0.0,0.0
6lu7_idAADHgen8,-9.8,8.493,1.806
6lu7_idAADHgen8,-9.8,2.788,1.679
6lu7_idAADHgen8,-9.9,30.454,29.269
6lu7_idAADHgen8,-9.9,30.37,29.131
6lu7_idAADHgen8,-10.1,19.516,15.563
6lu7_idAADHgen8,-10.3,11.461,9.848
6lu7_idAADHgen8,-10.4,11.561,8.806
6lu7_idAADHgen8,-10.5,25.118,21.328
6lu7_idAADHgen8,-10.8,0.0,0.0
6lu7_idAADIgen8,-6.1,22.572,20.557
6lu7_idAADIgen8,-6.2,8.187,6.139
6lu7_idAADIgen8,-6.2,30.804,26.14
6lu7_idAADIgen8,-6.2,2.144,1.826
6lu7_idAADIgen8,-6.2,11.348,6.165
6lu7_idAADIgen8,-6.3,11.098,5.885
6lu7_idAADIgen8,-6.3,27.315,25.001
6lu7_idAADIgen8,-6.3,8.831,6.33
6lu7_idAADIgen8,-6.4,0.0,0.0
6lu7_idAADJgen8,-10.5,18.599,17.103
6lu7_idAADJgen8,-10.6,2.175,1.257
6lu7_idAADJgen8,-10.6,26.286,22.154
6lu7_idAADJgen8,-11.0,19.211,18.204
6lu7_idAADJgen8,-11.0,24.968,21.67
6lu7_idAADJgen8,-11.1,4.273,2.984
6lu7_idAADJgen8,-11.3,27.25,21.972
6lu7_idAADJgen8,-11.5,2.006,1.124
6lu7_idAADJgen8,-12.0,0.0,0.0
6lu7_idAADKgen8,-11.2,30.286,25.943
6lu7_idAADKgen8,-11.2,9.653,4.437
6lu7_idAADKgen8,-11.3,21.042,10.07
6lu7_idAADKgen8,-11.8,4.627,2.616
6lu7_idAADKgen8,-11.8,10.627,3.981
6lu7_idAADKgen8,-12.0,9.208,4.9
6lu7_idAADKgen8,-12.1,2.622,1.723
6lu7_idAADKgen8,-12.6,8.438,4.089
6lu7_idAADKgen8,-13.2,0.0,0.0
6lu7_idAADLgen8,-5.9,2.639,1.684
6lu7_idAADLgen8,-6.0,25.127,21.582
6lu7_idAADLgen8,-6.0,22.278,19.214
6lu7_idAADLgen8,-6.0,36.504,34.247
6lu7_idAADLgen8,-6.0,9.547,2.415
6lu7_idAADLgen8,-6.1,8.187,6.603
6lu7_idAADLgen8,-6.1,35.864,33.669
6lu7_idAADLgen8,-6.2,36.45,34.129
6lu7_idAADLgen8,-6.3,0.0,0.0
6lu7_idAADMgen8,-9.8,15.547,5.861
6lu7_idAADMgen8,-10.1,20.476,18.055
6lu7_idAADMgen8,-10.1,15.639,5.665
6lu7_idAADMgen8,-10.3,15.93,8.854
6lu7_idAADMgen8,-10.3,15.138,7.691
6lu7_idAADMgen8,-10.6,15.911,4.901
6lu7_idAADMgen8,-10.8,14.472,9.174
6lu7_idAADMgen8,-10.8,15.777,9.757
6lu7_idAADMgen8,-11.5,0.0,0.0
6lu7_idAADNgen8,-13.0,11.613,6.146
6lu7_idAADNgen8,-13.1,36.137,34.558
6lu7_idAADNgen8,-13.1,8.548,0.973
6lu7_idAADNgen8,-13.1,8.896,0.976
6lu7_idAADNgen8,-13.3,6.283,2.502
6lu7_idAADNgen8,-13.4,20.314,18.401
6lu7_idAADNgen8,-13.4,2.299,1.143
6lu7_idAADNgen8,-13.4,10.134,2.238
6lu7_idAADNgen8,-13.7,0.0,0.0
6lu7_idAADOgen8,-11.6,7.449,2.609
6lu7_idAADOgen8,-11.6,22.751,18.521
6lu7_idAADOgen8,-11.8,23.77,19.574
6lu7_idAADOgen8,-11.8,8.373,2.941
6lu7_idAADOgen8,-12.1,7.471,1.045
6lu7_idAADOgen8,-12.7,7.676,1.706
6lu7_idAADOgen8,-12.8,7.176,2.888
6lu7_idAADOgen8,-12.9,4.439,2.782
6lu7_idAADOgen8,-13.8,0.0,0.0
6lu7_idAADQgen8,-8.8,24.77,22.02
6lu7_idAADQgen8,-8.9,27.529,23.935
6lu7_idAADQgen8,-9.2,13.022,8.067
6lu7_idAADQgen8,-9.2,9.774,7.289
6lu7_idAADQgen8,-9.3,30.531,26.443
6lu7_idAADQgen8,-9.3,14.556,12.174
6lu7_idAADQgen8,-9.4,11.086,8.526
6lu7_idAADQgen8,-9.5,14.79,11.566
6lu7_idAADQgen8,-9.6,0.0,0.0
6lu7_idAADRgen8,-8.5,19.606,15.612
6lu7_idAADRgen8,-8.5,21.152,14.249
6lu7_idAADRgen8,-8.5,7.282,4.165
6lu7_idAADRgen8,-8.6,28.313,25.595
6lu7_idAADRgen8,-8.8,19.14,14.424
6lu7_idAADRgen8,-8.9,8.119,4.641
6lu7_idAADRgen8,-9.1,0.0,0.0
6lu7_idAADRgen8,-9.1,19.713,16.174
6lu7_idAADRgen8,-9.1,27.339,25.787
6lu7_idAADSgen8,-10.9,9.438,3.446
6lu7_idAADSgen8,-10.9,32.188,31.284
6lu7_idAADSgen8,-10.9,42.475,37.925
6lu7_idAADSgen8,-11.0,10.917,2.205
6lu7_idAADSgen8,-11.3,35.13,30.512
6lu7_idAADSgen8,-11.3,7.109,1.913
6lu7_idAADSgen8,-11.5,8.736,1.674
6lu7_idAADSgen8,-11.7,32.744,31.269
6lu7_idAADSgen8,-12.8,0.0,0.0
6lu7_idAADTgen8,-11.3,39.624,35.38
6lu7_idAADTgen8,-11.3,26.335,20.451
6lu7_idAADTgen8,-11.4,7.151,3.097
6lu7_idAADTgen8,-11.5,4.493,2.366
6lu7_idAADTgen8,-11.5,33.536,28.532
6lu7_idAADTgen8,-12.2,8.108,2.078
6lu7_idAADTgen8,-13.1,2.203,1.431
6lu7_idAADTgen8,-13.1,4.933,3.094
6lu7_idAADTgen8,-13.6,0.0,0.0
6lu7_idAADUgen8,-9.1,6.901,2.688
6lu7_idAADUgen8,-9.2,23.946,19.439
6lu7_idAADUgen8,-9.2,25.555,23.025
6lu7_idAADUgen8,-9.3,23.956,22.543
6lu7_idAADUgen8,-9.7,7.773,2.448
6lu7_idAADUgen8,-9.7,24.202,19.492
6lu7_idAADUgen8,-9.9,6.829,2.646
6lu7_idAADUgen8,-10.0,7.964,3.211
6lu7_idAADUgen8,-10.2,0.0,0.0
6lu7_idAADVgen8,-10.9,32.241,28.773
6lu7_idAADVgen8,-10.9,20.134,17.752
6lu7_idAADVgen8,-11.1,20.776,17.838
6lu7_idAADVgen8,-11.2,9.054,1.755
6lu7_idAADVgen8,-11.2,18.175,16.592
6lu7_idAADVgen8,-11.3,18.991,16.524
6lu7_idAADVgen8,-11.4,25.686,21.739
6lu7_idAADVgen8,-11.5,20.415,17.393
6lu7_idAADVgen8,-11.6,0.0,0.0
6lu7_idAADWgen8,-7.1,35.136,31.723
6lu7_idAADWgen8,-7.1,8.233,2.446
6lu7_idAADWgen8,-7.2,27.397,24.05
6lu7_idAADWgen8,-7.2,4.408,2.491
6lu7_idAADWgen8,-7.3,5.522,3.703
6lu7_idAADWgen8,-7.5,20.944,17.276
6lu7_idAADWgen8,-7.6,2.219,1.743
6lu7_idAADWgen8,-7.7,9.296,2.127
6lu7_idAADWgen8,-8.0,0.0,0.0
6lu7_idAADXgen8,-10.7,25.575,22.499
6lu7_idAADXgen8,-10.8,7.643,4.789
6lu7_idAADXgen8,-10.8,12.429,4.755
6lu7_idAADXgen8,-11.0,2.281,1.795
6lu7_idAADXgen8,-11.2,10.799,2.594
6lu7_idAADXgen8,-11.2,26.496,23.97
6lu7_idAADXgen8,-11.3,40.197,35.908
6lu7_idAADXgen8,-11.4,8.982,2.445
6lu7_idAADXgen8,-11.7,0.0,0.0
6lu7_idAADYgen8,-10.4,30.035,28.835
6lu7_idAADYgen8,-10.4,26.268,22.892
6lu7_idAADYgen8,-10.4,13.54,10.987
6lu7_idAADYgen8,-10.5,7.037,1.67
6lu7_idAADYgen8,-10.5,29.064,25.113
6lu7_idAADYgen8,-10.6,25.223,20.527
6lu7_idAADYgen8,-10.9,11.671,9.124
6lu7_idAADYgen8,-10.9,11.008,8.693
6lu7_idAADYgen8,-10.9,0.0,0.0
