Ligand,Binding Affinity,rmsd/ub, rmsd/lb
6lu7_idAAAAgen2,-7.7,24.072,22.079
6lu7_idAAAAgen2,-7.7,15.481,12.47
6lu7_idAAAAgen2,-7.7,40.52,36.193
6lu7_idAAAAgen2,-8.3,23.537,18.892
6lu7_idAAAAgen2,-8.3,5.505,3.03
6lu7_idAAAAgen2,-8.3,7.236,2.852
6lu7_idAAAAgen2,-8.5,7.29,3.052
6lu7_idAAAAgen2,-8.6,2.869,1.562
6lu7_idAAAAgen2,-9.2,0.0,0.0
6lu7_idAAABgen2,-8.9,25.045,18.339
6lu7_idAAABgen2,-8.9,25.719,20.902
6lu7_idAAABgen2,-9.0,30.012,23.749
6lu7_idAAABgen2,-9.0,30.966,25.514
6lu7_idAAABgen2,-9.1,4.498,2.626
6lu7_idAAABgen2,-9.3,2.19,1.55
6lu7_idAAABgen2,-9.4,26.138,21.148
6lu7_idAAABgen2,-9.7,12.009,4.816
6lu7_idAAABgen2,-9.8,0.0,0.0
6lu7_idAAACgen2,-10.3,33.027,31.503
6lu7_idAAACgen2,-10.3,6.58,2.07
6lu7_idAAACgen2,-10.5,9.11,3.248
6lu7_idAAACgen2,-10.5,9.561,2.018
6lu7_idAAACgen2,-10.6,7.55,1.45
6lu7_idAAACgen2,-10.6,7.225,1.907
6lu7_idAAACgen2,-11.2,6.793,1.705
6lu7_idAAACgen2,-11.4,7.76,1.63
6lu7_idAAACgen2,-11.6,0.0,0.0
6lu7_idAAADgen2,-4.8,5.104,3.293
6lu7_idAAADgen2,-4.9,24.025,21.206
6lu7_idAAADgen2,-4.9,5.148,3.268
6lu7_idAAADgen2,-5.2,6.713,2.111
6lu7_idAAADgen2,-5.3,5.653,3.166
6lu7_idAAADgen2,-5.4,5.135,2.232
6lu7_idAAADgen2,-5.4,33.585,31.426
6lu7_idAAADgen2,-5.5,5.474,2.62
6lu7_idAAADgen2,-5.6,0.0,0.0
6lu7_idAAAEgen2,-9.3,49.8,43.45
6lu7_idAAAEgen2,-9.3,37.028,28.217
6lu7_idAAAEgen2,-9.3,20.646,13.812
6lu7_idAAAEgen2,-9.4,8.86,3.568
6lu7_idAAAEgen2,-9.6,33.036,25.429
6lu7_idAAAEgen2,-9.9,12.623,5.041
6lu7_idAAAEgen2,-10.1,17.311,9.563
6lu7_idAAAEgen2,-10.1,12.934,5.332
6lu7_idAAAEgen2,-10.2,0.0,0.0
6lu7_idAAAFgen2,-5.9,3.787,2.429
6lu7_idAAAFgen2,-5.9,25.948,22.036
6lu7_idAAAFgen2,-6.0,25.291,21.31
6lu7_idAAAFgen2,-6.0,24.528,21.387
6lu7_idAAAFgen2,-6.1,24.25,20.872
6lu7_idAAAFgen2,-6.1,6.467,2.074
6lu7_idAAAFgen2,-6.1,25.024,21.747
6lu7_idAAAFgen2,-6.2,25.283,21.299
6lu7_idAAAFgen2,-6.5,0.0,0.0
6lu7_idAAAGgen2,-7.8,45.806,40.51
6lu7_idAAAGgen2,-7.8,34.101,29.726
6lu7_idAAAGgen2,-7.9,40.213,37.093
6lu7_idAAAGgen2,-7.9,39.941,35.548
6lu7_idAAAGgen2,-8.0,6.822,2.393
6lu7_idAAAGgen2,-8.1,32.186,29.825
6lu7_idAAAGgen2,-8.3,44.561,39.067
6lu7_idAAAGgen2,-8.3,43.474,37.578
6lu7_idAAAGgen2,-8.5,0.0,0.0
6lu7_idAAAHgen2,-7.3,4.395,2.782
6lu7_idAAAHgen2,-7.3,7.132,3.327
6lu7_idAAAHgen2,-7.3,14.018,13.13
6lu7_idAAAHgen2,-7.4,2.542,1.842
6lu7_idAAAHgen2,-7.5,34.892,29.843
6lu7_idAAAHgen2,-7.5,8.551,3.888
6lu7_idAAAHgen2,-7.6,34.152,29.237
6lu7_idAAAHgen2,-7.9,7.195,2.013
6lu7_idAAAHgen2,-8.4,0.0,0.0
6lu7_idAAAIgen2,-9.2,10.826,3.042
6lu7_idAAAIgen2,-9.2,22.332,19.149
6lu7_idAAAIgen2,-9.4,6.049,3.389
6lu7_idAAAIgen2,-9.4,28.935,26.368
6lu7_idAAAIgen2,-9.5,8.69,4.083
6lu7_idAAAIgen2,-9.6,5.35,2.832
6lu7_idAAAIgen2,-9.7,2.665,1.987
6lu7_idAAAIgen2,-10.0,8.785,5.178
6lu7_idAAAIgen2,-10.2,0.0,0.0
6lu7_idAAAJgen2,-6.6,23.227,21.5
6lu7_idAAAJgen2,-6.6,23.643,19.861
6lu7_idAAAJgen2,-6.7,30.438,28.935
6lu7_idAAAJgen2,-6.7,22.363,19.909
6lu7_idAAAJgen2,-6.8,21.647,19.51
6lu7_idAAAJgen2,-6.9,5.193,3.128
6lu7_idAAAJgen2,-7.0,7.332,4.152
6lu7_idAAAJgen2,-7.3,0.0,0.0
6lu7_idAAAJgen2,-7.3,4.179,0.158
6lu7_idAAAKgen2,-9.7,28.275,24.286
6lu7_idAAAKgen2,-9.7,27.081,24.479
6lu7_idAAAKgen2,-9.8,12.229,6.586
6lu7_idAAAKgen2,-9.9,31.865,25.712
6lu7_idAAAKgen2,-10.0,27.726,22.219
6lu7_idAAAKgen2,-10.2,28.402,23.229
6lu7_idAAAKgen2,-10.3,26.366,21.779
6lu7_idAAAKgen2,-10.5,12.409,2.261
6lu7_idAAAKgen2,-11.1,0.0,0.0
6lu7_idAAALgen2,-9.5,15.353,12.721
6lu7_idAAALgen2,-9.5,20.519,16.272
6lu7_idAAALgen2,-9.5,15.646,12.202
6lu7_idAAALgen2,-9.5,14.886,5.336
6lu7_idAAALgen2,-10.0,16.395,12.295
6lu7_idAAALgen2,-10.4,25.203,20.377
6lu7_idAAALgen2,-10.5,17.891,11.84
6lu7_idAAALgen2,-10.7,34.373,29.081
6lu7_idAAALgen2,-11.0,0.0,0.0
6lu7_idAAAMgen2,-9.1,26.956,22.066
6lu7_idAAAMgen2,-9.2,26.968,22.185
6lu7_idAAAMgen2,-9.2,25.625,21.198
6lu7_idAAAMgen2,-9.4,26.657,22.635
6lu7_idAAAMgen2,-9.4,28.527,23.073
6lu7_idAAAMgen2,-9.5,0.0,0.0
6lu7_idAAAMgen2,-9.5,10.954,4.294
6lu7_idAAAMgen2,-9.5,25.82,22.499
6lu7_idAAAMgen2,-9.5,26.607,23.479
6lu7_idAAANgen2,-7.1,7.366,1.957
6lu7_idAAANgen2,-7.1,8.055,3.223
6lu7_idAAANgen2,-7.3,16.355,9.015
6lu7_idAAANgen2,-7.3,18.754,14.446
6lu7_idAAANgen2,-7.3,25.715,20.372
6lu7_idAAANgen2,-7.4,7.348,2.371
6lu7_idAAANgen2,-7.4,31.542,29.96
6lu7_idAAANgen2,-7.7,16.582,10.954
6lu7_idAAANgen2,-8.0,0.0,0.0
6lu7_idAAAOgen2,-7.9,13.158,6.99
6lu7_idAAAOgen2,-8.0,8.824,2.704
6lu7_idAAAOgen2,-8.1,46.185,41.776
6lu7_idAAAOgen2,-8.2,17.568,12.992
6lu7_idAAAOgen2,-8.2,10.595,5.268
6lu7_idAAAOgen2,-8.3,28.283,26.848
6lu7_idAAAOgen2,-8.3,7.506,3.755
6lu7_idAAAOgen2,-8.5,6.232,2.808
6lu7_idAAAOgen2,-8.9,0.0,0.0
6lu7_idAAAPgen2,-5.4,12.356,9.177
6lu7_idAAAPgen2,-5.6,7.102,4.542
6lu7_idAAAPgen2,-5.7,25.763,22.506
6lu7_idAAAPgen2,-5.8,24.654,21.513
6lu7_idAAAPgen2,-6.0,5.84,3.462
6lu7_idAAAPgen2,-6.0,5.857,3.916
6lu7_idAAAPgen2,-6.0,6.778,2.362
6lu7_idAAAPgen2,-6.1,5.753,3.8
6lu7_idAAAPgen2,-6.3,0.0,0.0
6lu7_idAAAQgen2,-9.3,8.385,3.689
6lu7_idAAAQgen2,-9.4,2.72,2.039
6lu7_idAAAQgen2,-9.4,8.971,3.139
6lu7_idAAAQgen2,-9.5,2.01,1.505
6lu7_idAAAQgen2,-9.6,9.95,4.027
6lu7_idAAAQgen2,-9.8,2.071,1.298
6lu7_idAAAQgen2,-9.8,7.559,3.759
6lu7_idAAAQgen2,-10.2,8.736,4.022
6lu7_idAAAQgen2,-10.5,0.0,0.0
6lu7_idAAARgen2,-5.7,34.606,32.09
6lu7_idAAARgen2,-5.7,34.194,31.162
6lu7_idAAARgen2,-5.8,16.601,13.908
6lu7_idAAARgen2,-5.8,26.237,24.219
6lu7_idAAARgen2,-5.9,26.464,24.283
6lu7_idAAARgen2,-5.9,27.146,24.604
6lu7_idAAARgen2,-6.0,0.0,0.0
6lu7_idAAARgen2,-6.0,3.667,1.213
6lu7_idAAARgen2,-6.0,26.846,24.236
6lu7_idAAASgen2,-7.9,25.219,20.132
6lu7_idAAASgen2,-7.9,7.704,3.326
6lu7_idAAASgen2,-7.9,9.814,3.798
6lu7_idAAASgen2,-8.2,24.234,20.945
6lu7_idAAASgen2,-8.3,23.716,19.841
6lu7_idAAASgen2,-8.4,2.245,1.56
6lu7_idAAASgen2,-8.4,25.079,22.496
6lu7_idAAASgen2,-8.7,0.0,0.0
6lu7_idAAASgen2,-8.7,24.198,20.149
6lu7_idAAATgen2,-7.9,12.015,3.819
6lu7_idAAATgen2,-8.0,8.203,4.086
6lu7_idAAATgen2,-8.0,22.795,19.92
6lu7_idAAATgen2,-8.3,22.074,19.18
6lu7_idAAATgen2,-8.3,21.683,18.994
6lu7_idAAATgen2,-8.3,24.885,23.231
6lu7_idAAATgen2,-8.4,7.208,4.192
6lu7_idAAATgen2,-8.8,0.0,0.0
6lu7_idAAATgen2,-8.8,4.561,1.812
6lu7_idAAAUgen2,-9.9,34.527,29.559
6lu7_idAAAUgen2,-10.1,41.99,37.765
6lu7_idAAAUgen2,-10.2,43.219,38.929
6lu7_idAAAUgen2,-10.4,41.028,36.384
6lu7_idAAAUgen2,-10.4,42.054,37.57
6lu7_idAAAUgen2,-10.5,13.807,7.538
6lu7_idAAAUgen2,-10.6,30.129,24.852
6lu7_idAAAUgen2,-10.7,32.7,27.7
6lu7_idAAAUgen2,-10.8,0.0,0.0
6lu7_idAAAVgen2,-6.3,23.359,21.959
6lu7_idAAAVgen2,-6.3,4.424,2.469
6lu7_idAAAVgen2,-6.4,40.839,38.022
6lu7_idAAAVgen2,-6.4,3.74,1.78
6lu7_idAAAVgen2,-6.5,24.672,22.554
6lu7_idAAAVgen2,-6.5,16.315,14.502
6lu7_idAAAVgen2,-6.5,4.424,2.545
6lu7_idAAAVgen2,-6.6,25.118,23.019
6lu7_idAAAVgen2,-6.8,0.0,0.0
6lu7_idAAAWgen2,-4.7,30.418,28.52
6lu7_idAAAWgen2,-4.7,5.979,3.16
6lu7_idAAAWgen2,-4.8,28.306,26.009
6lu7_idAAAWgen2,-4.8,23.198,20.735
6lu7_idAAAWgen2,-4.9,36.39,33.122
6lu7_idAAAWgen2,-4.9,6.905,4.357
6lu7_idAAAWgen2,-4.9,36.367,34.018
6lu7_idAAAWgen2,-5.0,36.343,33.4
6lu7_idAAAWgen2,-5.3,0.0,0.0
6lu7_idAAAXgen2,-7.4,6.247,3.797
6lu7_idAAAXgen2,-7.4,6.352,3.334
6lu7_idAAAXgen2,-7.5,6.151,3.167
6lu7_idAAAXgen2,-7.6,2.084,1.39
6lu7_idAAAXgen2,-7.6,25.006,20.236
6lu7_idAAAXgen2,-7.7,25.201,20.767
6lu7_idAAAXgen2,-7.9,7.516,1.59
6lu7_idAAAXgen2,-7.9,10.87,4.652
6lu7_idAAAXgen2,-8.0,0.0,0.0
6lu7_idAAAYgen2,-8.2,32.162,28.679
6lu7_idAAAYgen2,-8.3,25.604,20.468
6lu7_idAAAYgen2,-8.4,29.208,24.355
6lu7_idAAAYgen2,-8.4,27.028,24.073
6lu7_idAAAYgen2,-8.4,32.474,29.475
6lu7_idAAAYgen2,-8.4,32.145,27.685
6lu7_idAAAYgen2,-8.6,37.233,30.217
6lu7_idAAAYgen2,-8.6,29.258,23.624
6lu7_idAAAYgen2,-9.1,0.0,0.0
6lu7_idAAAZgen2,-5.2,2.36,1.594
6lu7_idAAAZgen2,-5.2,3.463,1.627
6lu7_idAAAZgen2,-5.3,26.529,22.302
6lu7_idAAAZgen2,-5.4,28.55,23.449
6lu7_idAAAZgen2,-5.6,4.05,2.761
6lu7_idAAAZgen2,-5.8,3.839,2.374
6lu7_idAAAZgen2,-5.8,7.33,3.037
6lu7_idAAAZgen2,-5.9,4.302,2.709
6lu7_idAAAZgen2,-6.1,0.0,0.0
6lu7_idAABAgen2,-8.9,24.522,18.887
6lu7_idAABAgen2,-9.0,22.489,15.593
6lu7_idAABAgen2,-9.1,30.44,26.669
6lu7_idAABAgen2,-9.2,20.718,15.517
6lu7_idAABAgen2,-9.2,5.578,3.229
6lu7_idAABAgen2,-9.2,26.568,21.389
6lu7_idAABAgen2,-9.4,16.746,11.726
6lu7_idAABAgen2,-9.5,32.067,26.827
6lu7_idAABAgen2,-10.0,0.0,0.0
6lu7_idAABBgen2,-9.7,44.141,39.336
6lu7_idAABBgen2,-9.7,7.425,2.223
6lu7_idAABBgen2,-10.0,8.345,3.804
6lu7_idAABBgen2,-10.3,9.223,3.574
6lu7_idAABBgen2,-10.5,6.063,3.536
6lu7_idAABBgen2,-10.5,8.708,3.789
6lu7_idAABBgen2,-10.6,9.435,4.56
6lu7_idAABBgen2,-10.9,7.187,2.631
6lu7_idAABBgen2,-11.0,0.0,0.0
6lu7_idAABCgen2,-6.2,8.222,4.675
6lu7_idAABCgen2,-6.3,7.142,5.946
6lu7_idAABCgen2,-6.4,6.823,3.529
6lu7_idAABCgen2,-6.5,3.91,2.393
6lu7_idAABCgen2,-6.7,2.534,1.116
6lu7_idAABCgen2,-6.7,3.803,2.154
6lu7_idAABCgen2,-7.0,3.735,2.308
6lu7_idAABCgen2,-7.1,2.633,1.455
6lu7_idAABCgen2,-7.3,0.0,0.0
6lu7_idAABDgen2,-7.3,25.067,21.894
6lu7_idAABDgen2,-7.4,10.213,4.265
6lu7_idAABDgen2,-7.5,18.394,16.6
6lu7_idAABDgen2,-7.6,24.196,20.897
6lu7_idAABDgen2,-7.6,34.031,31.157
6lu7_idAABDgen2,-7.6,11.566,4.957
6lu7_idAABDgen2,-7.6,22.135,18.89
6lu7_idAABDgen2,-7.6,20.201,17.506
6lu7_idAABDgen2,-8.2,0.0,0.0
6lu7_idAABEgen2,-9.4,21.443,18.951
6lu7_idAABEgen2,-9.4,31.206,26.807
6lu7_idAABEgen2,-9.5,30.588,25.565
6lu7_idAABEgen2,-9.6,12.101,7.109
6lu7_idAABEgen2,-9.9,28.666,23.807
6lu7_idAABEgen2,-10.0,32.97,31.48
6lu7_idAABEgen2,-10.0,15.483,8.044
6lu7_idAABEgen2,-10.0,41.996,40.421
6lu7_idAABEgen2,-11.1,0.0,0.0
6lu7_idAABFgen2,-5.0,19.531,16.07
6lu7_idAABFgen2,-5.0,35.577,33.203
6lu7_idAABFgen2,-5.2,35.555,33.208
6lu7_idAABFgen2,-5.2,18.984,15.592
6lu7_idAABFgen2,-5.3,34.415,32.088
6lu7_idAABFgen2,-5.3,35.588,33.512
6lu7_idAABFgen2,-5.3,5.738,2.106
6lu7_idAABFgen2,-5.3,34.345,32.208
6lu7_idAABFgen2,-5.6,0.0,0.0
6lu7_idAABGgen2,-9.1,11.524,2.896
6lu7_idAABGgen2,-9.1,11.927,3.336
6lu7_idAABGgen2,-9.3,9.385,3.412
6lu7_idAABGgen2,-9.4,8.414,2.757
6lu7_idAABGgen2,-9.5,36.971,32.086
6lu7_idAABGgen2,-9.5,7.838,2.421
6lu7_idAABGgen2,-9.6,36.788,31.891
6lu7_idAABGgen2,-10.2,7.947,2.301
6lu7_idAABGgen2,-10.5,0.0,0.0
6lu7_idAABHgen2,-8.2,7.773,3.353
6lu7_idAABHgen2,-8.3,8.159,3.572
6lu7_idAABHgen2,-8.3,2.049,1.648
6lu7_idAABHgen2,-8.4,15.631,9.146
6lu7_idAABHgen2,-8.4,7.197,3.315
6lu7_idAABHgen2,-8.6,6.805,2.658
6lu7_idAABHgen2,-8.8,7.251,2.637
6lu7_idAABHgen2,-9.0,7.704,2.718
6lu7_idAABHgen2,-9.8,0.0,0.0
6lu7_idAABIgen2,-8.9,18.065,11.469
6lu7_idAABIgen2,-9.0,13.716,12.395
6lu7_idAABIgen2,-9.0,15.281,12.41
6lu7_idAABIgen2,-9.2,18.755,9.181
6lu7_idAABIgen2,-9.3,15.776,12.667
6lu7_idAABIgen2,-9.5,17.562,13.79
6lu7_idAABIgen2,-9.5,17.088,13.724
6lu7_idAABIgen2,-9.6,0.0,0.0
6lu7_idAABIgen2,-9.6,16.983,13.476
6lu7_idAABKgen2,-6.6,34.049,29.222
6lu7_idAABKgen2,-6.6,24.577,22.09
6lu7_idAABKgen2,-6.6,6.904,2.211
6lu7_idAABKgen2,-6.7,19.108,16.774
6lu7_idAABKgen2,-6.7,20.377,16.248
6lu7_idAABKgen2,-6.7,25.954,21.962
6lu7_idAABKgen2,-6.8,7.316,1.758
6lu7_idAABKgen2,-7.3,2.485,1.647
6lu7_idAABKgen2,-7.5,0.0,0.0
6lu7_idAABLgen2,-8.3,24.549,20.608
6lu7_idAABLgen2,-8.4,15.364,13.403
6lu7_idAABLgen2,-8.4,15.74,13.438
6lu7_idAABLgen2,-8.4,5.849,3.917
6lu7_idAABLgen2,-8.5,23.623,19.718
6lu7_idAABLgen2,-8.5,7.048,3.087
6lu7_idAABLgen2,-8.5,23.583,19.629
6lu7_idAABLgen2,-8.9,5.504,3.142
6lu7_idAABLgen2,-9.9,0.0,0.0
6lu7_idAABMgen2,-5.8,31.647,28.065
6lu7_idAABMgen2,-5.8,31.308,27.371
6lu7_idAABMgen2,-5.9,30.442,26.038
6lu7_idAABMgen2,-5.9,20.135,16.35
6lu7_idAABMgen2,-6.0,32.155,27.964
6lu7_idAABMgen2,-6.0,20.945,17.405
6lu7_idAABMgen2,-6.1,2.264,1.504
6lu7_idAABMgen2,-6.1,34.453,30.621
6lu7_idAABMgen2,-6.3,0.0,0.0
6lu7_idAABOgen2,-6.2,33.848,29.321
6lu7_idAABOgen2,-6.3,33.76,28.93
6lu7_idAABOgen2,-6.3,18.636,16.143
6lu7_idAABOgen2,-6.3,8.124,2.394
6lu7_idAABOgen2,-6.5,5.042,3.147
6lu7_idAABOgen2,-6.7,3.887,2.833
6lu7_idAABOgen2,-7.1,2.806,1.651
6lu7_idAABOgen2,-7.1,8.271,3.097
6lu7_idAABOgen2,-7.4,0.0,0.0
6lu7_idAABPgen2,-5.1,26.92,24.392
6lu7_idAABPgen2,-5.2,34.916,33.157
6lu7_idAABPgen2,-5.2,4.951,2.153
6lu7_idAABPgen2,-5.5,24.516,21.617
6lu7_idAABPgen2,-5.5,24.581,21.759
6lu7_idAABPgen2,-5.6,4.865,2.145
6lu7_idAABPgen2,-5.7,1.907,1.454
6lu7_idAABPgen2,-5.9,2.271,1.755
6lu7_idAABPgen2,-6.0,0.0,0.0
6lu7_idAABQgen2,-8.7,27.329,23.411
6lu7_idAABQgen2,-8.9,29.401,26.125
6lu7_idAABQgen2,-8.9,27.036,24.106
6lu7_idAABQgen2,-9.1,27.51,25.709
6lu7_idAABQgen2,-9.2,26.324,24.526
6lu7_idAABQgen2,-9.2,26.363,20.968
6lu7_idAABQgen2,-9.2,31.061,27.694
6lu7_idAABQgen2,-9.5,12.637,7.354
6lu7_idAABQgen2,-9.7,0.0,0.0
6lu7_idAABRgen2,-8.5,20.683,15.592
6lu7_idAABRgen2,-8.5,30.34,25.166
6lu7_idAABRgen2,-8.6,26.345,19.269
6lu7_idAABRgen2,-8.7,14.719,4.926
6lu7_idAABRgen2,-8.8,24.766,18.129
6lu7_idAABRgen2,-8.8,24.233,18.611
6lu7_idAABRgen2,-8.9,27.77,22.104
6lu7_idAABRgen2,-9.1,13.951,4.966
6lu7_idAABRgen2,-9.2,0.0,0.0
6lu7_idAABSgen2,-6.8,26.277,22.973
6lu7_idAABSgen2,-6.8,14.064,12.605
6lu7_idAABSgen2,-6.9,25.676,22.149
6lu7_idAABSgen2,-6.9,25.416,23.447
6lu7_idAABSgen2,-7.0,6.967,3.015
6lu7_idAABSgen2,-7.0,25.795,22.585
6lu7_idAABSgen2,-7.1,42.317,38.439
6lu7_idAABSgen2,-7.5,4.029,1.678
6lu7_idAABSgen2,-7.6,0.0,0.0
6lu7_idAABTgen2,-8.9,25.402,20.672
6lu7_idAABTgen2,-9.0,24.36,21.774
6lu7_idAABTgen2,-9.1,2.468,1.812
6lu7_idAABTgen2,-9.1,8.467,3.447
6lu7_idAABTgen2,-9.1,21.742,18.97
6lu7_idAABTgen2,-9.2,15.291,13.333
6lu7_idAABTgen2,-9.6,2.906,2.01
6lu7_idAABTgen2,-9.9,39.052,37.208
6lu7_idAABTgen2,-10.0,0.0,0.0
6lu7_idAABUgen2,-9.5,19.299,14.283
6lu7_idAABUgen2,-9.5,29.792,25.58
6lu7_idAABUgen2,-9.6,21.342,18.663
6lu7_idAABUgen2,-9.6,34.122,30.811
6lu7_idAABUgen2,-9.6,34.273,31.118
6lu7_idAABUgen2,-9.7,19.718,13.966
6lu7_idAABUgen2,-9.9,8.682,3.299
6lu7_idAABUgen2,-10.0,23.824,17.299
6lu7_idAABUgen2,-10.1,0.0,0.0
6lu7_idAABVgen2,-6.7,22.504,19.019
6lu7_idAABVgen2,-6.7,22.024,19.76
6lu7_idAABVgen2,-6.7,8.492,5.851
6lu7_idAABVgen2,-6.7,24.759,19.791
6lu7_idAABVgen2,-6.8,22.383,20.298
6lu7_idAABVgen2,-6.9,22.764,20.353
6lu7_idAABVgen2,-7.0,31.511,27.898
6lu7_idAABVgen2,-7.1,0.0,0.0
6lu7_idAABVgen2,-7.1,22.503,19.454
6lu7_idAABWgen2,-7.2,26.457,23.438
6lu7_idAABWgen2,-7.2,24.382,20.804
6lu7_idAABWgen2,-7.3,24.232,20.67
6lu7_idAABWgen2,-7.3,27.294,24.299
6lu7_idAABWgen2,-7.3,2.083,1.002
6lu7_idAABWgen2,-7.3,4.149,3.17
6lu7_idAABWgen2,-7.3,3.994,2.753
6lu7_idAABWgen2,-7.3,25.808,23.399
6lu7_idAABWgen2,-8.2,0.0,0.0
6lu7_idAABXgen2,-6.0,27.651,25.193
6lu7_idAABXgen2,-6.0,27.57,24.994
6lu7_idAABXgen2,-6.1,5.043,2.741
6lu7_idAABXgen2,-6.2,3.591,1.538
6lu7_idAABXgen2,-6.3,27.151,25.037
6lu7_idAABXgen2,-6.4,34.794,32.301
6lu7_idAABXgen2,-7.0,27.311,24.152
6lu7_idAABXgen2,-7.1,5.577,2.225
6lu7_idAABXgen2,-7.4,0.0,0.0
6lu7_idAABYgen2,-8.8,7.746,2.64
6lu7_idAABYgen2,-8.8,8.083,2.605
6lu7_idAABYgen2,-8.9,8.078,2.656
6lu7_idAABYgen2,-9.0,7.298,2.495
6lu7_idAABYgen2,-9.1,31.233,29.328
6lu7_idAABYgen2,-9.4,7.126,2.323
6lu7_idAABYgen2,-9.4,8.237,2.85
6lu7_idAABYgen2,-9.7,7.566,2.726
6lu7_idAABYgen2,-10.3,0.0,0.0
6lu7_idAABZgen2,-6.8,38.662,35.656
6lu7_idAABZgen2,-7.1,34.642,29.987
6lu7_idAABZgen2,-7.4,13.875,11.666
6lu7_idAABZgen2,-7.4,2.67,2.286
6lu7_idAABZgen2,-7.6,8.986,3.116
6lu7_idAABZgen2,-7.7,3.838,2.505
6lu7_idAABZgen2,-7.7,34.592,30.833
6lu7_idAABZgen2,-8.0,0.0,0.0
6lu7_idAABZgen2,-8.0,4.732,2.933
6lu7_idAACAgen2,-7.0,7.001,3.448
6lu7_idAACAgen2,-7.0,6.504,3.805
6lu7_idAACAgen2,-7.0,5.746,3.031
6lu7_idAACAgen2,-7.0,6.581,3.386
6lu7_idAACAgen2,-7.1,3.53,2.525
6lu7_idAACAgen2,-7.2,5.468,3.066
6lu7_idAACAgen2,-7.3,5.768,3.139
6lu7_idAACAgen2,-7.6,8.444,3.814
6lu7_idAACAgen2,-7.7,0.0,0.0
6lu7_idAACBgen2,-8.1,2.165,0.983
6lu7_idAACBgen2,-8.2,20.63,16.146
6lu7_idAACBgen2,-8.3,25.252,20.4
6lu7_idAACBgen2,-8.4,7.614,3.071
6lu7_idAACBgen2,-8.4,23.066,21.125
6lu7_idAACBgen2,-8.5,24.879,20.172
6lu7_idAACBgen2,-8.5,5.604,2.301
6lu7_idAACBgen2,-8.8,25.092,20.197
6lu7_idAACBgen2,-9.2,0.0,0.0
6lu7_idAACCgen2,-8.6,49.009,42.535
6lu7_idAACCgen2,-8.7,36.67,34.118
6lu7_idAACCgen2,-8.8,33.16,26.3
6lu7_idAACCgen2,-8.9,37.664,35.635
6lu7_idAACCgen2,-9.0,47.528,45.39
6lu7_idAACCgen2,-9.1,35.554,31.005
6lu7_idAACCgen2,-9.3,34.441,29.435
6lu7_idAACCgen2,-9.6,0.0,0.0
6lu7_idAACCgen2,-9.6,32.315,27.44
6lu7_idAACDgen2,-8.0,22.064,19.826
6lu7_idAACDgen2,-8.2,6.216,3.715
6lu7_idAACDgen2,-8.3,22.865,20.335
6lu7_idAACDgen2,-8.3,23.882,21.146
6lu7_idAACDgen2,-8.4,6.492,3.184
6lu7_idAACDgen2,-8.4,24.475,21.58
6lu7_idAACDgen2,-8.5,25.78,22.591
6lu7_idAACDgen2,-8.6,23.393,20.909
6lu7_idAACDgen2,-9.1,0.0,0.0
6lu7_idAACEgen2,-8.8,25.079,19.912
6lu7_idAACEgen2,-9.0,23.675,20.113
6lu7_idAACEgen2,-9.1,24.013,22.387
6lu7_idAACEgen2,-9.2,25.195,21.886
6lu7_idAACEgen2,-9.3,23.223,19.544
6lu7_idAACEgen2,-9.8,7.555,3.175
6lu7_idAACEgen2,-10.0,8.11,3.641
6lu7_idAACEgen2,-10.1,1.619,1.276
6lu7_idAACEgen2,-10.5,0.0,0.0
6lu7_idAACFgen2,-6.1,30.374,27.551
6lu7_idAACFgen2,-6.1,19.98,18.416
6lu7_idAACFgen2,-6.3,6.864,2.926
6lu7_idAACFgen2,-6.3,8.268,3.789
6lu7_idAACFgen2,-6.4,23.047,20.709
6lu7_idAACFgen2,-6.4,6.127,2.507
6lu7_idAACFgen2,-6.4,25.029,21.547
6lu7_idAACFgen2,-6.8,24.517,21.729
6lu7_idAACFgen2,-7.2,0.0,0.0
6lu7_idAACGgen2,-6.6,8.042,3.352
6lu7_idAACGgen2,-6.6,7.724,3.125
6lu7_idAACGgen2,-6.7,3.297,2.183
6lu7_idAACGgen2,-6.7,24.164,22.183
6lu7_idAACGgen2,-6.7,37.672,33.25
6lu7_idAACGgen2,-7.1,7.589,3.066
6lu7_idAACGgen2,-7.1,7.973,3.538
6lu7_idAACGgen2,-7.3,23.651,19.983
6lu7_idAACGgen2,-7.4,0.0,0.0
6lu7_idAACHgen2,-9.0,13.865,8.048
6lu7_idAACHgen2,-9.1,20.591,17.259
6lu7_idAACHgen2,-9.1,24.858,19.972
6lu7_idAACHgen2,-9.3,3.168,2.361
6lu7_idAACHgen2,-9.4,24.696,19.385
6lu7_idAACHgen2,-9.4,11.909,3.686
6lu7_idAACHgen2,-9.4,8.789,4.146
6lu7_idAACHgen2,-9.5,9.879,3.883
6lu7_idAACHgen2,-10.2,0.0,0.0
6lu7_idAACIgen2,-4.9,34.93,31.82
6lu7_idAACIgen2,-5.0,34.246,30.96
6lu7_idAACIgen2,-5.1,2.984,1.612
6lu7_idAACIgen2,-5.2,2.703,1.197
6lu7_idAACIgen2,-5.3,34.448,31.117
6lu7_idAACIgen2,-5.3,34.199,31.018
6lu7_idAACIgen2,-5.3,3.342,1.91
6lu7_idAACIgen2,-5.4,2.215,1.351
6lu7_idAACIgen2,-6.3,0.0,0.0
6lu7_idAACJgen2,-7.2,12.554,5.209
6lu7_idAACJgen2,-7.3,7.385,4.946
6lu7_idAACJgen2,-7.3,26.92,22.821
6lu7_idAACJgen2,-7.4,26.5,22.123
6lu7_idAACJgen2,-7.6,24.075,19.795
6lu7_idAACJgen2,-7.7,8.896,5.123
6lu7_idAACJgen2,-8.1,7.593,2.873
6lu7_idAACJgen2,-8.2,9.922,2.142
6lu7_idAACJgen2,-8.3,0.0,0.0
6lu7_idAACKgen2,-7.7,42.234,36.539
6lu7_idAACKgen2,-7.7,41.155,35.428
6lu7_idAACKgen2,-7.7,43.179,36.633
6lu7_idAACKgen2,-7.8,43.056,36.931
6lu7_idAACKgen2,-7.9,28.487,21.684
6lu7_idAACKgen2,-8.0,24.185,15.396
6lu7_idAACKgen2,-8.0,28.521,21.496
6lu7_idAACKgen2,-8.1,41.379,35.711
6lu7_idAACKgen2,-8.4,0.0,0.0
6lu7_idAACLgen2,-9.9,32.291,29.6
6lu7_idAACLgen2,-9.9,32.439,29.727
6lu7_idAACLgen2,-10.2,33.696,30.354
6lu7_idAACLgen2,-10.2,32.858,30.406
6lu7_idAACLgen2,-10.2,25.438,20.784
6lu7_idAACLgen2,-10.4,3.33,1.748
6lu7_idAACLgen2,-10.4,37.067,33.135
6lu7_idAACLgen2,-10.5,12.785,1.795
6lu7_idAACLgen2,-11.6,0.0,0.0
6lu7_idAACMgen2,-7.0,21.534,18.253
6lu7_idAACMgen2,-7.0,16.197,13.591
6lu7_idAACMgen2,-7.1,21.675,18.404
6lu7_idAACMgen2,-7.3,21.68,18.44
6lu7_idAACMgen2,-7.5,7.496,2.421
6lu7_idAACMgen2,-7.5,2.054,1.439
6lu7_idAACMgen2,-7.5,8.006,2.209
6lu7_idAACMgen2,-7.6,7.958,2.186
6lu7_idAACMgen2,-7.7,0.0,0.0
6lu7_idAACNgen2,-7.7,26.59,24.424
6lu7_idAACNgen2,-7.8,4.639,2.689
6lu7_idAACNgen2,-7.8,25.423,20.265
6lu7_idAACNgen2,-7.9,30.022,26.386
6lu7_idAACNgen2,-7.9,25.086,22.247
6lu7_idAACNgen2,-8.1,31.153,29.042
6lu7_idAACNgen2,-8.2,24.057,21.541
6lu7_idAACNgen2,-8.3,35.601,31.291
6lu7_idAACNgen2,-8.4,0.0,0.0
6lu7_idAACOgen2,-9.7,10.809,2.818
6lu7_idAACOgen2,-9.7,11.763,5.129
6lu7_idAACOgen2,-9.8,10.92,3.691
6lu7_idAACOgen2,-9.8,30.717,26.667
6lu7_idAACOgen2,-10.0,9.474,4.493
6lu7_idAACOgen2,-10.1,10.653,2.791
6lu7_idAACOgen2,-10.6,10.522,2.512
6lu7_idAACOgen2,-10.7,0.0,0.0
6lu7_idAACOgen2,-10.7,10.007,5.144
6lu7_idAACPgen2,-6.9,2.221,1.772
6lu7_idAACPgen2,-6.9,28.317,24.649
6lu7_idAACPgen2,-7.0,27.549,23.805
6lu7_idAACPgen2,-7.0,24.766,19.751
6lu7_idAACPgen2,-7.0,5.012,2.313
6lu7_idAACPgen2,-7.1,23.297,19.975
6lu7_idAACPgen2,-7.2,23.901,19.566
6lu7_idAACPgen2,-7.5,0.0,0.0
6lu7_idAACPgen2,-7.5,23.05,18.902
6lu7_idAACQgen2,-8.9,23.371,19.86
6lu7_idAACQgen2,-8.9,31.142,26.781
6lu7_idAACQgen2,-8.9,40.016,34.343
6lu7_idAACQgen2,-8.9,29.695,22.157
6lu7_idAACQgen2,-9.1,36.703,31.214
6lu7_idAACQgen2,-9.2,26.544,19.523
6lu7_idAACQgen2,-9.3,42.441,36.972
6lu7_idAACQgen2,-9.4,12.702,8.888
6lu7_idAACQgen2,-10.6,0.0,0.0
6lu7_idAACRgen2,-5.2,35.355,32.218
6lu7_idAACRgen2,-5.3,27.211,23.831
6lu7_idAACRgen2,-5.4,25.632,22.373
6lu7_idAACRgen2,-5.4,34.048,32.294
6lu7_idAACRgen2,-5.6,4.936,1.529
6lu7_idAACRgen2,-5.6,5.064,1.615
6lu7_idAACRgen2,-5.8,25.799,21.504
6lu7_idAACRgen2,-6.1,7.026,2.746
6lu7_idAACRgen2,-6.6,0.0,0.0
6lu7_idAACSgen2,-8.8,34.147,29.694
6lu7_idAACSgen2,-8.8,32.941,26.987
6lu7_idAACSgen2,-8.9,26.396,20.189
6lu7_idAACSgen2,-8.9,39.876,37.717
6lu7_idAACSgen2,-9.0,34.026,29.724
6lu7_idAACSgen2,-9.2,28.946,25.857
6lu7_idAACSgen2,-9.3,28.38,26.385
6lu7_idAACSgen2,-9.6,0.0,0.0
6lu7_idAACSgen2,-9.6,33.238,29.803
6lu7_idAACTgen2,-7.1,26.436,20.835
6lu7_idAACTgen2,-7.3,2.978,1.593
6lu7_idAACTgen2,-7.3,25.218,20.883
6lu7_idAACTgen2,-7.3,3.099,1.796
6lu7_idAACTgen2,-7.4,26.107,20.755
6lu7_idAACTgen2,-7.4,25.955,20.735
6lu7_idAACTgen2,-7.5,26.321,21.101
6lu7_idAACTgen2,-7.6,2.2,1.11
6lu7_idAACTgen2,-7.8,0.0,0.0
6lu7_idAACUgen2,-5.3,27.276,24.663
6lu7_idAACUgen2,-5.3,7.474,5.211
6lu7_idAACUgen2,-5.4,35.605,32.407
6lu7_idAACUgen2,-5.4,7.678,5.912
6lu7_idAACUgen2,-5.4,34.766,32.909
6lu7_idAACUgen2,-5.7,35.306,32.233
6lu7_idAACUgen2,-5.7,34.708,32.008
6lu7_idAACUgen2,-5.8,5.461,2.401
6lu7_idAACUgen2,-6.6,0.0,0.0
6lu7_idAACVgen2,-6.8,8.088,1.982
6lu7_idAACVgen2,-6.9,24.418,19.569
6lu7_idAACVgen2,-6.9,25.225,22.168
6lu7_idAACVgen2,-7.0,21.544,18.923
6lu7_idAACVgen2,-7.1,23.489,19.448
6lu7_idAACVgen2,-7.2,10.008,4.523
6lu7_idAACVgen2,-7.2,6.603,1.934
6lu7_idAACVgen2,-7.6,5.63,1.48
6lu7_idAACVgen2,-7.8,0.0,0.0
6lu7_idAACWgen2,-6.7,27.099,24.167
6lu7_idAACWgen2,-6.9,23.2,17.942
6lu7_idAACWgen2,-6.9,7.932,2.231
6lu7_idAACWgen2,-7.2,18.518,15.939
6lu7_idAACWgen2,-7.2,26.583,23.762
6lu7_idAACWgen2,-7.2,7.632,2.55
6lu7_idAACWgen2,-7.4,38.734,36.538
6lu7_idAACWgen2,-7.5,23.443,20.057
6lu7_idAACWgen2,-7.9,0.0,0.0
6lu7_idAACXgen2,-6.5,22.878,20.254
6lu7_idAACXgen2,-6.5,22.727,19.85
6lu7_idAACXgen2,-6.5,8.571,3.272
6lu7_idAACXgen2,-6.6,22.843,19.888
6lu7_idAACXgen2,-6.6,23.072,20.018
6lu7_idAACXgen2,-6.9,22.62,20.053
6lu7_idAACXgen2,-7.0,22.655,19.924
6lu7_idAACXgen2,-7.0,22.135,19.91
6lu7_idAACXgen2,-7.1,0.0,0.0
6lu7_idAACYgen2,-4.3,30.03,28.773
6lu7_idAACYgen2,-4.4,4.014,1.669
6lu7_idAACYgen2,-4.4,30.214,28.941
6lu7_idAACYgen2,-4.5,23.704,20.882
6lu7_idAACYgen2,-4.5,25.995,23.309
6lu7_idAACYgen2,-4.5,23.707,20.889
6lu7_idAACYgen2,-4.7,2.348,1.601
6lu7_idAACYgen2,-5.0,6.0,2.607
6lu7_idAACYgen2,-5.3,0.0,0.0
6lu7_idAACZgen2,-8.1,26.025,19.175
6lu7_idAACZgen2,-8.2,9.094,4.062
6lu7_idAACZgen2,-8.2,27.477,23.156
6lu7_idAACZgen2,-8.2,30.323,25.264
6lu7_idAACZgen2,-8.4,8.645,3.18
6lu7_idAACZgen2,-8.5,14.029,7.189
6lu7_idAACZgen2,-8.5,8.315,3.277
6lu7_idAACZgen2,-8.9,30.563,25.319
6lu7_idAACZgen2,-9.1,0.0,0.0
6lu7_idAADAgen2,-7.6,8.969,3.734
6lu7_idAADAgen2,-7.8,28.273,23.768
6lu7_idAADAgen2,-7.9,2.375,1.76
6lu7_idAADAgen2,-8.0,7.505,2.264
6lu7_idAADAgen2,-8.1,34.023,29.139
6lu7_idAADAgen2,-8.2,6.812,2.211
6lu7_idAADAgen2,-8.3,32.181,29.787
6lu7_idAADAgen2,-8.5,44.519,39.296
6lu7_idAADAgen2,-8.7,0.0,0.0
6lu7_idAADBgen2,-5.4,5.777,3.181
6lu7_idAADBgen2,-5.5,5.861,3.327
6lu7_idAADBgen2,-5.6,5.024,2.586
6lu7_idAADBgen2,-5.7,6.204,3.132
6lu7_idAADBgen2,-5.8,34.988,31.716
6lu7_idAADBgen2,-6.0,34.456,31.544
6lu7_idAADBgen2,-6.1,0.0,0.0
6lu7_idAADBgen2,-6.1,4.571,2.507
6lu7_idAADBgen2,-6.1,6.112,2.994
6lu7_idAADCgen2,-9.2,7.495,2.944
6lu7_idAADCgen2,-9.3,9.022,3.523
6lu7_idAADCgen2,-9.3,3.038,2.509
6lu7_idAADCgen2,-9.3,23.224,19.588
6lu7_idAADCgen2,-9.5,23.207,19.458
6lu7_idAADCgen2,-9.8,3.424,2.567
6lu7_idAADCgen2,-9.9,8.379,3.022
6lu7_idAADCgen2,-10.1,6.605,3.287
6lu7_idAADCgen2,-10.4,0.0,0.0
6lu7_idAADDgen2,-8.6,23.388,15.037
6lu7_idAADDgen2,-8.6,30.178,25.951
6lu7_idAADDgen2,-8.6,31.771,29.896
6lu7_idAADDgen2,-8.7,19.527,12.028
6lu7_idAADDgen2,-8.7,20.074,15.956
6lu7_idAADDgen2,-8.8,30.552,27.24
6lu7_idAADDgen2,-8.9,30.17,27.388
6lu7_idAADDgen2,-9.3,0.0,0.0
6lu7_idAADDgen2,-9.3,18.011,11.421
6lu7_idAADEgen2,-9.2,7.837,2.073
6lu7_idAADEgen2,-9.4,36.949,32.188
6lu7_idAADEgen2,-9.4,43.483,38.822
6lu7_idAADEgen2,-9.5,8.102,2.796
6lu7_idAADEgen2,-9.7,36.059,31.372
6lu7_idAADEgen2,-9.8,31.894,30.835
6lu7_idAADEgen2,-10.0,7.489,2.421
6lu7_idAADEgen2,-10.8,7.524,1.694
6lu7_idAADEgen2,-11.2,0.0,0.0
6lu7_idAADFgen2,-5.0,27.325,23.917
6lu7_idAADFgen2,-5.0,5.636,3.145
6lu7_idAADFgen2,-5.0,28.827,24.675
6lu7_idAADFgen2,-5.0,7.381,2.503
6lu7_idAADFgen2,-5.1,6.85,2.311
6lu7_idAADFgen2,-5.2,22.2,18.406
6lu7_idAADFgen2,-5.3,44.0,39.092
6lu7_idAADFgen2,-5.5,5.793,2.426
6lu7_idAADFgen2,-5.6,0.0,0.0
6lu7_idAADGgen2,-6.9,40.431,38.314
6lu7_idAADGgen2,-7.0,8.246,3.019
6lu7_idAADGgen2,-7.1,4.779,3.593
6lu7_idAADGgen2,-7.1,2.646,2.196
6lu7_idAADGgen2,-7.2,23.972,19.922
6lu7_idAADGgen2,-7.5,2.021,1.112
6lu7_idAADGgen2,-7.6,3.526,1.548
6lu7_idAADGgen2,-7.6,3.031,1.557
6lu7_idAADGgen2,-7.7,0.0,0.0
6lu7_idAADHgen2,-9.8,9.179,5.887
6lu7_idAADHgen2,-9.9,21.956,15.716
6lu7_idAADHgen2,-9.9,33.174,28.809
6lu7_idAADHgen2,-10.0,23.045,16.33
6lu7_idAADHgen2,-10.2,29.377,24.044
6lu7_idAADHgen2,-10.3,25.047,21.769
6lu7_idAADHgen2,-10.4,23.684,18.664
6lu7_idAADHgen2,-10.7,35.138,31.372
6lu7_idAADHgen2,-11.2,0.0,0.0
6lu7_idAADJgen2,-5.0,27.077,23.965
6lu7_idAADJgen2,-5.0,27.056,24.148
6lu7_idAADJgen2,-5.1,8.068,4.35
6lu7_idAADJgen2,-5.1,8.372,4.288
6lu7_idAADJgen2,-5.2,8.304,4.427
6lu7_idAADJgen2,-5.3,26.648,23.872
6lu7_idAADJgen2,-5.3,12.049,9.117
6lu7_idAADJgen2,-5.3,26.514,23.736
6lu7_idAADJgen2,-5.4,0.0,0.0
6lu7_idAADKgen2,-8.5,31.972,25.907
6lu7_idAADKgen2,-8.5,25.31,24.26
6lu7_idAADKgen2,-8.7,43.3,37.227
6lu7_idAADKgen2,-9.0,8.521,2.645
6lu7_idAADKgen2,-9.1,47.124,42.723
6lu7_idAADKgen2,-9.2,11.172,2.727
6lu7_idAADKgen2,-9.3,31.425,26.048
6lu7_idAADKgen2,-10.1,8.412,2.371
6lu7_idAADKgen2,-10.2,0.0,0.0
6lu7_idAADMgen2,-8.3,8.511,2.894
6lu7_idAADMgen2,-8.4,25.007,23.093
6lu7_idAADMgen2,-8.4,9.612,3.433
6lu7_idAADMgen2,-8.6,7.291,2.257
6lu7_idAADMgen2,-8.6,25.215,23.67
6lu7_idAADMgen2,-8.6,25.133,23.179
6lu7_idAADMgen2,-9.0,7.414,3.433
6lu7_idAADMgen2,-9.1,25.495,20.619
6lu7_idAADMgen2,-9.5,0.0,0.0
6lu7_idAADOgen2,-5.6,40.787,35.603
6lu7_idAADOgen2,-5.7,31.153,28.233
6lu7_idAADOgen2,-5.7,30.759,27.773
6lu7_idAADOgen2,-5.7,43.78,39.274
6lu7_idAADOgen2,-5.8,31.11,28.307
6lu7_idAADOgen2,-5.8,2.518,1.997
6lu7_idAADOgen2,-5.9,28.275,25.901
6lu7_idAADOgen2,-5.9,41.773,36.475
6lu7_idAADOgen2,-6.1,0.0,0.0
6lu7_idAADPgen2,-9.5,31.315,25.572
6lu7_idAADPgen2,-9.5,8.607,4.03
6lu7_idAADPgen2,-9.6,3.591,2.159
6lu7_idAADPgen2,-9.6,40.569,34.392
6lu7_idAADPgen2,-9.8,21.589,16.957
6lu7_idAADPgen2,-9.9,21.072,16.896
6lu7_idAADPgen2,-9.9,9.074,4.459
6lu7_idAADPgen2,-10.0,41.051,34.469
6lu7_idAADPgen2,-10.3,0.0,0.0
6lu7_idAADQgen2,-8.0,23.914,20.481
6lu7_idAADQgen2,-8.1,23.454,21.531
6lu7_idAADQgen2,-8.2,26.53,20.958
6lu7_idAADQgen2,-8.3,9.662,6.284
6lu7_idAADQgen2,-8.4,23.362,19.713
6lu7_idAADQgen2,-8.4,23.942,21.593
6lu7_idAADQgen2,-8.5,8.65,4.117
6lu7_idAADQgen2,-9.0,23.501,21.332
6lu7_idAADQgen2,-9.3,0.0,0.0
6lu7_idAADRgen2,-9.5,23.647,20.434
6lu7_idAADRgen2,-9.5,29.526,21.773
6lu7_idAADRgen2,-9.5,19.22,12.997
6lu7_idAADRgen2,-9.8,38.502,33.042
6lu7_idAADRgen2,-9.9,10.126,4.711
6lu7_idAADRgen2,-10.0,10.388,4.112
6lu7_idAADRgen2,-10.5,10.368,5.471
6lu7_idAADRgen2,-10.7,10.349,4.758
6lu7_idAADRgen2,-11.8,0.0,0.0
6lu7_idAADSgen2,-7.8,8.082,4.366
6lu7_idAADSgen2,-7.9,9.58,4.805
6lu7_idAADSgen2,-7.9,11.988,7.047
6lu7_idAADSgen2,-7.9,13.158,7.794
6lu7_idAADSgen2,-7.9,23.259,18.609
6lu7_idAADSgen2,-8.2,7.509,4.592
6lu7_idAADSgen2,-8.5,9.182,1.421
6lu7_idAADSgen2,-8.6,9.178,1.331
6lu7_idAADSgen2,-9.0,0.0,0.0
6lu7_idAADTgen2,-9.0,26.695,24.664
6lu7_idAADTgen2,-9.0,14.748,9.748
6lu7_idAADTgen2,-9.0,5.776,3.614
6lu7_idAADTgen2,-9.8,10.047,2.465
6lu7_idAADTgen2,-10.0,41.454,36.031
6lu7_idAADTgen2,-10.2,6.417,1.712
6lu7_idAADTgen2,-10.2,9.203,1.936
6lu7_idAADTgen2,-10.4,9.383,2.226
6lu7_idAADTgen2,-10.8,0.0,0.0
6lu7_idAADUgen2,-7.6,17.881,13.297
6lu7_idAADUgen2,-7.6,15.305,9.532
6lu7_idAADUgen2,-7.6,14.672,8.867
6lu7_idAADUgen2,-7.8,28.098,22.659
6lu7_idAADUgen2,-7.8,12.474,4.932
6lu7_idAADUgen2,-7.8,27.744,22.496
6lu7_idAADUgen2,-7.9,33.537,29.254
6lu7_idAADUgen2,-8.0,12.36,4.91
6lu7_idAADUgen2,-8.2,0.0,0.0
6lu7_idAADVgen2,-3.8,5.651,2.536
6lu7_idAADVgen2,-3.9,28.106,21.158
6lu7_idAADVgen2,-4.0,11.436,6.418
6lu7_idAADVgen2,-4.0,9.814,4.756
6lu7_idAADVgen2,-4.0,26.585,20.323
6lu7_idAADVgen2,-4.2,4.151,2.119
6lu7_idAADVgen2,-4.2,26.401,20.361
6lu7_idAADVgen2,-4.2,6.253,2.608
6lu7_idAADVgen2,-4.5,0.0,0.0
6lu7_idAADWgen2,-9.2,18.793,15.125
6lu7_idAADWgen2,-9.3,25.693,20.42
6lu7_idAADWgen2,-9.6,18.685,17.563
6lu7_idAADWgen2,-9.7,16.385,12.764
6lu7_idAADWgen2,-9.8,18.274,14.758
6lu7_idAADWgen2,-10.2,11.926,2.051
6lu7_idAADWgen2,-10.5,10.907,1.654
6lu7_idAADWgen2,-11.0,4.742,1.654
6lu7_idAADWgen2,-11.3,0.0,0.0
6lu7_idAADXgen2,-5.8,23.813,20.729
6lu7_idAADXgen2,-5.8,35.366,32.265
6lu7_idAADXgen2,-5.8,24.236,20.875
6lu7_idAADXgen2,-5.8,5.162,1.767
6lu7_idAADXgen2,-5.9,3.868,2.46
6lu7_idAADXgen2,-6.0,24.458,21.724
6lu7_idAADXgen2,-6.4,1.98,1.442
6lu7_idAADXgen2,-6.5,3.495,2.056
6lu7_idAADXgen2,-7.0,0.0,0.0
6lu7_idAADYgen2,-5.9,25.117,23.153
6lu7_idAADYgen2,-6.1,22.719,20.887
6lu7_idAADYgen2,-6.1,29.804,27.413
6lu7_idAADYgen2,-6.1,22.756,20.952
6lu7_idAADYgen2,-6.1,20.788,18.774
6lu7_idAADYgen2,-6.1,23.129,21.254
6lu7_idAADYgen2,-6.2,4.605,2.552
6lu7_idAADYgen2,-6.3,29.696,27.149
6lu7_idAADYgen2,-6.3,0.0,0.0
6lu7_idAADZgen2,-10.8,33.991,30.604
6lu7_idAADZgen2,-10.9,9.779,3.624
6lu7_idAADZgen2,-11.0,34.335,31.802
6lu7_idAADZgen2,-11.0,36.611,31.919
6lu7_idAADZgen2,-11.1,21.645,16.373
6lu7_idAADZgen2,-11.1,24.908,18.762
6lu7_idAADZgen2,-11.1,18.281,10.163
6lu7_idAADZgen2,-11.5,34.768,32.297
6lu7_idAADZgen2,-12.1,0.0,0.0
6lu7_idAAEBgen2,-9.2,10.864,2.556
6lu7_idAAEBgen2,-9.2,26.273,20.162
6lu7_idAAEBgen2,-9.3,30.493,24.676
6lu7_idAAEBgen2,-9.3,30.816,26.941
6lu7_idAAEBgen2,-9.4,31.85,25.751
6lu7_idAAEBgen2,-9.4,26.199,19.867
6lu7_idAAEBgen2,-9.5,4.406,0.964
6lu7_idAAEBgen2,-9.7,0.0,0.0
6lu7_idAAEBgen2,-9.7,30.55,26.602
6lu7_idAAECgen2,-5.2,31.262,30.044
6lu7_idAAECgen2,-5.3,3.093,1.96
6lu7_idAAECgen2,-5.3,36.605,34.74
6lu7_idAAECgen2,-5.3,3.353,2.471
6lu7_idAAECgen2,-5.4,35.98,34.181
6lu7_idAAECgen2,-5.5,26.985,24.918
6lu7_idAAECgen2,-5.5,36.394,34.466
6lu7_idAAECgen2,-5.6,4.042,2.964
6lu7_idAAECgen2,-5.7,0.0,0.0
6lu7_idAAEDgen2,-8.8,7.573,2.406
6lu7_idAAEDgen2,-8.8,18.938,11.714
6lu7_idAAEDgen2,-8.9,25.887,22.666
6lu7_idAAEDgen2,-9.1,8.161,4.137
6lu7_idAAEDgen2,-9.1,7.178,2.715
6lu7_idAAEDgen2,-9.3,6.869,2.526
6lu7_idAAEDgen2,-9.6,23.445,19.947
6lu7_idAAEDgen2,-10.4,1.979,0.571
6lu7_idAAEDgen2,-11.0,0.0,0.0
6lu7_idAAEEgen2,-5.6,5.037,3.204
6lu7_idAAEEgen2,-5.6,8.763,3.443
6lu7_idAAEEgen2,-5.7,24.839,20.461
6lu7_idAAEEgen2,-5.7,25.239,19.987
6lu7_idAAEEgen2,-5.7,26.152,21.37
6lu7_idAAEEgen2,-5.8,25.262,20.01
6lu7_idAAEEgen2,-6.0,24.645,19.447
6lu7_idAAEEgen2,-6.1,26.556,23.668
6lu7_idAAEEgen2,-6.1,0.0,0.0
6lu7_idAAEFgen2,-7.8,15.098,12.946
6lu7_idAAEFgen2,-7.8,18.239,13.501
6lu7_idAAEFgen2,-7.9,9.22,4.869
6lu7_idAAEFgen2,-8.1,8.555,2.667
6lu7_idAAEFgen2,-8.1,25.43,21.472
6lu7_idAAEFgen2,-8.2,7.95,2.892
6lu7_idAAEFgen2,-8.3,5.962,3.269
6lu7_idAAEFgen2,-8.6,3.824,2.454
6lu7_idAAEFgen2,-8.7,0.0,0.0
6lu7_idAAEGgen2,-7.5,29.695,28.654
6lu7_idAAEGgen2,-7.5,16.604,14.691
6lu7_idAAEGgen2,-7.7,17.011,12.366
6lu7_idAAEGgen2,-7.7,7.053,3.139
6lu7_idAAEGgen2,-7.9,7.18,2.344
6lu7_idAAEGgen2,-8.1,39.677,35.617
6lu7_idAAEGgen2,-8.3,3.158,2.356
6lu7_idAAEGgen2,-8.8,39.625,34.99
6lu7_idAAEGgen2,-8.8,0.0,0.0
6lu7_idAAEHgen2,-7.1,24.8,20.848
6lu7_idAAEHgen2,-7.1,8.718,3.379
6lu7_idAAEHgen2,-7.2,32.013,30.357
6lu7_idAAEHgen2,-7.4,44.785,39.502
6lu7_idAAEHgen2,-7.5,36.804,32.671
6lu7_idAAEHgen2,-7.8,25.53,24.244
6lu7_idAAEHgen2,-7.9,28.389,22.526
6lu7_idAAEHgen2,-8.0,25.928,24.558
6lu7_idAAEHgen2,-8.2,0.0,0.0
6lu7_idAAEIgen2,-7.5,13.906,9.625
6lu7_idAAEIgen2,-7.5,11.174,4.191
6lu7_idAAEIgen2,-7.7,36.613,32.504
6lu7_idAAEIgen2,-7.7,9.8,3.111
6lu7_idAAEIgen2,-7.7,23.929,20.936
6lu7_idAAEIgen2,-7.8,2.906,1.686
6lu7_idAAEIgen2,-7.9,22.162,19.897
6lu7_idAAEIgen2,-8.0,6.989,4.976
6lu7_idAAEIgen2,-8.2,0.0,0.0
6lu7_idAAEJgen2,-5.0,11.519,9.041
6lu7_idAAEJgen2,-5.0,34.776,30.497
6lu7_idAAEJgen2,-5.1,25.492,22.453
6lu7_idAAEJgen2,-5.1,9.231,3.614
6lu7_idAAEJgen2,-5.1,8.582,3.599
6lu7_idAAEJgen2,-5.2,9.326,3.68
6lu7_idAAEJgen2,-5.2,20.373,17.749
6lu7_idAAEJgen2,-5.2,24.714,21.312
6lu7_idAAEJgen2,-5.8,0.0,0.0
6lu7_idAAEKgen2,-9.7,41.654,36.834
6lu7_idAAEKgen2,-9.8,27.991,20.476
6lu7_idAAEKgen2,-9.8,42.664,36.425
6lu7_idAAEKgen2,-9.9,30.763,26.23
6lu7_idAAEKgen2,-9.9,33.396,28.693
6lu7_idAAEKgen2,-10.0,45.899,42.201
6lu7_idAAEKgen2,-10.1,45.419,41.561
6lu7_idAAEKgen2,-10.2,43.866,40.979
6lu7_idAAEKgen2,-10.2,0.0,0.0
6lu7_idAAELgen2,-7.2,6.616,2.784
6lu7_idAAELgen2,-7.2,25.08,20.451
6lu7_idAAELgen2,-7.4,27.391,23.392
6lu7_idAAELgen2,-7.4,30.641,29.265
6lu7_idAAELgen2,-7.4,24.795,20.249
6lu7_idAAELgen2,-7.5,45.572,40.774
6lu7_idAAELgen2,-7.6,42.098,37.737
6lu7_idAAELgen2,-7.8,24.659,21.545
6lu7_idAAELgen2,-7.9,0.0,0.0
6lu7_idAAEMgen2,-6.6,22.157,16.426
6lu7_idAAEMgen2,-6.6,8.594,2.413
6lu7_idAAEMgen2,-6.7,9.431,2.169
6lu7_idAAEMgen2,-6.8,3.615,2.168
6lu7_idAAEMgen2,-6.9,22.652,21.333
6lu7_idAAEMgen2,-7.1,9.823,2.277
6lu7_idAAEMgen2,-7.2,22.133,19.858
6lu7_idAAEMgen2,-7.3,24.641,21.837
6lu7_idAAEMgen2,-7.6,0.0,0.0
6lu7_idAAENgen2,-8.5,32.377,30.8
6lu7_idAAENgen2,-8.5,20.649,15.674
6lu7_idAAENgen2,-8.6,5.188,2.29
6lu7_idAAENgen2,-8.6,7.024,2.076
6lu7_idAAENgen2,-8.7,27.352,22.418
6lu7_idAAENgen2,-8.7,7.388,1.607
6lu7_idAAENgen2,-9.1,7.346,2.706
6lu7_idAAENgen2,-9.1,9.311,2.047
6lu7_idAAENgen2,-9.3,0.0,0.0
6lu7_idAAEOgen2,-9.7,24.374,18.029
6lu7_idAAEOgen2,-9.7,24.173,18.738
6lu7_idAAEOgen2,-9.8,31.382,27.884
6lu7_idAAEOgen2,-9.8,40.103,39.281
6lu7_idAAEOgen2,-10.1,11.59,3.978
6lu7_idAAEOgen2,-10.2,11.84,3.977
6lu7_idAAEOgen2,-10.3,10.214,6.752
6lu7_idAAEOgen2,-10.5,9.955,6.742
6lu7_idAAEOgen2,-10.8,0.0,0.0
6lu7_idAAEPgen2,-7.2,27.734,23.706
6lu7_idAAEPgen2,-7.4,8.731,2.623
6lu7_idAAEPgen2,-7.5,8.734,2.406
6lu7_idAAEPgen2,-7.6,6.46,3.158
6lu7_idAAEPgen2,-7.6,8.974,2.202
6lu7_idAAEPgen2,-7.8,21.277,16.803
6lu7_idAAEPgen2,-7.8,21.886,16.837
6lu7_idAAEPgen2,-8.3,7.709,1.469
6lu7_idAAEPgen2,-8.5,0.0,0.0
6lu7_idAAEQgen2,-10.0,31.24,23.566
6lu7_idAAEQgen2,-10.0,31.739,26.893
6lu7_idAAEQgen2,-10.2,27.934,20.775
6lu7_idAAEQgen2,-10.3,28.574,25.036
6lu7_idAAEQgen2,-10.3,32.041,27.923
6lu7_idAAEQgen2,-10.5,26.259,21.885
6lu7_idAAEQgen2,-10.7,25.694,21.631
6lu7_idAAEQgen2,-10.9,29.398,23.435
6lu7_idAAEQgen2,-11.0,0.0,0.0
6lu7_idAAERgen2,-8.3,15.212,13.02
6lu7_idAAERgen2,-8.3,6.169,3.726
6lu7_idAAERgen2,-8.4,2.038,1.704
6lu7_idAAERgen2,-8.5,25.406,20.55
6lu7_idAAERgen2,-8.6,24.417,21.214
6lu7_idAAERgen2,-8.9,3.497,2.509
6lu7_idAAERgen2,-9.0,7.989,4.098
6lu7_idAAERgen2,-9.1,3.763,2.393
6lu7_idAAERgen2,-9.6,0.0,0.0
6lu7_idAAESgen2,-9.7,38.123,33.511
6lu7_idAAESgen2,-9.7,29.134,25.297
6lu7_idAAESgen2,-9.8,38.057,33.778
6lu7_idAAESgen2,-9.8,38.598,34.075
6lu7_idAAESgen2,-9.9,38.054,34.377
6lu7_idAAESgen2,-10.2,4.253,3.269
6lu7_idAAESgen2,-10.2,28.527,25.76
6lu7_idAAESgen2,-10.3,37.355,32.942
6lu7_idAAESgen2,-10.3,0.0,0.0
6lu7_idAAETgen2,-10.3,27.852,21.103
6lu7_idAAETgen2,-10.4,40.4,32.976
6lu7_idAAETgen2,-10.5,23.789,10.778
6lu7_idAAETgen2,-10.6,7.858,4.413
6lu7_idAAETgen2,-10.7,11.83,5.993
6lu7_idAAETgen2,-10.7,12.66,3.808
6lu7_idAAETgen2,-10.8,11.972,6.289
6lu7_idAAETgen2,-10.8,11.228,6.926
6lu7_idAAETgen2,-10.9,0.0,0.0
6lu7_idAAEUgen2,-9.0,24.832,23.711
6lu7_idAAEUgen2,-9.0,28.777,24.44
6lu7_idAAEUgen2,-9.1,29.157,26.294
6lu7_idAAEUgen2,-9.1,38.063,33.935
6lu7_idAAEUgen2,-9.1,37.267,32.548
6lu7_idAAEUgen2,-9.3,37.953,33.783
6lu7_idAAEUgen2,-9.4,36.728,31.586
6lu7_idAAEUgen2,-9.7,6.675,1.972
6lu7_idAAEUgen2,-10.4,0.0,0.0
6lu7_idAAEVgen2,-6.6,7.184,3.985
6lu7_idAAEVgen2,-6.6,5.592,3.246
6lu7_idAAEVgen2,-6.6,26.282,21.991
6lu7_idAAEVgen2,-6.7,5.039,1.874
6lu7_idAAEVgen2,-6.7,6.531,3.462
6lu7_idAAEVgen2,-7.0,8.499,3.821
6lu7_idAAEVgen2,-7.1,2.158,1.669
6lu7_idAAEVgen2,-7.2,5.645,2.218
6lu7_idAAEVgen2,-7.8,0.0,0.0
6lu7_idAAEWgen2,-7.6,44.74,40.001
6lu7_idAAEWgen2,-7.6,28.547,23.12
6lu7_idAAEWgen2,-7.7,7.846,3.477
6lu7_idAAEWgen2,-7.8,17.482,9.758
6lu7_idAAEWgen2,-8.1,11.852,10.705
6lu7_idAAEWgen2,-8.1,19.693,14.332
6lu7_idAAEWgen2,-8.5,29.652,25.095
6lu7_idAAEWgen2,-8.5,24.165,18.48
6lu7_idAAEWgen2,-8.9,0.0,0.0
6lu7_idAAEXgen2,-9.0,2.11,1.52
6lu7_idAAEXgen2,-9.2,26.949,21.554
6lu7_idAAEXgen2,-9.4,24.956,18.443
6lu7_idAAEXgen2,-9.4,10.673,1.607
6lu7_idAAEXgen2,-9.4,26.626,22.509
6lu7_idAAEXgen2,-9.5,19.763,12.955
6lu7_idAAEXgen2,-9.5,27.063,23.031
6lu7_idAAEXgen2,-9.9,9.492,2.299
6lu7_idAAEXgen2,-10.2,0.0,0.0
6lu7_idAAEYgen2,-8.5,28.173,25.887
6lu7_idAAEYgen2,-8.6,8.903,2.654
6lu7_idAAEYgen2,-8.7,19.726,17.24
6lu7_idAAEYgen2,-8.7,12.473,5.182
6lu7_idAAEYgen2,-8.7,11.066,6.972
6lu7_idAAEYgen2,-8.7,22.977,20.671
6lu7_idAAEYgen2,-8.8,6.991,1.9
6lu7_idAAEYgen2,-8.8,2.552,1.737
6lu7_idAAEYgen2,-9.5,0.0,0.0
6lu7_idAAEZgen2,-10.4,19.2,15.04
6lu7_idAAEZgen2,-10.5,13.813,4.552
6lu7_idAAEZgen2,-10.6,6.321,2.385
6lu7_idAAEZgen2,-10.6,20.443,9.321
6lu7_idAAEZgen2,-10.7,2.404,1.755
6lu7_idAAEZgen2,-10.8,32.567,28.18
6lu7_idAAEZgen2,-10.9,33.602,29.199
6lu7_idAAEZgen2,-11.2,19.902,13.323
6lu7_idAAEZgen2,-11.4,0.0,0.0
6lu7_idAAFAgen2,-6.6,32.575,29.994
6lu7_idAAFAgen2,-6.7,7.548,2.759
6lu7_idAAFAgen2,-6.7,31.655,29.323
6lu7_idAAFAgen2,-6.7,7.816,1.832
6lu7_idAAFAgen2,-7.0,26.596,23.223
6lu7_idAAFAgen2,-7.0,23.755,20.776
6lu7_idAAFAgen2,-7.1,23.844,20.384
6lu7_idAAFAgen2,-7.2,32.094,29.544
6lu7_idAAFAgen2,-7.2,0.0,0.0
6lu7_idAAFBgen2,-9.7,28.849,23.806
6lu7_idAAFBgen2,-9.8,24.635,20.398
6lu7_idAAFBgen2,-9.8,27.312,22.702
6lu7_idAAFBgen2,-9.9,25.244,20.947
6lu7_idAAFBgen2,-9.9,26.874,22.209
6lu7_idAAFBgen2,-10.2,25.742,20.803
6lu7_idAAFBgen2,-10.6,25.247,21.116
6lu7_idAAFBgen2,-10.8,23.869,19.251
6lu7_idAAFBgen2,-11.0,0.0,0.0
6lu7_idAAFCgen2,-6.7,26.275,22.177
6lu7_idAAFCgen2,-7.0,7.064,2.395
6lu7_idAAFCgen2,-7.1,35.479,31.334
6lu7_idAAFCgen2,-7.1,53.482,49.421
6lu7_idAAFCgen2,-7.2,28.304,24.398
6lu7_idAAFCgen2,-7.2,36.832,31.972
6lu7_idAAFCgen2,-7.4,28.084,23.786
6lu7_idAAFCgen2,-7.6,34.14,30.152
6lu7_idAAFCgen2,-8.0,0.0,0.0
6lu7_idAAFDgen2,-9.3,5.962,2.555
6lu7_idAAFDgen2,-9.3,22.123,18.984
6lu7_idAAFDgen2,-9.5,22.217,18.967
6lu7_idAAFDgen2,-9.5,5.718,3.125
6lu7_idAAFDgen2,-9.5,27.837,21.423
6lu7_idAAFDgen2,-9.5,7.856,3.713
6lu7_idAAFDgen2,-9.7,39.479,33.821
6lu7_idAAFDgen2,-9.9,22.657,18.948
6lu7_idAAFDgen2,-10.3,0.0,0.0
6lu7_idAAFEgen2,-9.6,7.711,2.54
6lu7_idAAFEgen2,-10.1,9.066,3.49
6lu7_idAAFEgen2,-10.3,10.5,2.864
6lu7_idAAFEgen2,-10.5,7.799,2.822
6lu7_idAAFEgen2,-10.5,7.413,2.693
6lu7_idAAFEgen2,-10.6,5.823,3.356
6lu7_idAAFEgen2,-10.6,20.895,15.385
6lu7_idAAFEgen2,-10.9,7.219,2.655
6lu7_idAAFEgen2,-11.5,0.0,0.0
6lu7_idAAFFgen2,-7.7,9.6,4.377
6lu7_idAAFFgen2,-7.8,30.756,24.968
6lu7_idAAFFgen2,-7.8,29.767,23.583
6lu7_idAAFFgen2,-7.9,8.367,3.462
6lu7_idAAFFgen2,-8.0,9.458,4.071
6lu7_idAAFFgen2,-8.0,31.935,27.035
6lu7_idAAFFgen2,-8.0,31.521,26.313
6lu7_idAAFFgen2,-8.1,9.622,4.295
6lu7_idAAFFgen2,-8.6,0.0,0.0
6lu7_idAAFGgen2,-7.1,34.496,30.926
6lu7_idAAFGgen2,-7.1,24.058,18.404
6lu7_idAAFGgen2,-7.1,54.43,51.47
6lu7_idAAFGgen2,-7.2,35.06,31.672
6lu7_idAAFGgen2,-7.2,40.855,36.292
6lu7_idAAFGgen2,-7.3,30.351,28.372
6lu7_idAAFGgen2,-7.4,30.181,28.015
6lu7_idAAFGgen2,-7.8,40.533,36.28
6lu7_idAAFGgen2,-7.9,0.0,0.0
6lu7_idAAFHgen2,-7.6,22.293,18.922
6lu7_idAAFHgen2,-7.6,4.845,1.704
6lu7_idAAFHgen2,-7.9,4.946,1.693
6lu7_idAAFHgen2,-8.1,6.577,2.603
6lu7_idAAFHgen2,-8.2,22.122,18.871
6lu7_idAAFHgen2,-8.5,5.039,1.237
6lu7_idAAFHgen2,-8.9,2.162,1.697
6lu7_idAAFHgen2,-9.1,4.059,1.656
6lu7_idAAFHgen2,-9.3,0.0,0.0
6lu7_idAAFIgen2,-9.3,42.563,36.491
6lu7_idAAFIgen2,-9.5,12.859,6.794
6lu7_idAAFIgen2,-9.5,16.947,15.028
6lu7_idAAFIgen2,-9.6,29.573,26.255
6lu7_idAAFIgen2,-9.7,30.982,25.441
6lu7_idAAFIgen2,-10.0,40.729,38.995
6lu7_idAAFIgen2,-10.3,14.142,5.931
6lu7_idAAFIgen2,-10.4,42.925,37.293
6lu7_idAAFIgen2,-10.8,0.0,0.0
6lu7_idAAFJgen2,-7.4,5.893,3.728
6lu7_idAAFJgen2,-7.6,29.041,27.307
6lu7_idAAFJgen2,-7.6,5.245,1.821
6lu7_idAAFJgen2,-7.6,22.191,19.739
6lu7_idAAFJgen2,-7.7,3.819,2.348
6lu7_idAAFJgen2,-7.7,5.267,1.719
6lu7_idAAFJgen2,-7.7,39.326,36.729
6lu7_idAAFJgen2,-7.8,8.353,2.066
6lu7_idAAFJgen2,-8.2,0.0,0.0
6lu7_idAAFKgen2,-9.4,9.882,4.893
6lu7_idAAFKgen2,-9.4,41.513,36.069
6lu7_idAAFKgen2,-9.5,30.895,24.052
6lu7_idAAFKgen2,-9.5,28.313,22.338
6lu7_idAAFKgen2,-9.6,14.48,9.118
6lu7_idAAFKgen2,-9.7,16.598,10.063
6lu7_idAAFKgen2,-9.7,8.687,3.398
6lu7_idAAFKgen2,-10.0,11.006,4.638
6lu7_idAAFKgen2,-10.1,0.0,0.0
6lu7_idAAFLgen2,-7.6,24.543,19.719
6lu7_idAAFLgen2,-7.7,8.379,3.43
6lu7_idAAFLgen2,-7.8,19.628,14.904
6lu7_idAAFLgen2,-7.8,8.543,2.296
6lu7_idAAFLgen2,-7.9,9.812,6.648
6lu7_idAAFLgen2,-7.9,9.103,2.829
6lu7_idAAFLgen2,-8.1,7.855,2.104
6lu7_idAAFLgen2,-8.6,20.269,16.044
6lu7_idAAFLgen2,-8.7,0.0,0.0
6lu7_idAAFMgen2,-5.4,2.564,1.944
6lu7_idAAFMgen2,-5.4,3.277,2.118
6lu7_idAAFMgen2,-5.5,34.936,32.638
6lu7_idAAFMgen2,-5.6,34.601,32.452
6lu7_idAAFMgen2,-5.6,4.318,2.6
6lu7_idAAFMgen2,-5.9,2.444,1.726
6lu7_idAAFMgen2,-5.9,4.212,2.571
6lu7_idAAFMgen2,-6.1,34.265,31.93
6lu7_idAAFMgen2,-6.2,0.0,0.0
6lu7_idAAFNgen2,-9.3,29.358,21.699
6lu7_idAAFNgen2,-9.3,31.847,29.125
6lu7_idAAFNgen2,-9.4,35.163,29.428
6lu7_idAAFNgen2,-9.6,31.709,29.332
6lu7_idAAFNgen2,-9.6,26.501,25.412
6lu7_idAAFNgen2,-9.6,44.814,39.182
6lu7_idAAFNgen2,-9.8,10.47,4.143
6lu7_idAAFNgen2,-9.8,44.439,39.45
6lu7_idAAFNgen2,-12.1,0.0,0.0
6lu7_idAAFOgen2,-9.3,26.415,19.094
6lu7_idAAFOgen2,-9.4,8.99,3.81
6lu7_idAAFOgen2,-9.4,22.833,18.319
6lu7_idAAFOgen2,-9.5,32.733,27.057
6lu7_idAAFOgen2,-9.7,10.853,7.409
6lu7_idAAFOgen2,-9.8,9.242,3.783
6lu7_idAAFOgen2,-9.9,29.28,23.223
6lu7_idAAFOgen2,-9.9,2.486,1.673
6lu7_idAAFOgen2,-10.4,0.0,0.0
6lu7_idAAFPgen2,-10.6,27.933,21.538
6lu7_idAAFPgen2,-10.6,13.609,7.382
6lu7_idAAFPgen2,-10.7,10.923,5.551
6lu7_idAAFPgen2,-10.8,26.122,23.957
6lu7_idAAFPgen2,-10.9,19.264,7.843
6lu7_idAAFPgen2,-10.9,28.961,23.18
6lu7_idAAFPgen2,-11.1,17.568,13.218
6lu7_idAAFPgen2,-11.4,26.768,23.506
6lu7_idAAFPgen2,-11.6,0.0,0.0
6lu7_idAAFQgen2,-9.4,18.362,11.819
6lu7_idAAFQgen2,-9.5,35.951,31.182
6lu7_idAAFQgen2,-9.5,7.486,2.742
6lu7_idAAFQgen2,-9.5,30.477,28.418
6lu7_idAAFQgen2,-10.0,6.962,2.686
6lu7_idAAFQgen2,-10.0,4.588,2.967
6lu7_idAAFQgen2,-10.1,7.371,2.972
6lu7_idAAFQgen2,-10.2,7.276,1.45
6lu7_idAAFQgen2,-10.8,0.0,0.0
6lu7_idAAFRgen2,-7.8,6.532,3.63
6lu7_idAAFRgen2,-7.8,3.799,2.265
6lu7_idAAFRgen2,-7.8,14.523,13.102
6lu7_idAAFRgen2,-7.9,6.089,3.056
6lu7_idAAFRgen2,-7.9,24.305,21.18
6lu7_idAAFRgen2,-7.9,23.441,19.756
6lu7_idAAFRgen2,-8.0,24.647,20.685
6lu7_idAAFRgen2,-8.4,7.466,2.951
6lu7_idAAFRgen2,-8.9,0.0,0.0
6lu7_idAAFSgen2,-5.0,24.659,22.152
6lu7_idAAFSgen2,-5.2,23.107,19.866
6lu7_idAAFSgen2,-5.2,22.508,20.054
6lu7_idAAFSgen2,-5.2,26.729,23.109
6lu7_idAAFSgen2,-5.2,24.703,21.492
6lu7_idAAFSgen2,-5.3,22.08,20.097
6lu7_idAAFSgen2,-5.4,5.26,3.013
6lu7_idAAFSgen2,-5.5,23.239,20.185
6lu7_idAAFSgen2,-5.9,0.0,0.0
6lu7_idAAFTgen2,-7.4,7.205,3.897
6lu7_idAAFTgen2,-7.4,7.639,2.675
6lu7_idAAFTgen2,-7.4,21.998,19.059
6lu7_idAAFTgen2,-7.6,21.629,18.586
6lu7_idAAFTgen2,-7.7,2.114,1.364
6lu7_idAAFTgen2,-7.8,7.732,2.339
6lu7_idAAFTgen2,-8.0,4.781,2.358
6lu7_idAAFTgen2,-8.2,4.846,1.932
6lu7_idAAFTgen2,-8.3,0.0,0.0
6lu7_idAAFUgen2,-7.1,25.132,23.156
6lu7_idAAFUgen2,-7.2,9.239,1.822
6lu7_idAAFUgen2,-7.3,27.404,24.404
6lu7_idAAFUgen2,-7.3,25.939,23.108
6lu7_idAAFUgen2,-7.3,33.81,30.062
6lu7_idAAFUgen2,-7.4,26.313,24.168
6lu7_idAAFUgen2,-7.4,26.776,24.603
6lu7_idAAFUgen2,-7.5,24.485,21.016
6lu7_idAAFUgen2,-7.7,0.0,0.0
6lu7_idAAFVgen2,-9.1,34.635,28.949
6lu7_idAAFVgen2,-9.1,34.242,29.365
6lu7_idAAFVgen2,-9.3,32.385,30.182
6lu7_idAAFVgen2,-9.3,29.115,26.882
6lu7_idAAFVgen2,-9.4,11.901,6.295
6lu7_idAAFVgen2,-9.5,2.793,1.882
6lu7_idAAFVgen2,-9.6,1.871,1.365
6lu7_idAAFVgen2,-9.6,10.092,5.8
6lu7_idAAFVgen2,-9.7,0.0,0.0
6lu7_idAAFWgen2,-3.8,25.302,20.848
6lu7_idAAFWgen2,-3.8,25.351,20.691
6lu7_idAAFWgen2,-3.9,25.041,20.392
6lu7_idAAFWgen2,-4.0,25.814,20.488
6lu7_idAAFWgen2,-4.0,27.936,23.041
6lu7_idAAFWgen2,-4.0,27.358,21.448
6lu7_idAAFWgen2,-4.1,28.63,22.848
6lu7_idAAFWgen2,-4.1,25.182,20.247
6lu7_idAAFWgen2,-4.3,0.0,0.0
6lu7_idAAFXgen2,-9.8,18.786,12.322
6lu7_idAAFXgen2,-9.8,12.319,6.045
6lu7_idAAFXgen2,-9.9,8.63,3.868
6lu7_idAAFXgen2,-10.1,9.51,3.358
6lu7_idAAFXgen2,-10.4,7.507,2.778
6lu7_idAAFXgen2,-10.5,42.14,37.353
6lu7_idAAFXgen2,-10.5,7.766,3.0
6lu7_idAAFXgen2,-11.1,7.833,3.363
6lu7_idAAFXgen2,-12.0,0.0,0.0
6lu7_idAAGAgen2,-4.6,5.709,2.283
6lu7_idAAGAgen2,-4.7,6.251,2.797
6lu7_idAAGAgen2,-4.7,3.012,2.06
6lu7_idAAGAgen2,-4.8,7.066,3.091
6lu7_idAAGAgen2,-4.8,34.441,30.231
6lu7_idAAGAgen2,-4.8,5.743,2.341
6lu7_idAAGAgen2,-4.8,23.82,20.217
6lu7_idAAGAgen2,-4.9,7.198,1.816
6lu7_idAAGAgen2,-5.0,0.0,0.0
6lu7_idAAGBgen2,-9.3,20.126,12.322
6lu7_idAAGBgen2,-9.5,13.68,7.918
6lu7_idAAGBgen2,-9.5,34.657,32.502
6lu7_idAAGBgen2,-9.6,9.593,5.28
6lu7_idAAGBgen2,-9.8,29.371,24.263
6lu7_idAAGBgen2,-9.8,27.521,22.712
6lu7_idAAGBgen2,-9.9,44.444,39.304
6lu7_idAAGBgen2,-10.3,13.012,8.256
6lu7_idAAGBgen2,-10.6,0.0,0.0
6lu7_idAAGCgen2,-7.6,36.491,31.665
6lu7_idAAGCgen2,-7.6,3.206,2.311
6lu7_idAAGCgen2,-7.6,17.551,15.543
6lu7_idAAGCgen2,-7.9,7.897,2.652
6lu7_idAAGCgen2,-8.0,23.731,19.592
6lu7_idAAGCgen2,-8.1,3.113,1.999
6lu7_idAAGCgen2,-8.2,9.216,4.177
6lu7_idAAGCgen2,-8.7,7.475,2.5
6lu7_idAAGCgen2,-8.9,0.0,0.0
6lu7_idAAGDgen2,-5.8,5.155,2.583
6lu7_idAAGDgen2,-5.8,22.996,20.117
6lu7_idAAGDgen2,-5.8,25.154,21.729
6lu7_idAAGDgen2,-5.8,4.552,2.853
6lu7_idAAGDgen2,-5.9,24.314,21.361
6lu7_idAAGDgen2,-6.0,25.01,21.556
6lu7_idAAGDgen2,-6.3,1.993,1.44
6lu7_idAAGDgen2,-6.5,2.08,1.733
6lu7_idAAGDgen2,-7.0,0.0,0.0
6lu7_idAAGEgen2,-7.9,19.42,16.118
6lu7_idAAGEgen2,-7.9,25.962,24.14
6lu7_idAAGEgen2,-8.0,8.026,3.617
6lu7_idAAGEgen2,-8.0,29.435,27.162
6lu7_idAAGEgen2,-8.1,23.417,21.203
6lu7_idAAGEgen2,-8.1,7.112,2.951
6lu7_idAAGEgen2,-8.3,7.537,3.316
6lu7_idAAGEgen2,-8.4,26.568,24.429
6lu7_idAAGEgen2,-8.7,0.0,0.0
6lu7_idAAGFgen2,-8.0,5.011,3.608
6lu7_idAAGFgen2,-8.0,39.446,35.286
6lu7_idAAGFgen2,-8.0,8.075,4.385
6lu7_idAAGFgen2,-8.0,35.483,30.699
6lu7_idAAGFgen2,-8.1,3.913,2.593
6lu7_idAAGFgen2,-8.1,41.212,37.049
6lu7_idAAGFgen2,-8.2,9.094,3.886
6lu7_idAAGFgen2,-8.4,23.056,21.701
6lu7_idAAGFgen2,-8.5,0.0,0.0
6lu7_idAAGGgen2,-8.3,9.608,6.343
6lu7_idAAGGgen2,-8.4,6.077,3.266
6lu7_idAAGGgen2,-8.5,7.751,3.703
6lu7_idAAGGgen2,-8.6,24.388,20.75
6lu7_idAAGGgen2,-8.7,6.211,3.199
6lu7_idAAGGgen2,-8.8,2.034,1.407
6lu7_idAAGGgen2,-9.0,7.61,3.045
6lu7_idAAGGgen2,-9.5,7.16,3.589
6lu7_idAAGGgen2,-9.8,0.0,0.0
6lu7_idAAGHgen2,-7.9,7.446,2.696
6lu7_idAAGHgen2,-7.9,6.758,3.136
6lu7_idAAGHgen2,-8.0,6.18,2.47
6lu7_idAAGHgen2,-8.1,7.374,2.42
6lu7_idAAGHgen2,-8.2,8.046,3.362
6lu7_idAAGHgen2,-8.3,3.895,2.593
6lu7_idAAGHgen2,-8.9,4.024,2.512
6lu7_idAAGHgen2,-9.2,7.567,3.329
6lu7_idAAGHgen2,-9.3,0.0,0.0
6lu7_idAAGIgen2,-9.2,3.607,2.633
6lu7_idAAGIgen2,-9.3,12.249,3.533
6lu7_idAAGIgen2,-9.3,40.353,36.808
6lu7_idAAGIgen2,-9.3,40.668,38.86
6lu7_idAAGIgen2,-9.5,11.808,3.905
6lu7_idAAGIgen2,-9.5,8.039,3.886
6lu7_idAAGIgen2,-9.5,26.026,19.444
6lu7_idAAGIgen2,-9.6,30.382,26.728
6lu7_idAAGIgen2,-10.1,0.0,0.0
6lu7_idAAGJgen2,-9.5,8.684,5.613
6lu7_idAAGJgen2,-9.5,28.433,26.529
6lu7_idAAGJgen2,-9.6,21.589,19.57
6lu7_idAAGJgen2,-9.6,22.049,19.696
6lu7_idAAGJgen2,-9.6,10.106,3.148
6lu7_idAAGJgen2,-9.8,10.233,5.608
6lu7_idAAGJgen2,-10.0,2.145,1.472
6lu7_idAAGJgen2,-10.2,9.639,3.171
6lu7_idAAGJgen2,-10.4,0.0,0.0
6lu7_idAAGKgen2,-7.9,23.058,20.484
6lu7_idAAGKgen2,-7.9,7.17,2.809
6lu7_idAAGKgen2,-8.0,8.579,2.604
6lu7_idAAGKgen2,-8.1,7.753,4.185
6lu7_idAAGKgen2,-8.1,25.504,21.951
6lu7_idAAGKgen2,-8.1,5.368,3.146
6lu7_idAAGKgen2,-8.2,20.449,18.524
6lu7_idAAGKgen2,-8.6,11.168,4.256
6lu7_idAAGKgen2,-8.7,0.0,0.0
6lu7_idAAGLgen2,-5.5,9.504,4.03
6lu7_idAAGLgen2,-5.7,31.536,29.562
6lu7_idAAGLgen2,-5.7,26.163,22.51
6lu7_idAAGLgen2,-5.8,22.869,17.949
6lu7_idAAGLgen2,-5.8,15.638,14.511
6lu7_idAAGLgen2,-5.9,8.308,3.743
6lu7_idAAGLgen2,-6.1,21.199,17.359
6lu7_idAAGLgen2,-6.4,3.725,2.15
6lu7_idAAGLgen2,-6.7,0.0,0.0
6lu7_idAAGMgen2,-10.2,20.989,8.121
6lu7_idAAGMgen2,-10.3,16.991,9.955
6lu7_idAAGMgen2,-10.4,29.339,24.524
6lu7_idAAGMgen2,-10.5,44.436,38.83
6lu7_idAAGMgen2,-10.8,23.316,19.753
6lu7_idAAGMgen2,-10.9,6.977,3.993
6lu7_idAAGMgen2,-10.9,3.058,2.33
6lu7_idAAGMgen2,-11.2,21.938,17.66
6lu7_idAAGMgen2,-11.5,0.0,0.0
6lu7_idAAGNgen2,-6.1,4.915,3.713
6lu7_idAAGNgen2,-6.1,32.58,30.493
6lu7_idAAGNgen2,-6.1,3.12,1.563
6lu7_idAAGNgen2,-6.1,28.443,25.702
6lu7_idAAGNgen2,-6.2,25.039,22.915
6lu7_idAAGNgen2,-6.4,8.999,4.579
6lu7_idAAGNgen2,-6.4,3.614,2.245
6lu7_idAAGNgen2,-6.4,24.052,21.884
6lu7_idAAGNgen2,-6.6,0.0,0.0
6lu7_idAAGOgen2,-7.9,18.363,10.932
6lu7_idAAGOgen2,-8.1,39.302,33.061
6lu7_idAAGOgen2,-8.2,25.871,20.158
6lu7_idAAGOgen2,-8.3,20.959,13.674
6lu7_idAAGOgen2,-8.6,30.564,25.278
6lu7_idAAGOgen2,-8.7,17.195,12.502
6lu7_idAAGOgen2,-8.8,5.166,3.392
6lu7_idAAGOgen2,-9.1,44.023,38.008
6lu7_idAAGOgen2,-9.5,0.0,0.0
6lu7_idAAGPgen2,-5.5,20.807,18.714
6lu7_idAAGPgen2,-5.6,7.243,3.654
6lu7_idAAGPgen2,-5.6,23.29,21.726
6lu7_idAAGPgen2,-5.6,6.449,4.28
6lu7_idAAGPgen2,-5.8,8.758,2.378
6lu7_idAAGPgen2,-5.8,23.428,22.036
6lu7_idAAGPgen2,-6.2,3.415,2.68
6lu7_idAAGPgen2,-6.3,4.433,3.373
6lu7_idAAGPgen2,-6.4,0.0,0.0
6lu7_idAAGQgen2,-4.9,6.126,2.992
6lu7_idAAGQgen2,-4.9,21.003,17.743
6lu7_idAAGQgen2,-5.0,5.302,2.614
6lu7_idAAGQgen2,-5.1,24.563,21.406
6lu7_idAAGQgen2,-5.2,7.153,3.56
6lu7_idAAGQgen2,-5.3,21.46,17.704
6lu7_idAAGQgen2,-5.3,7.256,3.274
6lu7_idAAGQgen2,-5.3,39.953,36.905
6lu7_idAAGQgen2,-5.3,0.0,0.0
6lu7_idAAGRgen2,-7.7,32.122,30.529
6lu7_idAAGRgen2,-7.8,35.048,31.093
6lu7_idAAGRgen2,-8.0,32.197,24.126
6lu7_idAAGRgen2,-8.0,12.873,3.413
6lu7_idAAGRgen2,-8.0,29.835,22.919
6lu7_idAAGRgen2,-8.1,43.796,37.952
6lu7_idAAGRgen2,-8.3,25.912,23.249
6lu7_idAAGRgen2,-8.5,2.82,1.893
6lu7_idAAGRgen2,-8.9,0.0,0.0
6lu7_idAAGSgen2,-5.4,6.517,3.714
6lu7_idAAGSgen2,-5.4,56.869,53.286
6lu7_idAAGSgen2,-5.5,35.621,33.186
6lu7_idAAGSgen2,-5.5,30.829,27.858
6lu7_idAAGSgen2,-5.6,43.502,39.643
6lu7_idAAGSgen2,-5.6,36.202,33.017
6lu7_idAAGSgen2,-5.9,54.858,52.591
6lu7_idAAGSgen2,-6.0,43.696,39.805
6lu7_idAAGSgen2,-6.2,0.0,0.0
6lu7_idAAGTgen2,-7.2,7.673,2.504
6lu7_idAAGTgen2,-7.2,20.149,15.044
6lu7_idAAGTgen2,-7.3,18.479,15.917
6lu7_idAAGTgen2,-7.4,22.457,17.27
6lu7_idAAGTgen2,-7.4,25.378,20.07
6lu7_idAAGTgen2,-7.6,23.007,18.662
6lu7_idAAGTgen2,-7.6,23.129,18.998
6lu7_idAAGTgen2,-8.0,2.551,1.653
6lu7_idAAGTgen2,-8.1,0.0,0.0
6lu7_idAAGUgen2,-7.1,46.445,41.394
6lu7_idAAGUgen2,-7.1,5.46,2.592
6lu7_idAAGUgen2,-7.2,25.135,20.309
6lu7_idAAGUgen2,-7.3,21.115,17.305
6lu7_idAAGUgen2,-7.4,30.581,26.515
6lu7_idAAGUgen2,-7.6,6.697,2.649
6lu7_idAAGUgen2,-7.7,8.523,3.175
6lu7_idAAGUgen2,-8.1,42.069,36.931
6lu7_idAAGUgen2,-8.4,0.0,0.0
6lu7_idAAGVgen2,-6.9,33.682,29.755
6lu7_idAAGVgen2,-6.9,2.241,1.695
6lu7_idAAGVgen2,-7.0,5.467,4.108
6lu7_idAAGVgen2,-7.0,24.111,21.075
6lu7_idAAGVgen2,-7.2,2.213,1.497
6lu7_idAAGVgen2,-7.5,23.659,20.62
6lu7_idAAGVgen2,-7.5,38.486,35.718
6lu7_idAAGVgen2,-7.7,4.281,2.646
6lu7_idAAGVgen2,-7.8,0.0,0.0
6lu7_idAAGWgen2,-8.4,24.089,19.459
6lu7_idAAGWgen2,-8.4,34.955,30.071
6lu7_idAAGWgen2,-8.4,8.169,2.064
6lu7_idAAGWgen2,-8.6,39.96,34.966
6lu7_idAAGWgen2,-8.8,7.546,3.223
6lu7_idAAGWgen2,-8.8,8.159,1.748
6lu7_idAAGWgen2,-9.2,24.38,19.397
6lu7_idAAGWgen2,-9.7,2.28,1.564
6lu7_idAAGWgen2,-10.2,0.0,0.0
6lu7_idAAGXgen2,-7.9,24.791,21.852
6lu7_idAAGXgen2,-8.1,23.886,20.801
6lu7_idAAGXgen2,-8.1,28.77,24.703
6lu7_idAAGXgen2,-8.1,22.873,20.232
6lu7_idAAGXgen2,-8.3,7.333,2.429
6lu7_idAAGXgen2,-8.3,22.533,19.668
6lu7_idAAGXgen2,-8.9,23.367,20.081
6lu7_idAAGXgen2,-9.3,22.184,19.776
6lu7_idAAGXgen2,-9.4,0.0,0.0
6lu7_idAAGYgen2,-9.0,24.699,22.009
6lu7_idAAGYgen2,-9.3,29.131,24.152
6lu7_idAAGYgen2,-9.3,17.891,14.442
6lu7_idAAGYgen2,-9.3,14.754,13.28
6lu7_idAAGYgen2,-9.4,23.266,18.558
6lu7_idAAGYgen2,-9.4,36.608,32.059
6lu7_idAAGYgen2,-9.5,10.458,3.434
6lu7_idAAGYgen2,-10.0,6.046,2.511
6lu7_idAAGYgen2,-10.6,0.0,0.0
6lu7_idAAGZgen2,-6.1,23.588,21.221
6lu7_idAAGZgen2,-6.1,6.639,2.774
6lu7_idAAGZgen2,-6.1,33.245,29.259
6lu7_idAAGZgen2,-6.2,7.247,3.267
6lu7_idAAGZgen2,-6.2,4.704,1.981
6lu7_idAAGZgen2,-6.2,24.18,21.411
6lu7_idAAGZgen2,-6.3,20.844,17.075
6lu7_idAAGZgen2,-6.5,6.199,2.765
6lu7_idAAGZgen2,-6.6,0.0,0.0
6lu7_idAAHAgen2,-4.9,3.599,2.259
6lu7_idAAHAgen2,-5.2,24.396,22.047
6lu7_idAAHAgen2,-5.3,34.742,32.456
6lu7_idAAHAgen2,-5.4,34.947,31.955
6lu7_idAAHAgen2,-5.4,35.03,31.358
6lu7_idAAHAgen2,-5.4,34.543,31.565
6lu7_idAAHAgen2,-5.5,34.843,31.843
6lu7_idAAHAgen2,-5.8,34.584,31.796
6lu7_idAAHAgen2,-5.9,0.0,0.0
6lu7_idAAHCgen2,-5.0,27.519,24.316
6lu7_idAAHCgen2,-5.0,6.991,3.378
6lu7_idAAHCgen2,-5.1,22.406,19.371
6lu7_idAAHCgen2,-5.2,26.717,23.723
6lu7_idAAHCgen2,-5.2,27.848,24.825
6lu7_idAAHCgen2,-5.5,28.552,25.371
6lu7_idAAHCgen2,-5.5,26.988,23.741
6lu7_idAAHCgen2,-5.5,3.268,1.915
6lu7_idAAHCgen2,-6.2,0.0,0.0
6lu7_idAAHDgen2,-6.1,4.096,2.599
6lu7_idAAHDgen2,-6.2,6.811,3.176
6lu7_idAAHDgen2,-6.2,25.401,21.359
6lu7_idAAHDgen2,-6.3,27.119,24.148
6lu7_idAAHDgen2,-6.4,25.461,21.525
6lu7_idAAHDgen2,-6.4,5.194,2.41
6lu7_idAAHDgen2,-6.5,24.999,22.832
6lu7_idAAHDgen2,-6.6,3.536,1.848
6lu7_idAAHDgen2,-6.6,0.0,0.0
6lu7_idAAHEgen2,-6.8,24.192,20.596
6lu7_idAAHEgen2,-7.0,32.084,28.661
6lu7_idAAHEgen2,-7.1,6.306,2.735
6lu7_idAAHEgen2,-7.3,8.407,3.759
6lu7_idAAHEgen2,-7.4,3.275,1.206
6lu7_idAAHEgen2,-7.5,8.478,3.753
6lu7_idAAHEgen2,-7.5,8.502,3.822
6lu7_idAAHEgen2,-7.5,7.373,4.184
6lu7_idAAHEgen2,-8.1,0.0,0.0
6lu7_idAAHFgen2,-6.9,24.789,21.585
6lu7_idAAHFgen2,-6.9,3.151,1.858
6lu7_idAAHFgen2,-7.0,5.428,2.243
6lu7_idAAHFgen2,-7.0,20.512,16.009
6lu7_idAAHFgen2,-7.1,3.486,1.692
6lu7_idAAHFgen2,-7.2,25.859,22.198
6lu7_idAAHFgen2,-7.2,25.517,20.492
6lu7_idAAHFgen2,-7.2,25.049,20.426
6lu7_idAAHFgen2,-7.3,0.0,0.0
6lu7_idAAHGgen2,-8.7,8.186,2.994
6lu7_idAAHGgen2,-8.9,3.959,2.69
6lu7_idAAHGgen2,-8.9,2.186,1.249
6lu7_idAAHGgen2,-9.0,24.767,19.598
6lu7_idAAHGgen2,-9.0,8.39,2.977
6lu7_idAAHGgen2,-9.1,7.669,2.257
6lu7_idAAHGgen2,-9.4,7.725,2.661
6lu7_idAAHGgen2,-9.6,8.027,2.731
6lu7_idAAHGgen2,-9.6,0.0,0.0
6lu7_idAAHHgen2,-8.2,39.834,36.311
6lu7_idAAHHgen2,-8.3,5.125,3.3
6lu7_idAAHHgen2,-8.3,15.929,13.482
6lu7_idAAHHgen2,-8.4,15.73,13.427
6lu7_idAAHHgen2,-8.4,24.822,21.94
6lu7_idAAHHgen2,-8.6,23.056,20.073
6lu7_idAAHHgen2,-9.1,6.035,3.248
6lu7_idAAHHgen2,-9.4,5.629,2.265
6lu7_idAAHHgen2,-9.5,0.0,0.0
6lu7_idAAHIgen2,-6.2,34.128,32.524
6lu7_idAAHIgen2,-6.3,2.461,1.681
6lu7_idAAHIgen2,-6.3,2.972,1.4
6lu7_idAAHIgen2,-6.4,5.816,2.912
6lu7_idAAHIgen2,-6.5,6.009,3.609
6lu7_idAAHIgen2,-6.5,5.632,1.397
6lu7_idAAHIgen2,-7.0,5.008,1.267
6lu7_idAAHIgen2,-7.8,2.317,0.655
6lu7_idAAHIgen2,-8.3,0.0,0.0
6lu7_idAAHJgen2,-8.6,26.221,21.133
6lu7_idAAHJgen2,-8.6,7.366,1.85
6lu7_idAAHJgen2,-8.6,22.152,19.172
6lu7_idAAHJgen2,-8.7,23.979,19.849
6lu7_idAAHJgen2,-8.8,23.87,19.85
6lu7_idAAHJgen2,-8.9,2.157,1.797
6lu7_idAAHJgen2,-9.0,20.184,18.775
6lu7_idAAHJgen2,-9.0,21.887,19.176
6lu7_idAAHJgen2,-9.6,0.0,0.0
6lu7_idAAHKgen2,-6.5,19.94,16.742
6lu7_idAAHKgen2,-6.5,25.159,19.257
6lu7_idAAHKgen2,-6.6,14.112,3.681
6lu7_idAAHKgen2,-6.7,27.702,23.214
6lu7_idAAHKgen2,-6.7,4.043,1.575
6lu7_idAAHKgen2,-6.7,27.409,23.27
6lu7_idAAHKgen2,-6.8,13.506,8.514
6lu7_idAAHKgen2,-6.9,20.116,17.776
6lu7_idAAHKgen2,-7.0,0.0,0.0
6lu7_idAAHLgen2,-5.1,32.273,28.31
6lu7_idAAHLgen2,-5.1,6.359,3.462
6lu7_idAAHLgen2,-5.2,25.221,20.6
6lu7_idAAHLgen2,-5.2,3.498,2.485
6lu7_idAAHLgen2,-5.4,32.006,27.882
6lu7_idAAHLgen2,-5.5,25.839,23.505
6lu7_idAAHLgen2,-5.5,24.447,22.402
6lu7_idAAHLgen2,-5.6,3.298,2.444
6lu7_idAAHLgen2,-5.6,0.0,0.0
6lu7_idAAHMgen2,-7.3,4.236,1.665
6lu7_idAAHMgen2,-7.4,6.147,2.477
6lu7_idAAHMgen2,-7.4,21.585,18.701
6lu7_idAAHMgen2,-7.4,3.779,1.663
6lu7_idAAHMgen2,-7.5,25.104,21.976
6lu7_idAAHMgen2,-7.6,4.656,2.074
6lu7_idAAHMgen2,-7.6,3.898,1.43
6lu7_idAAHMgen2,-7.7,8.07,1.864
6lu7_idAAHMgen2,-7.8,0.0,0.0
6lu7_idAAHNgen2,-4.6,26.617,22.545
6lu7_idAAHNgen2,-4.6,25.307,22.548
6lu7_idAAHNgen2,-4.6,18.008,14.511
6lu7_idAAHNgen2,-4.6,18.845,15.19
6lu7_idAAHNgen2,-4.6,7.059,1.618
6lu7_idAAHNgen2,-4.8,7.353,1.785
6lu7_idAAHNgen2,-4.8,25.148,23.348
6lu7_idAAHNgen2,-5.1,17.351,14.337
6lu7_idAAHNgen2,-5.1,0.0,0.0
6lu7_idAAHOgen2,-4.5,26.109,23.47
6lu7_idAAHOgen2,-4.5,7.646,4.568
6lu7_idAAHOgen2,-4.6,27.41,24.288
6lu7_idAAHOgen2,-4.6,26.01,22.789
6lu7_idAAHOgen2,-4.6,7.266,3.386
6lu7_idAAHOgen2,-4.7,5.971,3.198
6lu7_idAAHOgen2,-4.7,26.273,23.382
6lu7_idAAHOgen2,-4.8,33.086,30.164
6lu7_idAAHOgen2,-5.3,0.0,0.0
6lu7_idAAHPgen2,-7.3,16.601,14.655
6lu7_idAAHPgen2,-7.4,6.124,3.912
6lu7_idAAHPgen2,-7.4,30.186,26.741
6lu7_idAAHPgen2,-7.5,7.142,3.742
6lu7_idAAHPgen2,-7.6,7.05,4.972
6lu7_idAAHPgen2,-7.6,21.736,20.514
6lu7_idAAHPgen2,-8.0,22.116,20.653
6lu7_idAAHPgen2,-8.3,8.577,2.472
6lu7_idAAHPgen2,-8.6,0.0,0.0
6lu7_idAAHQgen2,-8.0,8.308,5.081
6lu7_idAAHQgen2,-8.0,9.782,5.01
6lu7_idAAHQgen2,-8.0,28.15,25.167
6lu7_idAAHQgen2,-8.0,3.936,2.064
6lu7_idAAHQgen2,-8.1,2.51,1.8
6lu7_idAAHQgen2,-8.2,9.39,5.259
6lu7_idAAHQgen2,-8.3,10.219,5.031
6lu7_idAAHQgen2,-8.5,27.74,24.375
6lu7_idAAHQgen2,-8.7,0.0,0.0
6lu7_idAAHRgen2,-7.2,26.324,23.284
6lu7_idAAHRgen2,-7.3,8.97,4.47
6lu7_idAAHRgen2,-7.5,26.637,22.933
6lu7_idAAHRgen2,-7.5,8.21,5.352
6lu7_idAAHRgen2,-7.6,26.048,22.573
6lu7_idAAHRgen2,-7.7,2.301,1.556
6lu7_idAAHRgen2,-7.8,6.627,2.254
6lu7_idAAHRgen2,-7.9,7.862,5.248
6lu7_idAAHRgen2,-7.9,0.0,0.0
6lu7_idAAHSgen2,-9.8,21.933,17.197
6lu7_idAAHSgen2,-9.9,25.433,19.982
6lu7_idAAHSgen2,-10.0,15.651,7.532
6lu7_idAAHSgen2,-10.3,15.822,8.84
6lu7_idAAHSgen2,-10.6,18.274,10.568
6lu7_idAAHSgen2,-10.8,32.689,27.857
6lu7_idAAHSgen2,-10.9,29.548,22.486
6lu7_idAAHSgen2,-11.2,11.583,3.005
6lu7_idAAHSgen2,-12.6,0.0,0.0
6lu7_idAAHUgen2,-5.6,35.265,34.15
6lu7_idAAHUgen2,-5.7,41.041,37.764
6lu7_idAAHUgen2,-5.8,36.803,35.633
6lu7_idAAHUgen2,-5.8,55.745,52.767
6lu7_idAAHUgen2,-5.9,35.509,34.446
6lu7_idAAHUgen2,-6.0,42.403,39.286
6lu7_idAAHUgen2,-6.0,2.577,1.667
6lu7_idAAHUgen2,-6.1,41.615,38.534
6lu7_idAAHUgen2,-6.8,0.0,0.0
6lu7_idAAHVgen2,-7.6,37.651,34.041
6lu7_idAAHVgen2,-7.7,37.85,33.919
6lu7_idAAHVgen2,-7.7,6.01,2.156
6lu7_idAAHVgen2,-7.9,5.497,1.958
6lu7_idAAHVgen2,-8.0,6.664,2.888
6lu7_idAAHVgen2,-8.4,8.25,4.252
6lu7_idAAHVgen2,-8.6,5.069,2.657
6lu7_idAAHVgen2,-8.7,6.705,2.833
6lu7_idAAHVgen2,-9.0,0.0,0.0
6lu7_idAAHWgen2,-5.2,24.816,22.509
6lu7_idAAHWgen2,-5.3,7.822,3.441
6lu7_idAAHWgen2,-5.4,7.407,2.791
6lu7_idAAHWgen2,-5.4,25.285,23.032
6lu7_idAAHWgen2,-5.4,6.931,2.54
6lu7_idAAHWgen2,-5.4,25.34,22.579
6lu7_idAAHWgen2,-5.4,2.913,1.359
6lu7_idAAHWgen2,-5.5,3.028,2.308
6lu7_idAAHWgen2,-5.7,0.0,0.0
6lu7_idAAHXgen2,-8.9,27.02,14.988
6lu7_idAAHXgen2,-9.1,41.295,35.502
6lu7_idAAHXgen2,-9.2,32.372,24.456
6lu7_idAAHXgen2,-9.2,52.277,45.934
6lu7_idAAHXgen2,-9.2,28.732,20.245
6lu7_idAAHXgen2,-9.3,38.942,32.697
6lu7_idAAHXgen2,-9.4,36.803,33.078
6lu7_idAAHXgen2,-9.5,35.775,30.286
6lu7_idAAHXgen2,-9.6,0.0,0.0
6lu7_idAAHYgen2,-6.4,22.743,20.382
6lu7_idAAHYgen2,-6.4,14.264,10.297
6lu7_idAAHYgen2,-6.4,22.2,20.578
6lu7_idAAHYgen2,-6.5,7.165,2.274
6lu7_idAAHYgen2,-6.5,19.722,18.354
6lu7_idAAHYgen2,-6.5,24.075,21.172
6lu7_idAAHYgen2,-6.5,5.801,2.037
6lu7_idAAHYgen2,-6.8,22.426,19.968
6lu7_idAAHYgen2,-6.9,0.0,0.0
6lu7_idAAHZgen2,-7.1,9.239,4.511
6lu7_idAAHZgen2,-7.2,26.584,22.824
6lu7_idAAHZgen2,-7.3,7.504,2.382
6lu7_idAAHZgen2,-7.3,24.528,20.032
6lu7_idAAHZgen2,-7.6,8.633,3.408
6lu7_idAAHZgen2,-7.8,24.415,20.522
6lu7_idAAHZgen2,-7.9,26.034,22.738
6lu7_idAAHZgen2,-7.9,25.187,22.103
6lu7_idAAHZgen2,-8.4,0.0,0.0
6lu7_idAAIAgen2,-8.9,28.205,23.899
6lu7_idAAIAgen2,-8.9,26.293,24.221
6lu7_idAAIAgen2,-9.2,20.487,13.54
6lu7_idAAIAgen2,-9.2,10.529,5.218
6lu7_idAAIAgen2,-9.6,9.445,3.313
6lu7_idAAIAgen2,-9.8,6.529,2.023
6lu7_idAAIAgen2,-10.3,7.153,3.922
6lu7_idAAIAgen2,-10.4,43.611,38.152
6lu7_idAAIAgen2,-10.4,0.0,0.0
6lu7_idAAIBgen2,-4.8,4.161,2.155
6lu7_idAAIBgen2,-4.9,34.1,31.544
6lu7_idAAIBgen2,-4.9,4.262,2.397
6lu7_idAAIBgen2,-5.0,4.36,2.285
6lu7_idAAIBgen2,-5.0,4.915,2.832
6lu7_idAAIBgen2,-5.1,3.134,0.8
6lu7_idAAIBgen2,-5.3,35.033,32.807
6lu7_idAAIBgen2,-5.3,34.422,32.181
6lu7_idAAIBgen2,-5.3,0.0,0.0
6lu7_idAAICgen2,-7.3,8.214,2.965
6lu7_idAAICgen2,-7.3,5.144,2.489
6lu7_idAAICgen2,-7.4,19.006,16.309
6lu7_idAAICgen2,-7.4,5.536,2.748
6lu7_idAAICgen2,-7.6,25.528,23.047
6lu7_idAAICgen2,-7.8,25.292,22.024
6lu7_idAAICgen2,-7.8,26.823,23.303
6lu7_idAAICgen2,-7.9,4.175,1.917
6lu7_idAAICgen2,-8.1,0.0,0.0
6lu7_idAAIDgen2,-6.5,23.973,21.987
6lu7_idAAIDgen2,-6.5,33.397,30.734
6lu7_idAAIDgen2,-6.6,31.75,29.815
6lu7_idAAIDgen2,-6.8,26.973,24.251
6lu7_idAAIDgen2,-7.0,33.51,30.587
6lu7_idAAIDgen2,-7.1,7.047,5.185
6lu7_idAAIDgen2,-7.3,2.467,0.642
6lu7_idAAIDgen2,-7.3,25.666,22.651
6lu7_idAAIDgen2,-7.9,0.0,0.0
6lu7_idAAIEgen2,-7.8,2.571,1.862
6lu7_idAAIEgen2,-7.9,28.668,23.606
6lu7_idAAIEgen2,-8.0,40.214,37.095
6lu7_idAAIEgen2,-8.0,38.634,35.554
6lu7_idAAIEgen2,-8.0,6.846,2.341
6lu7_idAAIEgen2,-8.1,43.23,37.442
6lu7_idAAIEgen2,-8.2,40.461,35.516
6lu7_idAAIEgen2,-8.3,44.506,39.01
6lu7_idAAIEgen2,-8.5,0.0,0.0
6lu7_idAAIFgen2,-4.9,15.205,12.86
6lu7_idAAIFgen2,-4.9,23.095,21.046
6lu7_idAAIFgen2,-4.9,30.335,28.885
6lu7_idAAIFgen2,-4.9,20.546,19.15
6lu7_idAAIFgen2,-4.9,24.907,23.73
6lu7_idAAIFgen2,-5.0,3.464,2.13
6lu7_idAAIFgen2,-5.1,3.087,1.993
6lu7_idAAIFgen2,-5.1,2.464,1.797
6lu7_idAAIFgen2,-5.2,0.0,0.0
6lu7_idAAIGgen2,-7.4,21.81,17.398
6lu7_idAAIGgen2,-7.4,6.178,3.663
6lu7_idAAIGgen2,-7.5,20.315,17.055
6lu7_idAAIGgen2,-7.5,10.565,2.597
6lu7_idAAIGgen2,-7.6,23.664,19.498
6lu7_idAAIGgen2,-7.6,41.598,37.799
6lu7_idAAIGgen2,-7.7,28.098,22.805
6lu7_idAAIGgen2,-7.8,11.064,2.912
6lu7_idAAIGgen2,-8.3,0.0,0.0
6lu7_idAAIHgen2,-5.3,25.951,23.025
6lu7_idAAIHgen2,-5.4,24.191,21.698
6lu7_idAAIHgen2,-5.4,4.004,2.567
6lu7_idAAIHgen2,-5.4,23.09,21.53
6lu7_idAAIHgen2,-5.5,24.468,21.422
6lu7_idAAIHgen2,-5.7,29.094,27.185
6lu7_idAAIHgen2,-5.9,3.964,2.248
6lu7_idAAIHgen2,-6.0,23.549,20.848
6lu7_idAAIHgen2,-6.7,0.0,0.0
6lu7_idAAIIgen2,-6.3,3.51,2.738
6lu7_idAAIIgen2,-6.3,8.898,5.3
6lu7_idAAIIgen2,-6.4,33.787,30.593
6lu7_idAAIIgen2,-6.4,33.986,30.673
6lu7_idAAIIgen2,-6.5,8.395,4.51
6lu7_idAAIIgen2,-6.7,25.436,19.926
6lu7_idAAIIgen2,-6.8,12.019,9.257
6lu7_idAAIIgen2,-7.1,26.761,20.767
6lu7_idAAIIgen2,-7.1,0.0,0.0
6lu7_idAAIJgen2,-8.6,6.716,2.556
6lu7_idAAIJgen2,-8.6,51.488,46.541
6lu7_idAAIJgen2,-8.8,22.816,20.271
6lu7_idAAIJgen2,-8.9,53.859,50.168
6lu7_idAAIJgen2,-8.9,11.236,2.194
6lu7_idAAIJgen2,-9.0,12.535,1.988
6lu7_idAAIJgen2,-9.0,53.643,50.064
6lu7_idAAIJgen2,-9.9,27.037,22.218
6lu7_idAAIJgen2,-10.4,0.0,0.0
6lu7_idAAIKgen2,-7.5,27.994,22.122
6lu7_idAAIKgen2,-7.5,26.602,18.697
6lu7_idAAIKgen2,-7.7,12.888,8.488
6lu7_idAAIKgen2,-7.7,33.061,27.524
6lu7_idAAIKgen2,-7.8,34.63,28.814
6lu7_idAAIKgen2,-7.9,11.637,3.82
6lu7_idAAIKgen2,-7.9,15.692,8.972
6lu7_idAAIKgen2,-8.0,11.634,7.409
6lu7_idAAIKgen2,-8.7,0.0,0.0
6lu7_idAAILgen2,-5.9,4.153,3.078
6lu7_idAAILgen2,-5.9,4.228,2.711
6lu7_idAAILgen2,-5.9,4.005,2.376
6lu7_idAAILgen2,-6.0,3.836,2.19
6lu7_idAAILgen2,-6.0,19.815,16.643
6lu7_idAAILgen2,-6.0,2.404,1.403
6lu7_idAAILgen2,-6.0,23.464,21.647
6lu7_idAAILgen2,-6.1,18.877,15.597
6lu7_idAAILgen2,-6.2,0.0,0.0
6lu7_idAAIMgen2,-7.7,22.586,18.597
6lu7_idAAIMgen2,-7.8,8.567,3.083
6lu7_idAAIMgen2,-7.8,8.025,2.966
6lu7_idAAIMgen2,-7.8,5.954,1.985
6lu7_idAAIMgen2,-8.0,34.318,30.243
6lu7_idAAIMgen2,-8.1,21.185,18.737
6lu7_idAAIMgen2,-8.2,9.0,3.322
6lu7_idAAIMgen2,-8.3,6.753,2.001
6lu7_idAAIMgen2,-8.4,0.0,0.0
6lu7_idAAIOgen2,-7.0,16.611,9.112
6lu7_idAAIOgen2,-7.0,31.06,27.903
6lu7_idAAIOgen2,-7.1,30.579,26.5
6lu7_idAAIOgen2,-7.1,16.148,9.231
6lu7_idAAIOgen2,-7.3,27.041,23.581
6lu7_idAAIOgen2,-7.3,2.601,1.584
6lu7_idAAIOgen2,-7.4,28.031,22.405
6lu7_idAAIOgen2,-7.6,25.407,20.547
6lu7_idAAIOgen2,-7.7,0.0,0.0
6lu7_idAAIPgen2,-5.7,24.459,22.112
6lu7_idAAIPgen2,-5.9,23.781,20.934
6lu7_idAAIPgen2,-5.9,5.237,2.81
6lu7_idAAIPgen2,-6.0,2.363,1.797
6lu7_idAAIPgen2,-6.1,1.962,1.24
6lu7_idAAIPgen2,-6.3,5.822,1.16
6lu7_idAAIPgen2,-6.6,5.596,1.354
6lu7_idAAIPgen2,-6.7,2.26,1.158
6lu7_idAAIPgen2,-7.0,0.0,0.0
6lu7_idAAIQgen2,-9.7,14.728,7.181
6lu7_idAAIQgen2,-9.7,26.774,23.513
6lu7_idAAIQgen2,-9.7,12.282,2.52
6lu7_idAAIQgen2,-9.8,28.66,21.609
6lu7_idAAIQgen2,-9.9,5.145,2.202
6lu7_idAAIQgen2,-9.9,9.499,3.459
6lu7_idAAIQgen2,-10.2,12.326,2.462
6lu7_idAAIQgen2,-10.2,6.071,2.571
6lu7_idAAIQgen2,-10.3,0.0,0.0
6lu7_idAAIRgen2,-7.2,8.332,2.923
6lu7_idAAIRgen2,-7.3,2.281,1.495
6lu7_idAAIRgen2,-7.3,13.27,10.654
6lu7_idAAIRgen2,-7.4,35.152,31.2
6lu7_idAAIRgen2,-7.6,7.032,2.88
6lu7_idAAIRgen2,-7.7,5.803,2.516
6lu7_idAAIRgen2,-7.7,23.733,22.298
6lu7_idAAIRgen2,-7.9,7.101,1.97
6lu7_idAAIRgen2,-8.3,0.0,0.0
6lu7_idAAISgen2,-8.5,8.689,2.793
6lu7_idAAISgen2,-8.5,24.486,22.661
6lu7_idAAISgen2,-8.5,5.06,3.266
6lu7_idAAISgen2,-8.6,25.61,21.539
6lu7_idAAISgen2,-8.6,23.419,22.21
6lu7_idAAISgen2,-8.7,8.652,2.239
6lu7_idAAISgen2,-9.0,23.876,20.206
6lu7_idAAISgen2,-9.8,2.134,1.478
6lu7_idAAISgen2,-10.4,0.0,0.0
6lu7_idAAITgen2,-7.6,10.077,3.643
6lu7_idAAITgen2,-7.6,7.09,2.673
6lu7_idAAITgen2,-7.6,24.644,18.366
6lu7_idAAITgen2,-7.7,16.916,13.631
6lu7_idAAITgen2,-7.7,2.416,1.747
6lu7_idAAITgen2,-7.7,7.222,4.331
6lu7_idAAITgen2,-7.7,41.563,36.033
6lu7_idAAITgen2,-7.8,7.574,3.611
6lu7_idAAITgen2,-8.2,0.0,0.0
6lu7_idAAIVgen2,-8.5,9.773,2.42
6lu7_idAAIVgen2,-8.5,16.446,10.43
6lu7_idAAIVgen2,-8.6,13.55,11.972
6lu7_idAAIVgen2,-8.7,34.73,28.74
6lu7_idAAIVgen2,-8.7,23.085,18.139
6lu7_idAAIVgen2,-8.9,33.311,28.118
6lu7_idAAIVgen2,-8.9,20.204,18.896
6lu7_idAAIVgen2,-8.9,35.747,29.78
6lu7_idAAIVgen2,-9.2,0.0,0.0
6lu7_idAAIWgen2,-7.5,9.073,2.746
6lu7_idAAIWgen2,-7.7,8.453,2.877
6lu7_idAAIWgen2,-7.7,24.323,20.453
6lu7_idAAIWgen2,-7.8,22.946,18.838
6lu7_idAAIWgen2,-7.9,7.668,2.47
6lu7_idAAIWgen2,-7.9,8.179,2.865
6lu7_idAAIWgen2,-8.0,2.449,1.439
6lu7_idAAIWgen2,-8.0,8.0,2.48
6lu7_idAAIWgen2,-8.1,0.0,0.0
6lu7_idAAIXgen2,-9.3,13.664,11.249
6lu7_idAAIXgen2,-9.7,30.64,23.941
6lu7_idAAIXgen2,-9.8,14.531,9.75
6lu7_idAAIXgen2,-10.1,25.044,23.039
6lu7_idAAIXgen2,-10.1,14.402,11.824
6lu7_idAAIXgen2,-10.3,32.659,31.03
6lu7_idAAIXgen2,-10.4,2.211,1.491
6lu7_idAAIXgen2,-10.5,11.605,7.278
6lu7_idAAIXgen2,-10.7,0.0,0.0
6lu7_idAAIYgen2,-8.3,3.807,2.517
6lu7_idAAIYgen2,-8.4,15.182,13.56
6lu7_idAAIYgen2,-8.4,9.666,6.365
6lu7_idAAIYgen2,-8.5,5.983,3.231
6lu7_idAAIYgen2,-8.6,7.327,4.413
6lu7_idAAIYgen2,-8.6,5.024,3.138
6lu7_idAAIYgen2,-8.7,7.025,3.379
6lu7_idAAIYgen2,-9.1,7.786,3.109
6lu7_idAAIYgen2,-10.1,0.0,0.0
6lu7_idAAIZgen2,-8.9,12.902,4.043
6lu7_idAAIZgen2,-8.9,29.73,25.293
6lu7_idAAIZgen2,-9.1,40.914,35.372
6lu7_idAAIZgen2,-9.1,17.068,8.734
6lu7_idAAIZgen2,-9.3,12.408,9.091
6lu7_idAAIZgen2,-9.3,17.546,9.627
6lu7_idAAIZgen2,-9.3,17.043,9.104
6lu7_idAAIZgen2,-9.3,8.511,3.618
6lu7_idAAIZgen2,-9.5,0.0,0.0
6lu7_idAAJAgen2,-8.3,10.475,4.314
6lu7_idAAJAgen2,-8.4,9.137,5.237
6lu7_idAAJAgen2,-8.4,33.045,30.354
6lu7_idAAJAgen2,-8.5,26.342,21.198
6lu7_idAAJAgen2,-8.6,28.134,21.133
6lu7_idAAJAgen2,-8.8,23.54,21.04
6lu7_idAAJAgen2,-8.8,23.401,20.4
6lu7_idAAJAgen2,-8.9,27.992,21.365
6lu7_idAAJAgen2,-9.0,0.0,0.0
6lu7_idAAJBgen2,-9.3,34.787,33.552
6lu7_idAAJBgen2,-9.3,34.623,28.365
6lu7_idAAJBgen2,-9.4,31.045,27.635
6lu7_idAAJBgen2,-9.4,34.646,33.274
6lu7_idAAJBgen2,-9.6,17.999,9.64
6lu7_idAAJBgen2,-9.8,25.631,23.093
6lu7_idAAJBgen2,-10.2,26.236,21.845
6lu7_idAAJBgen2,-10.5,26.649,23.077
6lu7_idAAJBgen2,-11.2,0.0,0.0
6lu7_idAAJCgen2,-4.8,25.07,23.496
6lu7_idAAJCgen2,-4.8,5.9,2.832
6lu7_idAAJCgen2,-4.9,34.216,31.869
6lu7_idAAJCgen2,-5.2,6.454,3.211
6lu7_idAAJCgen2,-5.2,5.019,2.455
6lu7_idAAJCgen2,-5.2,34.042,32.011
6lu7_idAAJCgen2,-5.3,5.295,3.406
6lu7_idAAJCgen2,-5.4,3.619,2.804
6lu7_idAAJCgen2,-5.6,0.0,0.0
6lu7_idAAJDgen2,-8.3,23.671,21.008
6lu7_idAAJDgen2,-8.4,6.467,3.27
6lu7_idAAJDgen2,-8.4,7.173,2.154
6lu7_idAAJDgen2,-8.7,6.74,2.467
6lu7_idAAJDgen2,-8.8,4.616,2.95
6lu7_idAAJDgen2,-8.8,6.676,2.192
6lu7_idAAJDgen2,-8.9,6.022,2.413
6lu7_idAAJDgen2,-9.0,7.258,2.137
6lu7_idAAJDgen2,-9.8,0.0,0.0
6lu7_idAAJFgen2,-5.9,25.648,23.788
6lu7_idAAJFgen2,-6.0,3.387,2.12
6lu7_idAAJFgen2,-6.0,23.972,20.749
6lu7_idAAJFgen2,-6.1,2.232,1.25
6lu7_idAAJFgen2,-6.1,25.354,23.152
6lu7_idAAJFgen2,-6.1,31.347,29.652
6lu7_idAAJFgen2,-6.3,23.912,20.56
6lu7_idAAJFgen2,-6.5,3.258,2.348
6lu7_idAAJFgen2,-6.9,0.0,0.0
6lu7_idAAJGgen2,-8.7,30.146,24.805
6lu7_idAAJGgen2,-8.7,25.133,21.678
6lu7_idAAJGgen2,-8.7,22.162,14.674
6lu7_idAAJGgen2,-8.7,16.134,8.866
6lu7_idAAJGgen2,-8.9,13.422,8.801
6lu7_idAAJGgen2,-9.1,16.361,9.08
6lu7_idAAJGgen2,-9.1,17.764,10.031
6lu7_idAAJGgen2,-9.1,15.539,8.595
6lu7_idAAJGgen2,-9.2,0.0,0.0
6lu7_idAAJIgen2,-6.9,35.444,33.575
6lu7_idAAJIgen2,-7.0,25.103,22.844
6lu7_idAAJIgen2,-7.3,2.241,1.737
6lu7_idAAJIgen2,-7.3,24.026,21.791
6lu7_idAAJIgen2,-7.5,7.536,5.348
6lu7_idAAJIgen2,-7.6,8.266,6.21
6lu7_idAAJIgen2,-8.2,2.794,1.467
6lu7_idAAJIgen2,-8.3,3.157,1.247
6lu7_idAAJIgen2,-8.6,0.0,0.0
6lu7_idAAJJgen2,-6.0,27.028,24.87
6lu7_idAAJJgen2,-6.0,9.057,4.212
6lu7_idAAJJgen2,-6.0,21.84,19.266
6lu7_idAAJJgen2,-6.1,7.539,3.464
6lu7_idAAJJgen2,-6.1,22.1,19.755
6lu7_idAAJJgen2,-6.1,5.148,3.255
6lu7_idAAJJgen2,-6.5,7.756,4.177
6lu7_idAAJJgen2,-6.5,21.112,19.26
6lu7_idAAJJgen2,-6.6,0.0,0.0
6lu7_idAAJLgen2,-6.9,25.285,22.932
6lu7_idAAJLgen2,-7.0,5.093,2.796
6lu7_idAAJLgen2,-7.1,23.626,22.578
6lu7_idAAJLgen2,-7.2,24.811,22.048
6lu7_idAAJLgen2,-7.3,4.662,2.465
6lu7_idAAJLgen2,-7.4,22.768,20.343
6lu7_idAAJLgen2,-7.7,23.644,21.534
6lu7_idAAJLgen2,-8.3,25.34,22.668
6lu7_idAAJLgen2,-8.5,0.0,0.0
6lu7_idAAJMgen2,-8.9,32.19,27.37
6lu7_idAAJMgen2,-8.9,32.38,27.771
6lu7_idAAJMgen2,-9.0,23.278,20.125
6lu7_idAAJMgen2,-9.1,22.62,17.573
6lu7_idAAJMgen2,-9.3,32.779,27.738
6lu7_idAAJMgen2,-9.3,10.661,2.024
6lu7_idAAJMgen2,-9.4,22.888,20.385
6lu7_idAAJMgen2,-9.5,43.449,37.981
6lu7_idAAJMgen2,-10.1,0.0,0.0
6lu7_idAAJNgen2,-6.7,24.975,22.589
6lu7_idAAJNgen2,-6.7,10.119,6.097
6lu7_idAAJNgen2,-6.8,7.548,3.054
6lu7_idAAJNgen2,-6.9,22.438,19.456
6lu7_idAAJNgen2,-7.0,5.996,1.933
6lu7_idAAJNgen2,-7.5,21.928,18.525
6lu7_idAAJNgen2,-7.5,8.846,5.575
6lu7_idAAJNgen2,-7.5,38.333,36.721
6lu7_idAAJNgen2,-7.7,0.0,0.0
6lu7_idAAJOgen2,-9.4,32.928,26.231
6lu7_idAAJOgen2,-9.4,25.873,22.718
6lu7_idAAJOgen2,-9.5,22.07,20.083
6lu7_idAAJOgen2,-9.8,32.931,31.195
6lu7_idAAJOgen2,-9.9,6.538,3.971
6lu7_idAAJOgen2,-10.0,16.144,12.74
6lu7_idAAJOgen2,-10.1,43.175,37.183
6lu7_idAAJOgen2,-10.1,7.599,3.092
6lu7_idAAJOgen2,-10.6,0.0,0.0
6lu7_idAAJPgen2,-10.2,23.155,16.862
6lu7_idAAJPgen2,-10.2,10.229,4.342
6lu7_idAAJPgen2,-10.3,23.171,16.571
6lu7_idAAJPgen2,-10.4,2.223,1.473
6lu7_idAAJPgen2,-10.4,9.654,5.023
6lu7_idAAJPgen2,-10.7,10.392,4.598
6lu7_idAAJPgen2,-10.7,27.774,22.405
6lu7_idAAJPgen2,-11.0,8.338,3.62
6lu7_idAAJPgen2,-11.1,0.0,0.0
6lu7_idAAJQgen2,-5.3,21.718,17.52
6lu7_idAAJQgen2,-5.4,17.326,13.222
6lu7_idAAJQgen2,-5.4,6.588,4.153
6lu7_idAAJQgen2,-5.5,8.828,3.176
6lu7_idAAJQgen2,-5.6,4.687,3.121
6lu7_idAAJQgen2,-5.6,9.743,3.468
6lu7_idAAJQgen2,-5.6,9.494,4.104
6lu7_idAAJQgen2,-5.6,24.19,22.26
6lu7_idAAJQgen2,-5.7,0.0,0.0
6lu7_idAAJRgen2,-6.4,26.663,22.004
6lu7_idAAJRgen2,-6.5,25.893,23.251
6lu7_idAAJRgen2,-6.7,30.132,27.152
6lu7_idAAJRgen2,-6.8,26.623,23.213
6lu7_idAAJRgen2,-6.9,25.891,22.931
6lu7_idAAJRgen2,-7.2,25.859,22.567
6lu7_idAAJRgen2,-7.4,9.606,5.192
6lu7_idAAJRgen2,-7.4,26.135,23.184
6lu7_idAAJRgen2,-7.6,0.0,0.0
6lu7_idAAJSgen2,-8.0,7.687,3.69
6lu7_idAAJSgen2,-8.0,11.729,4.126
6lu7_idAAJSgen2,-8.1,25.341,20.764
6lu7_idAAJSgen2,-8.1,12.296,7.094
6lu7_idAAJSgen2,-8.1,14.561,11.448
6lu7_idAAJSgen2,-8.1,6.994,3.795
6lu7_idAAJSgen2,-8.3,27.014,22.354
6lu7_idAAJSgen2,-8.5,0.0,0.0
6lu7_idAAJSgen2,-8.5,3.91,2.973
6lu7_idAAJTgen2,-8.0,7.405,3.732
6lu7_idAAJTgen2,-8.3,39.264,35.398
6lu7_idAAJTgen2,-8.3,7.916,3.531
6lu7_idAAJTgen2,-8.5,6.142,3.633
6lu7_idAAJTgen2,-8.6,5.279,2.815
6lu7_idAAJTgen2,-8.6,6.763,3.217
6lu7_idAAJTgen2,-9.0,23.509,19.582
6lu7_idAAJTgen2,-9.0,6.834,2.945
6lu7_idAAJTgen2,-9.5,0.0,0.0
6lu7_idAAJUgen2,-9.2,31.815,26.698
6lu7_idAAJUgen2,-9.3,12.248,4.252
6lu7_idAAJUgen2,-9.3,16.226,13.724
6lu7_idAAJUgen2,-9.4,9.27,4.876
6lu7_idAAJUgen2,-9.5,12.055,3.757
6lu7_idAAJUgen2,-9.5,8.229,3.196
6lu7_idAAJUgen2,-10.0,11.956,4.017
6lu7_idAAJUgen2,-10.4,13.158,6.837
6lu7_idAAJUgen2,-10.6,0.0,0.0
6lu7_idAAJVgen2,-8.8,25.081,20.877
6lu7_idAAJVgen2,-8.9,7.349,2.163
6lu7_idAAJVgen2,-9.0,16.493,11.534
6lu7_idAAJVgen2,-9.0,11.714,5.832
6lu7_idAAJVgen2,-9.1,8.666,2.773
6lu7_idAAJVgen2,-9.3,9.778,3.089
6lu7_idAAJVgen2,-9.5,10.617,3.576
6lu7_idAAJVgen2,-9.5,8.499,2.611
6lu7_idAAJVgen2,-9.8,0.0,0.0
6lu7_idAAJWgen2,-8.3,7.8,3.329
6lu7_idAAJWgen2,-8.3,9.648,5.978
6lu7_idAAJWgen2,-8.3,6.046,2.419
6lu7_idAAJWgen2,-8.4,5.203,2.93
6lu7_idAAJWgen2,-8.5,24.336,20.546
6lu7_idAAJWgen2,-8.5,6.791,2.988
6lu7_idAAJWgen2,-8.7,6.093,3.033
6lu7_idAAJWgen2,-9.0,7.78,2.762
6lu7_idAAJWgen2,-9.9,0.0,0.0
6lu7_idAAJXgen2,-9.4,9.99,4.584
6lu7_idAAJXgen2,-9.5,22.605,17.66
6lu7_idAAJXgen2,-9.6,25.027,21.53
6lu7_idAAJXgen2,-9.6,2.31,1.809
6lu7_idAAJXgen2,-9.7,32.597,28.269
6lu7_idAAJXgen2,-9.8,34.376,29.06
6lu7_idAAJXgen2,-9.9,0.0,0.0
6lu7_idAAJXgen2,-9.9,16.062,10.738
6lu7_idAAJXgen2,-9.9,24.979,21.125
6lu7_idAAJYgen2,-7.6,34.089,29.362
6lu7_idAAJYgen2,-7.7,45.51,39.583
6lu7_idAAJYgen2,-7.7,33.986,29.996
6lu7_idAAJYgen2,-7.7,9.196,2.358
6lu7_idAAJYgen2,-7.8,5.649,2.777
6lu7_idAAJYgen2,-7.9,21.828,20.764
6lu7_idAAJYgen2,-8.0,41.59,36.988
6lu7_idAAJYgen2,-8.1,40.205,35.827
6lu7_idAAJYgen2,-8.6,0.0,0.0
6lu7_idAAJZgen2,-8.0,8.657,3.674
6lu7_idAAJZgen2,-8.2,2.796,1.94
6lu7_idAAJZgen2,-8.3,31.701,25.915
6lu7_idAAJZgen2,-8.3,25.017,20.899
6lu7_idAAJZgen2,-8.3,7.816,3.048
6lu7_idAAJZgen2,-8.6,6.924,3.153
6lu7_idAAJZgen2,-8.7,25.671,20.688
6lu7_idAAJZgen2,-9.3,2.554,1.748
6lu7_idAAJZgen2,-9.5,0.0,0.0
6lu7_idAAKAgen2,-10.7,30.131,27.107
6lu7_idAAKAgen2,-10.8,36.296,27.485
6lu7_idAAKAgen2,-10.9,32.569,28.168
6lu7_idAAKAgen2,-11.0,33.933,27.145
6lu7_idAAKAgen2,-11.1,51.507,47.134
6lu7_idAAKAgen2,-11.2,28.032,24.561
6lu7_idAAKAgen2,-11.2,34.67,27.835
6lu7_idAAKAgen2,-11.8,2.583,1.696
6lu7_idAAKAgen2,-13.0,0.0,0.0
6lu7_idAAKBgen2,-8.6,6.171,3.622
6lu7_idAAKBgen2,-8.6,8.306,3.569
6lu7_idAAKBgen2,-8.8,25.069,20.303
6lu7_idAAKBgen2,-8.9,23.232,19.446
6lu7_idAAKBgen2,-9.0,8.787,2.574
6lu7_idAAKBgen2,-9.0,23.66,20.197
6lu7_idAAKBgen2,-9.3,23.841,21.467
6lu7_idAAKBgen2,-9.4,7.573,3.686
6lu7_idAAKBgen2,-10.4,0.0,0.0
6lu7_idAAKCgen2,-7.2,26.119,22.136
6lu7_idAAKCgen2,-7.2,24.686,21.651
6lu7_idAAKCgen2,-7.3,27.291,23.418
6lu7_idAAKCgen2,-7.3,26.262,23.261
6lu7_idAAKCgen2,-7.3,9.289,5.12
6lu7_idAAKCgen2,-7.5,12.999,7.115
6lu7_idAAKCgen2,-7.5,30.261,26.335
6lu7_idAAKCgen2,-8.1,0.0,0.0
6lu7_idAAKCgen2,-8.1,11.559,6.403
6lu7_idAAKDgen2,-8.1,16.419,13.339
6lu7_idAAKDgen2,-8.3,9.182,2.69
6lu7_idAAKDgen2,-8.4,5.686,2.398
6lu7_idAAKDgen2,-8.4,8.355,3.61
6lu7_idAAKDgen2,-8.4,5.675,2.489
6lu7_idAAKDgen2,-8.5,9.062,2.445
6lu7_idAAKDgen2,-8.6,8.554,2.343
6lu7_idAAKDgen2,-8.8,7.253,3.552
6lu7_idAAKDgen2,-9.4,0.0,0.0
6lu7_idAAKEgen2,-8.2,8.03,4.312
6lu7_idAAKEgen2,-8.5,6.912,3.958
6lu7_idAAKEgen2,-8.5,8.106,4.713
6lu7_idAAKEgen2,-8.8,24.146,22.261
6lu7_idAAKEgen2,-9.1,6.536,3.568
6lu7_idAAKEgen2,-9.2,7.83,3.417
6lu7_idAAKEgen2,-9.3,24.128,20.515
6lu7_idAAKEgen2,-9.7,0.0,0.0
6lu7_idAAKEgen2,-9.7,7.456,3.915
6lu7_idAAKFgen2,-8.1,14.992,11.484
6lu7_idAAKFgen2,-8.2,8.288,2.993
6lu7_idAAKFgen2,-8.3,26.372,20.524
6lu7_idAAKFgen2,-8.7,10.538,2.778
6lu7_idAAKFgen2,-8.9,2.539,1.618
6lu7_idAAKFgen2,-9.0,7.768,2.214
6lu7_idAAKFgen2,-9.0,16.838,12.654
6lu7_idAAKFgen2,-9.1,0.0,0.0
6lu7_idAAKFgen2,-9.1,8.507,3.091
6lu7_idAAKGgen2,-5.2,50.697,47.788
6lu7_idAAKGgen2,-5.3,20.103,16.566
6lu7_idAAKGgen2,-5.3,48.299,44.831
6lu7_idAAKGgen2,-5.3,1.978,1.343
6lu7_idAAKGgen2,-5.3,14.767,12.195
6lu7_idAAKGgen2,-5.3,16.512,13.388
6lu7_idAAKGgen2,-5.4,31.007,28.07
6lu7_idAAKGgen2,-5.7,17.707,14.655
6lu7_idAAKGgen2,-5.9,0.0,0.0
6lu7_idAAKHgen2,-7.9,31.177,30.314
6lu7_idAAKHgen2,-7.9,21.921,17.881
6lu7_idAAKHgen2,-8.1,20.283,14.305
6lu7_idAAKHgen2,-8.1,43.002,38.432
6lu7_idAAKHgen2,-8.2,7.28,2.339
6lu7_idAAKHgen2,-8.2,25.126,24.097
6lu7_idAAKHgen2,-8.3,6.686,2.63
6lu7_idAAKHgen2,-8.4,0.0,0.0
6lu7_idAAKHgen2,-8.4,26.005,22.913
6lu7_idAAKJgen2,-6.2,22.342,18.816
6lu7_idAAKJgen2,-6.3,22.802,20.52
6lu7_idAAKJgen2,-6.3,17.65,15.341
6lu7_idAAKJgen2,-6.4,22.828,20.823
6lu7_idAAKJgen2,-6.5,44.994,41.233
6lu7_idAAKJgen2,-6.5,23.52,21.235
6lu7_idAAKJgen2,-6.5,14.556,11.676
6lu7_idAAKJgen2,-7.0,4.584,3.488
6lu7_idAAKJgen2,-7.2,0.0,0.0
6lu7_idAAKKgen2,-7.1,8.388,2.355
6lu7_idAAKKgen2,-7.1,7.587,2.424
6lu7_idAAKKgen2,-7.3,7.294,2.448
6lu7_idAAKKgen2,-7.4,23.821,19.487
6lu7_idAAKKgen2,-7.4,24.914,19.405
6lu7_idAAKKgen2,-7.5,7.649,2.653
6lu7_idAAKKgen2,-7.5,23.523,19.054
6lu7_idAAKKgen2,-7.5,27.043,22.021
6lu7_idAAKKgen2,-8.2,0.0,0.0
6lu7_idAAKLgen2,-6.7,19.09,14.838
6lu7_idAAKLgen2,-6.7,25.435,23.143
6lu7_idAAKLgen2,-6.7,5.092,3.123
6lu7_idAAKLgen2,-6.7,15.538,9.662
6lu7_idAAKLgen2,-6.8,5.52,4.06
6lu7_idAAKLgen2,-6.8,25.222,21.33
6lu7_idAAKLgen2,-6.9,3.527,2.815
6lu7_idAAKLgen2,-7.3,14.202,8.231
6lu7_idAAKLgen2,-7.6,0.0,0.0
6lu7_idAAKMgen2,-7.6,38.773,34.03
6lu7_idAAKMgen2,-7.6,24.744,18.564
6lu7_idAAKMgen2,-7.6,31.79,26.999
6lu7_idAAKMgen2,-7.7,18.345,12.78
6lu7_idAAKMgen2,-7.7,8.521,3.323
6lu7_idAAKMgen2,-7.9,26.628,21.924
6lu7_idAAKMgen2,-8.0,7.419,4.421
6lu7_idAAKMgen2,-8.1,0.0,0.0
6lu7_idAAKMgen2,-8.1,25.86,22.223
6lu7_idAAKOgen2,-8.7,30.702,24.172
6lu7_idAAKOgen2,-8.7,11.111,2.202
6lu7_idAAKOgen2,-9.0,10.838,1.991
6lu7_idAAKOgen2,-9.2,26.75,20.906
6lu7_idAAKOgen2,-10.2,41.757,36.314
6lu7_idAAKOgen2,-10.2,21.553,20.466
6lu7_idAAKOgen2,-10.2,9.408,3.042
6lu7_idAAKOgen2,-10.3,7.822,4.029
6lu7_idAAKOgen2,-10.5,0.0,0.0
6lu7_idAAKPgen2,-8.8,17.596,14.753
6lu7_idAAKPgen2,-8.8,29.313,26.052
6lu7_idAAKPgen2,-8.9,20.158,14.426
6lu7_idAAKPgen2,-8.9,8.43,3.154
6lu7_idAAKPgen2,-8.9,26.458,21.2
6lu7_idAAKPgen2,-8.9,46.462,41.501
6lu7_idAAKPgen2,-9.0,35.699,30.824
6lu7_idAAKPgen2,-9.0,37.986,31.626
6lu7_idAAKPgen2,-9.8,0.0,0.0
6lu7_idAAKQgen2,-9.2,12.276,5.708
6lu7_idAAKQgen2,-9.3,16.911,10.561
6lu7_idAAKQgen2,-9.3,32.32,29.744
6lu7_idAAKQgen2,-9.4,33.672,26.829
6lu7_idAAKQgen2,-9.4,24.297,17.47
6lu7_idAAKQgen2,-9.5,15.615,9.297
6lu7_idAAKQgen2,-9.5,31.165,24.248
6lu7_idAAKQgen2,-9.8,38.682,32.589
6lu7_idAAKQgen2,-10.1,0.0,0.0
6lu7_idAAKRgen2,-5.1,7.591,2.689
6lu7_idAAKRgen2,-5.2,3.967,1.999
6lu7_idAAKRgen2,-5.2,24.871,20.044
6lu7_idAAKRgen2,-5.2,2.461,1.165
6lu7_idAAKRgen2,-5.2,7.062,4.294
6lu7_idAAKRgen2,-5.4,24.555,20.078
6lu7_idAAKRgen2,-5.5,24.37,19.692
6lu7_idAAKRgen2,-5.5,23.916,19.583
6lu7_idAAKRgen2,-5.8,0.0,0.0
6lu7_idAAKSgen2,-8.1,9.08,3.37
6lu7_idAAKSgen2,-8.3,39.946,35.921
6lu7_idAAKSgen2,-8.3,8.084,4.232
6lu7_idAAKSgen2,-8.4,7.765,3.437
6lu7_idAAKSgen2,-8.4,25.14,19.265
6lu7_idAAKSgen2,-8.5,7.442,3.176
6lu7_idAAKSgen2,-8.8,25.096,22.438
6lu7_idAAKSgen2,-9.0,7.428,3.404
6lu7_idAAKSgen2,-9.1,0.0,0.0
6lu7_idAAKUgen2,-5.8,21.413,19.201
6lu7_idAAKUgen2,-5.8,19.699,18.457
6lu7_idAAKUgen2,-5.9,12.972,11.339
6lu7_idAAKUgen2,-5.9,15.871,12.915
6lu7_idAAKUgen2,-6.0,21.011,19.061
6lu7_idAAKUgen2,-6.1,22.008,19.683
6lu7_idAAKUgen2,-6.1,32.277,30.739
6lu7_idAAKUgen2,-6.2,20.469,18.604
6lu7_idAAKUgen2,-6.3,0.0,0.0
6lu7_idAAKVgen2,-10.0,3.238,1.948
6lu7_idAAKVgen2,-10.1,28.607,24.714
6lu7_idAAKVgen2,-10.4,13.673,4.478
6lu7_idAAKVgen2,-10.4,23.871,19.573
6lu7_idAAKVgen2,-10.6,13.587,7.536
6lu7_idAAKVgen2,-10.7,14.842,4.952
6lu7_idAAKVgen2,-10.8,2.722,1.802
6lu7_idAAKVgen2,-11.1,14.577,6.641
6lu7_idAAKVgen2,-11.2,0.0,0.0
6lu7_idAAKWgen2,-6.9,39.264,37.502
6lu7_idAAKWgen2,-6.9,36.65,35.39
6lu7_idAAKWgen2,-7.0,32.807,31.539
6lu7_idAAKWgen2,-7.0,39.236,37.848
6lu7_idAAKWgen2,-7.0,29.289,27.101
6lu7_idAAKWgen2,-7.1,40.254,38.405
6lu7_idAAKWgen2,-7.5,28.89,26.492
6lu7_idAAKWgen2,-7.6,38.768,37.378
6lu7_idAAKWgen2,-7.6,0.0,0.0
6lu7_idAAKXgen2,-5.9,4.093,2.339
6lu7_idAAKXgen2,-5.9,42.225,39.257
6lu7_idAAKXgen2,-5.9,33.302,29.069
6lu7_idAAKXgen2,-5.9,9.087,3.981
6lu7_idAAKXgen2,-6.0,20.74,17.49
6lu7_idAAKXgen2,-6.0,6.292,3.239
6lu7_idAAKXgen2,-6.1,7.884,3.004
6lu7_idAAKXgen2,-6.1,4.776,2.382
6lu7_idAAKXgen2,-6.5,0.0,0.0
6lu7_idAAKYgen2,-6.6,17.46,13.792
6lu7_idAAKYgen2,-6.8,21.405,16.691
6lu7_idAAKYgen2,-6.8,20.348,18.288
6lu7_idAAKYgen2,-6.8,38.676,35.945
6lu7_idAAKYgen2,-7.2,7.794,2.513
6lu7_idAAKYgen2,-7.3,24.071,21.862
6lu7_idAAKYgen2,-7.5,7.119,1.968
6lu7_idAAKYgen2,-7.7,39.162,36.341
6lu7_idAAKYgen2,-7.8,0.0,0.0
6lu7_idAAKZgen2,-4.8,38.326,36.558
6lu7_idAAKZgen2,-4.9,21.034,18.318
6lu7_idAAKZgen2,-4.9,5.667,2.309
6lu7_idAAKZgen2,-4.9,38.719,36.415
6lu7_idAAKZgen2,-4.9,6.136,2.18
6lu7_idAAKZgen2,-4.9,23.384,21.189
6lu7_idAAKZgen2,-5.1,22.779,20.456
6lu7_idAAKZgen2,-5.2,39.334,37.579
6lu7_idAAKZgen2,-5.3,0.0,0.0
6lu7_idAALAgen2,-7.5,2.168,1.416
6lu7_idAALAgen2,-7.5,24.806,19.869
6lu7_idAALAgen2,-7.7,25.825,22.389
6lu7_idAALAgen2,-7.7,25.131,20.226
6lu7_idAALAgen2,-7.7,25.308,19.892
6lu7_idAALAgen2,-7.8,9.456,2.157
6lu7_idAALAgen2,-7.9,11.293,2.566
6lu7_idAALAgen2,-7.9,25.73,21.283
6lu7_idAALAgen2,-8.2,0.0,0.0
6lu7_idAALBgen2,-3.9,35.779,32.907
6lu7_idAALBgen2,-4.0,20.867,17.893
6lu7_idAALBgen2,-4.0,53.499,51.425
6lu7_idAALBgen2,-4.1,4.785,2.798
6lu7_idAALBgen2,-4.1,4.38,2.41
6lu7_idAALBgen2,-4.2,19.889,17.286
6lu7_idAALBgen2,-4.3,5.786,3.342
6lu7_idAALBgen2,-4.4,5.277,3.064
6lu7_idAALBgen2,-4.4,0.0,0.0
6lu7_idAALCgen2,-7.5,24.734,23.115
6lu7_idAALCgen2,-7.6,23.471,21.864
6lu7_idAALCgen2,-7.7,27.719,25.817
6lu7_idAALCgen2,-7.7,5.605,3.656
6lu7_idAALCgen2,-7.7,5.149,3.025
6lu7_idAALCgen2,-7.7,3.362,2.536
6lu7_idAALCgen2,-7.8,25.468,23.827
6lu7_idAALCgen2,-7.9,24.581,22.507
6lu7_idAALCgen2,-8.0,0.0,0.0
6lu7_idAALDgen2,-6.7,35.403,31.162
6lu7_idAALDgen2,-6.8,23.818,20.948
6lu7_idAALDgen2,-6.8,7.629,2.662
6lu7_idAALDgen2,-6.9,9.025,5.161
6lu7_idAALDgen2,-7.2,5.842,2.045
6lu7_idAALDgen2,-7.2,8.981,2.258
6lu7_idAALDgen2,-7.2,15.833,12.876
6lu7_idAALDgen2,-7.3,6.523,2.42
6lu7_idAALDgen2,-7.4,0.0,0.0
