Ligand,Binding Affinity,rmsd/ub, rmsd/lb
6lu7_idAADGgen9,-17.7,0.0,0.0
6lu7_idAABOgen9,-17.6,0.0,0.0
6lu7_idAADQgen9,-17.5,0.0,0.0
6lu7_idAADQgen9,-17.5,7.069,2.923
6lu7_idAADGgen9,-17.5,7.073,2.871
6lu7_idAAAEgen9,-17.4,0.0,0.0
6lu7_idAABXgen9,-17.2,0.0,0.0
6lu7_idAAEMgen9,-17.0,0.0,0.0
6lu7_idAADCgen9,-17.0,0.0,0.0
6lu7_idAAAEgen9,-17.0,7.029,2.794
6lu7_idAAEPgen9,-16.7,0.0,0.0
6lu7_idAAAXgen9,-16.5,0.0,0.0
6lu7_idAAAOgen9,-16.5,0.0,0.0
6lu7_idAADGgen9,-16.4,7.376,2.368
6lu7_idAAELgen9,-16.3,0.0,0.0
6lu7_idAADQgen9,-16.3,7.366,2.375
6lu7_idAADMgen9,-16.3,0.0,0.0
6lu7_idAAACgen9,-16.3,0.0,0.0
6lu7_idAADPgen9,-16.2,0.0,0.0
6lu7_idAADGgen9,-16.2,7.003,2.463
6lu7_idAABOgen9,-16.2,3.885,2.358
6lu7_idAABOgen9,-16.2,7.219,2.896
6lu7_idAAAEgen9,-16.2,1.213,0.889
6lu7_idAAEMgen9,-16.1,5.607,2.387
6lu7_idAADCgen9,-16.1,5.816,2.668
6lu7_idAACZgen9,-15.9,0.0,0.0
6lu7_idAADGgen9,-15.8,16.627,9.743
6lu7_idAADYgen9,-15.7,0.0,0.0
6lu7_idAAAEgen9,-15.7,4.15,2.564
6lu7_idAADQgen9,-15.6,16.637,9.83
6lu7_idAADMgen9,-15.6,3.595,2.161
6lu7_idAACXgen9,-15.6,0.0,0.0
6lu7_idAAAIgen9,-15.6,0.0,0.0
6lu7_idAAEPgen9,-15.5,6.001,2.261
6lu7_idAAELgen9,-15.5,3.537,2.163
6lu7_idAACXgen9,-15.5,7.653,3.644
6lu7_idAACKgen9,-15.5,0.0,0.0
6lu7_idAABLgen9,-15.5,0.0,0.0
6lu7_idAAACgen9,-15.5,6.663,2.943
6lu7_idAACJgen9,-15.4,0.0,0.0
6lu7_idAABXgen9,-15.4,1.719,1.094
6lu7_idAAAEgen9,-15.4,7.049,2.844
6lu7_idAAEKgen9,-15.3,0.0,0.0
6lu7_idAAEGgen9,-15.3,0.0,0.0
6lu7_idAADQgen9,-15.3,6.964,2.303
6lu7_idAADIgen9,-15.3,0.0,0.0
6lu7_idAADGgen9,-15.3,6.454,2.29
6lu7_idAABOgen9,-15.3,24.377,20.528
6lu7_idAAEPgen9,-15.2,6.309,2.429
6lu7_idAAEGgen9,-15.2,7.766,3.738
6lu7_idAAEFgen9,-15.2,7.759,3.797
6lu7_idAAEFgen9,-15.2,0.0,0.0
6lu7_idAADIgen9,-15.2,7.755,3.715
6lu7_idAACZgen9,-15.2,6.702,2.951
6lu7_idAAAEgen9,-15.2,7.252,2.518
6lu7_idAAAEgen9,-15.2,7.529,1.706
6lu7_idAAAEgen9,-15.2,15.071,9.241
6lu7_idAADGgen9,-15.1,21.224,15.608
6lu7_idAABXgen9,-15.1,21.178,17.392
6lu7_idAABOgen9,-15.1,14.387,8.347
6lu7_idAABFgen9,-15.1,0.0,0.0
6lu7_idAAEMgen9,-15.0,15.777,13.246
6lu7_idAAEMgen9,-15.0,3.287,2.042
6lu7_idAADQgen9,-15.0,7.59,2.863
6lu7_idAADGgen9,-15.0,17.37,11.625
6lu7_idAABXgen9,-15.0,15.698,13.485
6lu7_idAABXgen9,-15.0,7.538,1.59
6lu7_idAABRgen9,-15.0,0.0,0.0
6lu7_idAAAEgen9,-15.0,7.072,2.224
6lu7_idAADQgen9,-14.9,17.327,11.681
6lu7_idAADQgen9,-14.9,7.915,2.08
6lu7_idAADPgen9,-14.9,4.185,2.621
6lu7_idAABOgen9,-14.9,36.531,33.189
6lu7_idAAAOgen9,-14.9,2.824,1.716
6lu7_idAAAFgen9,-14.9,0.0,0.0
6lu7_idAAACgen9,-14.9,4.151,2.614
6lu7_idAAAAgen9,-14.9,0.0,0.0
6lu7_idAAEMgen9,-14.8,7.561,1.494
6lu7_idAADCgen9,-14.8,7.568,1.534
6lu7_idAADCgen9,-14.8,21.45,17.275
6lu7_idAACOgen9,-14.8,0.0,0.0
6lu7_idAACHgen9,-14.8,0.0,0.0
6lu7_idAABRgen9,-14.8,8.214,1.782
6lu7_idAABGgen9,-14.8,0.0,0.0
6lu7_idAAASgen9,-14.8,0.0,0.0
6lu7_idAAAAgen9,-14.8,7.645,3.263
6lu7_idAAELgen9,-14.7,6.688,2.738
6lu7_idAADQgen9,-14.7,24.423,20.774
6lu7_idAADNgen9,-14.7,0.0,0.0
6lu7_idAADGgen9,-14.7,6.816,3.471
6lu7_idAADCgen9,-14.7,7.042,3.259
6lu7_idAACZgen9,-14.7,4.388,2.781
6lu7_idAACGgen9,-14.7,0.0,0.0
6lu7_idAABOgen9,-14.7,6.968,2.707
6lu7_idAAEMgen9,-14.6,35.23,31.793
6lu7_idAACHgen9,-14.6,7.535,0.965
6lu7_idAABOgen9,-14.6,6.678,3.749
6lu7_idAAAUgen9,-14.6,0.0,0.0
6lu7_idAACUgen9,-14.5,0.0,0.0
6lu7_idAACCgen9,-14.5,0.0,0.0
6lu7_idAABHgen9,-14.5,0.0,0.0
6lu7_idAAEMgen9,-14.4,29.112,24.805
6lu7_idAAELgen9,-14.4,6.93,3.858
6lu7_idAAELgen9,-14.4,32.084,28.78
6lu7_idAAELgen9,-14.4,8.117,2.583
6lu7_idAADYgen9,-14.4,8.498,2.515
6lu7_idAADMgen9,-14.4,7.03,3.897
6lu7_idAADCgen9,-14.4,15.845,13.383
6lu7_idAACTgen9,-14.4,0.0,0.0
6lu7_idAACAgen9,-14.4,0.0,0.0
6lu7_idAABXgen9,-14.4,28.846,24.594
6lu7_idAABXgen9,-14.4,34.921,31.481
6lu7_idAABLgen9,-14.4,7.896,1.427
6lu7_idAABLgen9,-14.4,5.829,1.991
6lu7_idAABLgen9,-14.4,9.621,1.841
6lu7_idAAADgen9,-14.4,0.0,0.0
6lu7_idAAEPgen9,-14.3,16.159,12.721
6lu7_idAAEMgen9,-14.3,5.316,2.032
6lu7_idAADPgen9,-14.3,6.2,3.715
6lu7_idAADMgen9,-14.3,8.087,2.545
6lu7_idAADCgen9,-14.3,5.319,2.029
6lu7_idAACXgen9,-14.3,1.646,1.01
6lu7_idAACTgen9,-14.3,15.467,4.093
6lu7_idAACSgen9,-14.3,0.0,0.0
6lu7_idAACGgen9,-14.3,0.994,0.746
6lu7_idAABNgen9,-14.3,0.0,0.0
6lu7_idAABGgen9,-14.3,6.903,2.961
6lu7_idAABFgen9,-14.3,14.527,13.17
6lu7_idAAAXgen9,-14.3,19.978,17.174
6lu7_idAAACgen9,-14.3,6.145,3.688
6lu7_idAADWgen9,-14.2,0.0,0.0
6lu7_idAADNgen9,-14.2,7.535,0.996
6lu7_idAADCgen9,-14.2,35.253,31.804
6lu7_idAACLgen9,-14.2,0.0,0.0
6lu7_idAACGgen9,-14.2,7.527,0.997
6lu7_idAAAUgen9,-14.2,5.105,2.052
6lu7_idAAASgen9,-14.2,6.319,2.049
6lu7_idAAAQgen9,-14.2,0.0,0.0
6lu7_idAAADgen9,-14.2,5.631,2.579
6lu7_idAAEPgen9,-14.1,15.525,12.784
6lu7_idAAEFgen9,-14.1,7.641,4.256
6lu7_idAADYgen9,-14.1,6.729,1.477
6lu7_idAADYgen9,-14.1,9.12,1.516
6lu7_idAACXgen9,-14.1,40.437,36.512
6lu7_idAACVgen9,-14.1,0.0,0.0
6lu7_idAACKgen9,-14.1,2.567,1.633
6lu7_idAABFgen9,-14.1,5.637,2.465
6lu7_idAABDgen9,-14.1,0.0,0.0
6lu7_idAAAXgen9,-14.1,7.156,2.286
6lu7_idAAAKgen9,-14.1,0.0,0.0
6lu7_idAAACgen9,-14.1,7.981,2.641
6lu7_idAAACgen9,-14.1,7.387,2.079
6lu7_idAAEPgen9,-14.0,19.799,13.526
6lu7_idAAEKgen9,-14.0,34.418,28.748
6lu7_idAADYgen9,-14.0,42.635,37.427
6lu7_idAADPgen9,-14.0,7.534,2.295
6lu7_idAACZgen9,-14.0,6.108,3.7
6lu7_idAACLgen9,-14.0,2.794,1.806
6lu7_idAACHgen9,-14.0,40.125,35.517
6lu7_idAABIgen9,-14.0,0.0,0.0
6lu7_idAAASgen9,-14.0,7.639,3.24
6lu7_idAAEPgen9,-13.9,7.4,2.281
6lu7_idAADPgen9,-13.9,32.009,28.734
6lu7_idAADPgen9,-13.9,8.012,2.64
6lu7_idAADLgen9,-13.9,0.0,0.0
6lu7_idAACXgen9,-13.9,13.007,10.765
6lu7_idAACOgen9,-13.9,5.803,1.238
6lu7_idAACJgen9,-13.9,4.491,2.916
6lu7_idAABDgen9,-13.9,7.025,2.998
6lu7_idAAALgen9,-13.9,0.0,0.0
6lu7_idAAALgen9,-13.9,7.224,1.382
6lu7_idAAEPgen9,-13.8,7.21,2.471
6lu7_idAAEKgen9,-13.8,20.933,19.157
6lu7_idAAEKgen9,-13.8,17.487,15.911
6lu7_idAAEJgen9,-13.8,0.0,0.0
6lu7_idAADYgen9,-13.8,43.312,37.873
6lu7_idAADFgen9,-13.8,0.0,0.0
6lu7_idAACXgen9,-13.8,10.075,3.065
6lu7_idAACLgen9,-13.8,6.118,3.453
6lu7_idAACKgen9,-13.8,5.539,3.217
6lu7_idAACHgen9,-13.8,17.442,15.686
6lu7_idAACHgen9,-13.8,18.56,17.378
6lu7_idAACGgen9,-13.8,18.647,17.523
6lu7_idAABHgen9,-13.8,7.305,0.972
6lu7_idAAAQgen9,-13.8,9.533,2.229
6lu7_idAAALgen9,-13.8,8.11,1.798
6lu7_idAAACgen9,-13.8,32.003,28.74
6lu7_idAAAAgen9,-13.8,3.141,1.787
6lu7_idAAAAgen9,-13.8,5.544,2.591
6lu7_idAAEKgen9,-13.7,22.471,18.77
6lu7_idAAEHgen9,-13.7,0.0,0.0
6lu7_idAAEFgen9,-13.7,9.507,4.71
6lu7_idAAEFgen9,-13.7,43.0,37.668
6lu7_idAAEFgen9,-13.7,8.301,3.95
6lu7_idAADNgen9,-13.7,18.58,17.386
6lu7_idAADMgen9,-13.7,8.74,4.566
6lu7_idAADMgen9,-13.7,10.696,6.879
6lu7_idAADIgen9,-13.7,17.419,13.671
6lu7_idAADIgen9,-13.7,8.009,4.709
6lu7_idAACXgen9,-13.7,4.689,2.333
6lu7_idAACXgen9,-13.7,11.283,5.717
6lu7_idAACTgen9,-13.7,14.183,3.905
6lu7_idAACHgen9,-13.7,23.521,21.235
6lu7_idAABFgen9,-13.7,8.662,2.76
6lu7_idAAAUgen9,-13.7,6.743,1.38
6lu7_idAAASgen9,-13.7,7.654,1.474
6lu7_idAAAQgen9,-13.7,7.57,3.921
6lu7_idAAACgen9,-13.7,6.8,2.786
6lu7_idAAENgen9,-13.6,0.0,0.0
6lu7_idAAELgen9,-13.6,39.739,35.325
6lu7_idAAELgen9,-13.6,10.64,6.832
6lu7_idAAEGgen9,-13.6,17.419,13.716
6lu7_idAAEFgen9,-13.6,9.649,2.287
6lu7_idAADYgen9,-13.6,36.899,30.59
6lu7_idAADNgen9,-13.6,23.525,21.261
6lu7_idAADMgen9,-13.6,7.009,2.691
6lu7_idAADMgen9,-13.6,29.435,28.606
6lu7_idAADIgen9,-13.6,9.511,4.698
6lu7_idAADIgen9,-13.6,9.644,2.257
6lu7_idAACHgen9,-13.6,29.357,26.308
6lu7_idAACGgen9,-13.6,23.882,20.271
6lu7_idAACGgen9,-13.6,17.454,15.657
6lu7_idAABRgen9,-13.6,4.914,1.353
6lu7_idAABRgen9,-13.6,15.944,13.827
6lu7_idAABLgen9,-13.6,16.318,12.772
6lu7_idAABFgen9,-13.6,18.306,16.107
6lu7_idAAASgen9,-13.6,7.932,3.345
6lu7_idAAASgen9,-13.6,41.635,36.593
6lu7_idAAASgen9,-13.6,8.06,2.629
6lu7_idAAAQgen9,-13.6,8.053,2.946
6lu7_idAAAIgen9,-13.6,18.413,11.837
6lu7_idAAAAgen9,-13.6,11.547,3.878
6lu7_idAAELgen9,-13.5,29.372,28.545
6lu7_idAAEGgen9,-13.5,9.511,4.808
6lu7_idAAEFgen9,-13.5,7.845,4.8
6lu7_idAADYgen9,-13.5,35.746,31.117
6lu7_idAADMgen9,-13.5,24.279,20.339
6lu7_idAACYgen9,-13.5,0.0,0.0
6lu7_idAACXgen9,-13.5,13.665,11.119
6lu7_idAACLgen9,-13.5,3.932,2.558
6lu7_idAACGgen9,-13.5,16.948,15.476
6lu7_idAABGgen9,-13.5,4.431,2.888
6lu7_idAABFgen9,-13.5,18.565,16.859
6lu7_idAAAXgen9,-13.5,9.682,3.868
6lu7_idAAASgen9,-13.5,41.851,37.413
6lu7_idAAASgen9,-13.5,42.466,36.998
6lu7_idAAAQgen9,-13.5,11.213,3.886
6lu7_idAAAOgen9,-13.5,6.886,2.382
6lu7_idAAAOgen9,-13.5,5.24,3.174
6lu7_idAAAOgen9,-13.5,23.925,19.67
6lu7_idAAAAgen9,-13.5,44.841,39.752
6lu7_idAAAAgen9,-13.5,45.135,40.592
6lu7_idAAAAgen9,-13.5,45.497,39.486
6lu7_idAAEKgen9,-13.4,33.569,28.096
6lu7_idAAEHgen9,-13.4,10.131,2.233
6lu7_idAAEHgen9,-13.4,2.298,1.143
6lu7_idAAEHgen9,-13.4,5.927,2.315
6lu7_idAAEGgen9,-13.4,43.033,37.718
6lu7_idAAEFgen9,-13.4,7.267,4.835
6lu7_idAADPgen9,-13.4,29.499,28.678
6lu7_idAADNgen9,-13.4,29.376,26.348
6lu7_idAADNgen9,-13.4,17.631,15.886
6lu7_idAADNgen9,-13.4,24.639,20.912
6lu7_idAACLgen9,-13.4,7.766,3.25
6lu7_idAACJgen9,-13.4,2.369,1.514
6lu7_idAACHgen9,-13.4,17.829,16.044
6lu7_idAACCgen9,-13.4,18.522,17.429
6lu7_idAACCgen9,-13.4,24.214,20.612
6lu7_idAABRgen9,-13.4,4.711,2.825
6lu7_idAABNgen9,-13.4,5.509,3.297
6lu7_idAABLgen9,-13.4,14.581,9.12
6lu7_idAABHgen9,-13.4,7.463,1.268
6lu7_idAABEgen9,-13.4,0.0,0.0
6lu7_idAAAGgen9,-13.4,0.0,0.0
6lu7_idAAAFgen9,-13.4,7.216,3.134
6lu7_idAAACgen9,-13.4,29.447,28.623
6lu7_idAAEKgen9,-13.3,12.887,3.88
6lu7_idAAEKgen9,-13.3,15.41,13.899
6lu7_idAAEKgen9,-13.3,7.371,4.466
6lu7_idAAEHgen9,-13.3,19.335,18.406
6lu7_idAADRgen9,-13.3,0.0,0.0
6lu7_idAADPgen9,-13.3,15.005,10.286
6lu7_idAADLgen9,-13.3,4.451,2.865
6lu7_idAACZgen9,-13.3,6.849,2.787
6lu7_idAACUgen9,-13.3,5.29,3.199
6lu7_idAACOgen9,-13.3,6.604,1.985
6lu7_idAACCgen9,-13.3,17.784,16.043
6lu7_idAACAgen9,-13.3,7.505,1.787
6lu7_idAABLgen9,-13.3,9.323,2.704
6lu7_idAABIgen9,-13.3,5.173,3.199
6lu7_idAABFgen9,-13.3,6.767,3.433
6lu7_idAABDgen9,-13.3,4.326,2.794
6lu7_idAABBgen9,-13.3,0.0,0.0
6lu7_idAAAQgen9,-13.3,28.414,23.652
6lu7_idAAAMgen9,-13.3,0.0,0.0
6lu7_idAAALgen9,-13.3,10.429,2.794
6lu7_idAAAKgen9,-13.3,5.037,3.164
6lu7_idAAAKgen9,-13.3,6.99,3.238
6lu7_idAAAIgen9,-13.3,6.831,1.797
6lu7_idAAAGgen9,-13.3,7.549,2.926
6lu7_idAAENgen9,-13.2,32.415,28.111
6lu7_idAAENgen9,-13.2,8.483,3.192
6lu7_idAADIgen9,-13.2,5.899,2.146
6lu7_idAADIgen9,-13.2,9.013,2.244
6lu7_idAADIgen9,-13.2,17.403,13.87
6lu7_idAADFgen9,-13.2,4.254,2.726
6lu7_idAADBgen9,-13.2,0.0,0.0
6lu7_idAACTgen9,-13.2,14.207,7.213
6lu7_idAACLgen9,-13.2,2.504,1.775
6lu7_idAACIgen9,-13.2,0.0,0.0
6lu7_idAACHgen9,-13.2,31.924,28.377
6lu7_idAABRgen9,-13.2,8.656,1.726
6lu7_idAABIgen9,-13.2,6.961,3.26
6lu7_idAABHgen9,-13.2,19.126,16.816
6lu7_idAABFgen9,-13.2,40.324,36.118
6lu7_idAABFgen9,-13.2,26.475,22.627
6lu7_idAABBgen9,-13.2,26.989,23.797
6lu7_idAAAMgen9,-13.2,5.859,2.63
6lu7_idAAEHgen9,-13.1,22.222,18.228
6lu7_idAAEHgen9,-13.1,8.55,0.974
6lu7_idAAEHgen9,-13.1,14.071,6.102
6lu7_idAAEGgen9,-13.1,8.246,2.701
6lu7_idAACZgen9,-13.1,31.987,28.584
6lu7_idAACSgen9,-13.1,6.598,1.49
6lu7_idAACOgen9,-13.1,6.587,1.494
6lu7_idAACLgen9,-13.1,33.13,28.426
6lu7_idAACKgen9,-13.1,7.743,2.43
6lu7_idAACCgen9,-13.1,29.23,25.929
6lu7_idAABNgen9,-13.1,7.922,2.583
6lu7_idAABLgen9,-13.1,11.857,6.559
6lu7_idAABLgen9,-13.1,7.603,2.216
6lu7_idAABHgen9,-13.1,41.502,36.668
6lu7_idAAAUgen9,-13.1,8.22,2.885
6lu7_idAAALgen9,-13.1,25.345,20.874
6lu7_idAAAIgen9,-13.1,6.592,2.984
6lu7_idAAAAgen9,-13.1,4.469,2.412
6lu7_idAAENgen9,-13.0,32.693,28.145
6lu7_idAAEHgen9,-13.0,8.899,0.977
6lu7_idAAEGgen9,-13.0,5.879,2.141
6lu7_idAAEGgen9,-13.0,8.796,3.711
6lu7_idAADNgen9,-13.0,18.864,17.02
6lu7_idAACZgen9,-13.0,16.367,10.333
6lu7_idAACZgen9,-13.0,7.418,3.476
6lu7_idAACUgen9,-13.0,7.897,2.532
6lu7_idAACTgen9,-13.0,13.122,3.415
6lu7_idAACOgen9,-13.0,6.666,1.35
6lu7_idAACLgen9,-13.0,16.733,8.673
6lu7_idAACGgen9,-13.0,26.182,23.338
6lu7_idAACCgen9,-13.0,17.003,15.682
6lu7_idAACCgen9,-13.0,17.972,16.902
6lu7_idAABTgen9,-13.0,0.0,0.0
6lu7_idAABTgen9,-13.0,7.23,3.176
6lu7_idAABRgen9,-13.0,24.8,21.028
6lu7_idAABRgen9,-13.0,8.422,4.121
6lu7_idAABNgen9,-13.0,7.052,3.377
6lu7_idAABKgen9,-13.0,0.0,0.0
6lu7_idAABHgen9,-13.0,17.634,16.097
6lu7_idAAAQgen9,-13.0,41.831,36.817
6lu7_idAAAQgen9,-13.0,11.156,6.953
6lu7_idAAAFgen9,-13.0,2.426,1.586
6lu7_idAAAFgen9,-13.0,4.938,3.21
6lu7_idAAENgen9,-12.9,30.153,28.153
6lu7_idAAENgen9,-12.9,9.785,4.496
6lu7_idAAEJgen9,-12.9,4.439,2.782
6lu7_idAAEGgen9,-12.9,28.539,24.245
6lu7_idAADYgen9,-12.9,7.74,1.454
6lu7_idAADVgen9,-12.9,0.0,0.0
6lu7_idAADNgen9,-12.9,23.568,20.938
6lu7_idAADFgen9,-12.9,7.346,2.997
6lu7_idAACZgen9,-12.9,29.423,28.579
6lu7_idAACTgen9,-12.9,13.754,6.975
6lu7_idAACOgen9,-12.9,6.639,1.046
6lu7_idAACMgen9,-12.9,0.0,0.0
6lu7_idAACLgen9,-12.9,9.335,3.463
6lu7_idAACJgen9,-12.9,16.409,10.549
6lu7_idAACGgen9,-12.9,22.73,17.896
6lu7_idAACCgen9,-12.9,26.874,23.974
6lu7_idAABRgen9,-12.9,14.056,12.968
6lu7_idAABHgen9,-12.9,18.936,16.952
6lu7_idAAAQgen9,-12.9,19.747,14.42
6lu7_idAAAMgen9,-12.9,2.189,1.522
6lu7_idAAALgen9,-12.9,29.557,29.115
6lu7_idAAALgen9,-12.9,39.459,34.581
6lu7_idAAAIgen9,-12.9,8.07,1.646
6lu7_idAADVgen9,-12.8,2.339,1.933
6lu7_idAACSgen9,-12.8,8.202,1.444
6lu7_idAACOgen9,-12.8,8.781,1.699
6lu7_idAACKgen9,-12.8,7.01,3.105
6lu7_idAACKgen9,-12.8,16.515,10.528
6lu7_idAACDgen9,-12.8,0.0,0.0
6lu7_idAACCgen9,-12.8,24.674,21.312
6lu7_idAACAgen9,-12.8,7.292,2.143
6lu7_idAABZgen9,-12.8,0.0,0.0
6lu7_idAABNgen9,-12.8,10.939,2.502
6lu7_idAABHgen9,-12.8,17.511,15.921
6lu7_idAABBgen9,-12.8,18.284,15.972
6lu7_idAABBgen9,-12.8,3.165,1.461
6lu7_idAAAGgen9,-12.8,7.954,2.756
6lu7_idAAAFgen9,-12.8,6.854,2.808
6lu7_idAAAFgen9,-12.8,16.107,10.25
6lu7_idAAADgen9,-12.8,35.066,31.427
6lu7_idAAADgen9,-12.8,2.874,1.947
6lu7_idAAADgen9,-12.8,8.685,2.413
6lu7_idAAEJgen9,-12.7,7.14,2.819
6lu7_idAAEJgen9,-12.7,7.689,1.73
6lu7_idAADRgen9,-12.7,6.587,1.89
6lu7_idAADLgen9,-12.7,7.271,2.962
6lu7_idAACTgen9,-12.7,20.369,18.421
6lu7_idAACTgen9,-12.7,20.115,17.957
6lu7_idAACSgen9,-12.7,7.927,2.409
6lu7_idAACSgen9,-12.7,35.158,30.598
6lu7_idAACOgen9,-12.7,6.455,1.483
6lu7_idAACMgen9,-12.7,2.405,2.07
6lu7_idAABPgen9,-12.7,0.0,0.0
6lu7_idAABNgen9,-12.7,2.687,1.67
6lu7_idAABKgen9,-12.7,3.061,2.073
6lu7_idAABBgen9,-12.7,25.966,22.951
6lu7_idAAAUgen9,-12.7,32.897,29.743
6lu7_idAAAMgen9,-12.7,26.645,21.415
6lu7_idAAALgen9,-12.7,15.796,12.615
6lu7_idAAAJgen9,-12.7,0.0,0.0
6lu7_idAAAJgen9,-12.7,4.003,1.638
6lu7_idAAAIgen9,-12.7,2.302,1.601
6lu7_idAAAGgen9,-12.7,21.289,19.934
6lu7_idAADHgen9,-12.6,0.0,0.0
6lu7_idAADBgen9,-12.6,10.616,4.839
6lu7_idAACYgen9,-12.6,2.117,1.078
6lu7_idAACTgen9,-12.6,11.297,3.078
6lu7_idAACJgen9,-12.6,10.616,2.396
6lu7_idAABZgen9,-12.6,6.164,4.747
6lu7_idAABHgen9,-12.6,21.169,16.25
6lu7_idAABEgen9,-12.6,7.615,2.307
6lu7_idAABBgen9,-12.6,33.694,28.856
6lu7_idAAAVgen9,-12.6,0.0,0.0
6lu7_idAAAUgen9,-12.6,26.367,23.012
6lu7_idAADWgen9,-12.5,16.083,10.657
6lu7_idAADVgen9,-12.5,3.21,2.216
6lu7_idAADRgen9,-12.5,40.361,36.036
6lu7_idAADFgen9,-12.5,8.028,1.897
6lu7_idAADBgen9,-12.5,7.82,3.504
6lu7_idAACSgen9,-12.5,42.137,37.028
6lu7_idAACPgen9,-12.5,0.0,0.0
6lu7_idAACOgen9,-12.5,4.136,2.052
6lu7_idAACKgen9,-12.5,38.857,35.252
6lu7_idAACJgen9,-12.5,24.229,19.993
6lu7_idAACJgen9,-12.5,38.864,35.28
6lu7_idAACJgen9,-12.5,10.614,7.633
6lu7_idAACIgen9,-12.5,7.23,3.264
6lu7_idAACAgen9,-12.5,7.665,2.352
6lu7_idAABQgen9,-12.5,0.0,0.0
6lu7_idAABGgen9,-12.5,7.585,2.442
6lu7_idAABGgen9,-12.5,5.999,3.785
6lu7_idAAAUgen9,-12.5,7.462,2.227
6lu7_idAAAUgen9,-12.5,14.929,13.674
6lu7_idAAAUgen9,-12.5,14.545,13.067
6lu7_idAAALgen9,-12.5,15.907,12.668
6lu7_idAAENgen9,-12.4,16.424,9.721
6lu7_idAAENgen9,-12.4,21.257,15.994
6lu7_idAADVgen9,-12.4,3.405,1.666
6lu7_idAADLgen9,-12.4,7.984,1.812
6lu7_idAADHgen9,-12.4,13.801,11.529
6lu7_idAADHgen9,-12.4,6.339,2.091
6lu7_idAADFgen9,-12.4,23.756,19.55
6lu7_idAADBgen9,-12.4,40.342,36.122
6lu7_idAACUgen9,-12.4,6.691,3.196
6lu7_idAACSgen9,-12.4,5.827,2.808
6lu7_idAACSgen9,-12.4,36.664,30.805
6lu7_idAABKgen9,-12.4,3.436,1.618
6lu7_idAABIgen9,-12.4,14.741,11.973
6lu7_idAABIgen9,-12.4,8.045,3.455
6lu7_idAABGgen9,-12.4,23.809,19.748
6lu7_idAABBgen9,-12.4,6.418,4.216
6lu7_idAABBgen9,-12.4,7.726,4.409
6lu7_idAABBgen9,-12.4,30.254,24.631
6lu7_idAAAPgen9,-12.4,0.0,0.0
6lu7_idAAAKgen9,-12.4,2.625,1.369
6lu7_idAAAKgen9,-12.4,7.06,2.62
6lu7_idAAAFgen9,-12.4,24.202,20.008
6lu7_idAAENgen9,-12.3,28.866,25.145
6lu7_idAAEJgen9,-12.3,7.489,1.195
6lu7_idAAEAgen9,-12.3,0.0,0.0
6lu7_idAADLgen9,-12.3,23.763,19.521
6lu7_idAADFgen9,-12.3,24.236,20.304
6lu7_idAADFgen9,-12.3,14.371,9.455
6lu7_idAACVgen9,-12.3,5.045,2.263
6lu7_idAACUgen9,-12.3,14.651,11.957
6lu7_idAACEgen9,-12.3,0.0,0.0
6lu7_idAACAgen9,-12.3,38.741,34.814
6lu7_idAABSgen9,-12.3,0.0,0.0
6lu7_idAABSgen9,-12.3,3.313,2.31
6lu7_idAABQgen9,-12.3,7.211,2.669
6lu7_idAABQgen9,-12.3,8.571,3.545
6lu7_idAABNgen9,-12.3,9.065,4.116
6lu7_idAABNgen9,-12.3,6.693,3.154
6lu7_idAABGgen9,-12.3,6.863,2.552
6lu7_idAABEgen9,-12.3,7.044,1.522
6lu7_idAAAGgen9,-12.3,9.752,1.396
6lu7_idAAAGgen9,-12.3,21.688,20.267
6lu7_idAAADgen9,-12.3,15.759,13.622
6lu7_idAADWgen9,-12.2,5.301,3.281
6lu7_idAADRgen9,-12.2,7.164,3.034
6lu7_idAADFgen9,-12.2,14.129,8.117
6lu7_idAADBgen9,-12.2,39.628,35.851
6lu7_idAACYgen9,-12.2,9.787,2.279
6lu7_idAACMgen9,-12.2,3.821,2.85
6lu7_idAACIgen9,-12.2,5.87,3.259
6lu7_idAACAgen9,-12.2,20.964,15.406
6lu7_idAABNgen9,-12.2,14.637,11.962
6lu7_idAABGgen9,-12.2,14.724,9.929
6lu7_idAABGgen9,-12.2,31.705,28.285
6lu7_idAABDgen9,-12.2,15.253,9.575
6lu7_idAABDgen9,-12.2,7.716,1.839
6lu7_idAAAMgen9,-12.2,35.512,31.422
6lu7_idAAAMgen9,-12.2,5.988,2.561
6lu7_idAAAKgen9,-12.2,33.242,28.387
6lu7_idAAAKgen9,-12.2,7.837,4.667
6lu7_idAAAGgen9,-12.2,30.1,22.154
6lu7_idAAAFgen9,-12.2,10.551,7.564
6lu7_idAAADgen9,-12.2,34.975,31.344
6lu7_idAAEOgen9,-12.1,0.0,0.0
6lu7_idAADVgen9,-12.1,15.736,5.915
6lu7_idAADVgen9,-12.1,2.452,1.728
6lu7_idAADRgen9,-12.1,40.815,36.218
6lu7_idAADHgen9,-12.1,39.0,35.133
6lu7_idAADBgen9,-12.1,7.165,3.01
6lu7_idAADBgen9,-12.1,40.798,36.26
6lu7_idAACUgen9,-12.1,14.364,11.907
6lu7_idAACSgen9,-12.1,17.834,13.254
6lu7_idAACDgen9,-12.1,40.402,36.426
6lu7_idAABSgen9,-12.1,5.998,2.089
6lu7_idAABSgen9,-12.1,11.349,5.958
6lu7_idAABQgen9,-12.1,7.296,1.782
6lu7_idAABPgen9,-12.1,2.402,1.786
6lu7_idAABKgen9,-12.1,2.338,1.916
6lu7_idAABIgen9,-12.1,12.475,9.104
6lu7_idAABIgen9,-12.1,14.433,11.96
6lu7_idAABEgen9,-12.1,7.591,2.393
6lu7_idAAAFgen9,-12.1,19.727,13.77
6lu7_idAAADgen9,-12.1,7.77,1.56
6lu7_idAAEOgen9,-12.0,22.583,18.154
6lu7_idAADWgen9,-12.0,7.54,3.012
6lu7_idAADRgen9,-12.0,8.33,3.387
6lu7_idAADLgen9,-12.0,18.435,11.802
6lu7_idAADLgen9,-12.0,14.515,9.489
6lu7_idAADHgen9,-12.0,7.88,3.215
6lu7_idAADBgen9,-12.0,6.104,2.8
6lu7_idAACYgen9,-12.0,6.777,1.734
6lu7_idAACYgen9,-12.0,7.321,2.82
6lu7_idAACYgen9,-12.0,10.919,3.672
6lu7_idAACYgen9,-12.0,7.898,3.659
6lu7_idAACMgen9,-12.0,4.48,2.671
6lu7_idAACMgen9,-12.0,26.001,19.059
6lu7_idAACMgen9,-12.0,11.057,7.288
6lu7_idAACEgen9,-12.0,2.784,2.329
6lu7_idAACDgen9,-12.0,10.537,4.88
6lu7_idAABSgen9,-12.0,7.387,4.324
6lu7_idAABQgen9,-12.0,22.146,19.546
6lu7_idAABPgen9,-12.0,20.154,17.709
6lu7_idAABDgen9,-12.0,14.622,8.973
6lu7_idAABDgen9,-12.0,14.78,9.966
6lu7_idAAAZgen9,-12.0,0.0,0.0
6lu7_idAAAZgen9,-12.0,36.442,30.496
6lu7_idAAAKgen9,-12.0,14.621,9.033
6lu7_idAAAGgen9,-12.0,22.551,20.352
6lu7_idAAADgen9,-12.0,29.283,28.817
6lu7_idAAEOgen9,-11.9,12.461,6.351
6lu7_idAADWgen9,-11.9,22.224,17.795
6lu7_idAADVgen9,-11.9,4.925,3.033
6lu7_idAADLgen9,-11.9,24.345,20.35
6lu7_idAADLgen9,-11.9,32.659,27.694
6lu7_idAACYgen9,-11.9,25.195,20.316
6lu7_idAACYgen9,-11.9,25.328,20.342
6lu7_idAACIgen9,-11.9,7.95,1.744
6lu7_idAACEgen9,-11.9,6.238,3.394
6lu7_idAACDgen9,-11.9,7.491,1.624
6lu7_idAACAgen9,-11.9,8.271,2.765
6lu7_idAABTgen9,-11.9,4.618,3.064
6lu7_idAABQgen9,-11.9,6.429,2.362
6lu7_idAABKgen9,-11.9,4.987,3.616
6lu7_idAABKgen9,-11.9,2.22,1.543
6lu7_idAABEgen9,-11.9,25.294,21.125
6lu7_idAABEgen9,-11.9,5.517,3.294
6lu7_idAABDgen9,-11.9,25.494,20.008
6lu7_idAAAZgen9,-11.9,8.676,2.703
6lu7_idAAAPgen9,-11.9,16.785,3.045
6lu7_idAAAGgen9,-11.9,19.753,18.723
6lu7_idAAEJgen9,-11.8,8.31,2.91
6lu7_idAAEJgen9,-11.8,23.775,19.577
6lu7_idAADVgen9,-11.8,20.531,17.973
6lu7_idAADVgen9,-11.8,26.418,21.388
6lu7_idAACUgen9,-11.8,12.513,9.154
6lu7_idAACMgen9,-11.8,32.869,27.963
6lu7_idAACMgen9,-11.8,8.536,5.613
6lu7_idAACEgen9,-11.8,2.848,1.948
6lu7_idAACDgen9,-11.8,8.087,3.285
6lu7_idAACDgen9,-11.8,30.571,29.589
6lu7_idAABVgen9,-11.8,0.0,0.0
6lu7_idAABQgen9,-11.8,5.408,2.438
6lu7_idAABQgen9,-11.8,23.489,21.193
6lu7_idAABPgen9,-11.8,11.344,7.567
6lu7_idAABEgen9,-11.8,6.492,2.6
6lu7_idAABDgen9,-11.8,18.523,12.395
6lu7_idAAAZgen9,-11.8,9.185,3.264
6lu7_idAAAZgen9,-11.8,3.32,1.995
6lu7_idAAAKgen9,-11.8,8.982,2.808
6lu7_idAAAJgen9,-11.8,14.155,7.566
6lu7_idAAEOgen9,-11.7,34.217,27.391
6lu7_idAAEOgen9,-11.7,28.641,20.849
6lu7_idAAEJgen9,-11.7,7.425,2.592
6lu7_idAADWgen9,-11.7,24.639,20.71
6lu7_idAADFgen9,-11.7,7.107,4.211
6lu7_idAACVgen9,-11.7,21.831,18.047
6lu7_idAACVgen9,-11.7,26.641,23.687
6lu7_idAACEgen9,-11.7,3.681,1.677
6lu7_idAACDgen9,-11.7,40.947,36.541
6lu7_idAACAgen9,-11.7,14.988,9.371
6lu7_idAABQgen9,-11.7,32.047,28.283
6lu7_idAABPgen9,-11.7,2.352,2.016
6lu7_idAABPgen9,-11.7,8.131,5.449
6lu7_idAABIgen9,-11.7,41.235,35.716
6lu7_idAABIgen9,-11.7,24.244,20.821
6lu7_idAABEgen9,-11.7,8.972,3.827
6lu7_idAAAVgen9,-11.7,11.701,2.071
6lu7_idAAAJgen9,-11.7,25.547,23.044
6lu7_idAAAJgen9,-11.7,17.525,10.195
6lu7_idAAEJgen9,-11.6,22.652,18.433
6lu7_idAAEDgen9,-11.6,0.0,0.0
6lu7_idAAEAgen9,-11.6,6.437,2.183
6lu7_idAADRgen9,-11.6,7.338,2.95
6lu7_idAACUgen9,-11.6,24.192,20.631
6lu7_idAACUgen9,-11.6,24.217,19.835
6lu7_idAACMgen9,-11.6,3.219,2.275
6lu7_idAACIgen9,-11.6,9.412,2.465
6lu7_idAACIgen9,-11.6,6.875,2.69
6lu7_idAACEgen9,-11.6,7.585,5.586
6lu7_idAACAgen9,-11.6,38.785,33.77
6lu7_idAABZgen9,-11.6,8.357,5.313
6lu7_idAABVgen9,-11.6,2.246,1.717
6lu7_idAABTgen9,-11.6,7.829,2.0
6lu7_idAABSgen9,-11.6,5.224,1.766
6lu7_idAABSgen9,-11.6,9.453,3.197
6lu7_idAABPgen9,-11.6,23.366,17.117
6lu7_idAAAZgen9,-11.6,11.672,2.15
6lu7_idAAAZgen9,-11.6,16.415,11.119
6lu7_idAAAVgen9,-11.6,20.671,13.987
6lu7_idAAAPgen9,-11.6,13.919,7.277
6lu7_idAAAJgen9,-11.6,31.138,27.468
6lu7_idAAAJgen9,-11.6,7.953,4.183
6lu7_idAAAJgen9,-11.6,22.605,20.742
6lu7_idAAEOgen9,-11.5,35.109,32.401
6lu7_idAAEOgen9,-11.5,27.256,21.515
6lu7_idAAEAgen9,-11.5,7.524,1.589
6lu7_idAADRgen9,-11.5,8.75,2.131
6lu7_idAADRgen9,-11.5,42.156,37.399
6lu7_idAADHgen9,-11.5,40.136,35.73
6lu7_idAADBgen9,-11.5,25.025,21.666
6lu7_idAACEgen9,-11.5,11.433,7.595
6lu7_idAACEgen9,-11.5,6.558,5.495
6lu7_idAABVgen9,-11.5,3.045,2.122
6lu7_idAABSgen9,-11.5,25.729,22.295
6lu7_idAABPgen9,-11.5,19.273,17.295
6lu7_idAABKgen9,-11.5,3.913,2.589
6lu7_idAABKgen9,-11.5,25.231,20.097
6lu7_idAAAYgen9,-11.5,0.0,0.0
6lu7_idAAAVgen9,-11.5,18.69,17.471
6lu7_idAAAVgen9,-11.5,20.495,18.107
6lu7_idAAAVgen9,-11.5,19.541,18.59
6lu7_idAAAMgen9,-11.5,16.655,12.824
6lu7_idAAAJgen9,-11.5,31.24,26.82
6lu7_idAAEAgen9,-11.4,6.745,2.246
6lu7_idAADWgen9,-11.4,13.34,10.203
6lu7_idAACVgen9,-11.4,19.713,17.562
6lu7_idAACEgen9,-11.4,6.031,3.752
6lu7_idAACDgen9,-11.4,5.459,2.403
6lu7_idAABSgen9,-11.4,5.95,3.104
6lu7_idAABPgen9,-11.4,16.228,5.972
6lu7_idAAAPgen9,-11.4,16.37,2.199
6lu7_idAAAMgen9,-11.4,7.052,3.383
6lu7_idAAAMgen9,-11.4,37.725,33.311
6lu7_idAAEOgen9,-11.3,4.226,2.608
6lu7_idAAEOgen9,-11.3,27.502,20.3
6lu7_idAADZgen9,-11.3,0.0,0.0
6lu7_idAADWgen9,-11.3,13.576,12.124
6lu7_idAADWgen9,-11.3,16.257,13.391
6lu7_idAACVgen9,-11.3,18.927,14.127
6lu7_idAACVgen9,-11.3,19.074,11.127
6lu7_idAACVgen9,-11.3,21.606,18.799
6lu7_idAACDgen9,-11.3,9.998,4.584
6lu7_idAACBgen9,-11.3,0.0,0.0
6lu7_idAACBgen9,-11.3,10.616,5.291
6lu7_idAABTgen9,-11.3,23.74,19.636
6lu7_idAABKgen9,-11.3,16.017,5.946
6lu7_idAABEgen9,-11.3,8.035,4.833
6lu7_idAAAZgen9,-11.3,6.86,2.243
6lu7_idAAAZgen9,-11.3,21.224,14.341
6lu7_idAAAVgen9,-11.3,2.421,1.522
6lu7_idAAABgen9,-11.3,0.0,0.0
6lu7_idAAEDgen9,-11.2,27.359,21.542
6lu7_idAADHgen9,-11.2,30.117,29.23
6lu7_idAACIgen9,-11.2,39.359,35.904
6lu7_idAABVgen9,-11.2,2.165,1.659
6lu7_idAAEDgen9,-11.1,5.685,2.13
6lu7_idAAEBgen9,-11.1,0.0,0.0
6lu7_idAAEAgen9,-11.1,15.999,13.313
6lu7_idAADHgen9,-11.1,29.685,29.271
6lu7_idAADHgen9,-11.1,37.667,34.478
6lu7_idAACVgen9,-11.1,28.771,25.124
6lu7_idAACPgen9,-11.1,2.965,2.097
6lu7_idAACIgen9,-11.1,24.572,20.37
6lu7_idAACIgen9,-11.1,24.292,20.215
6lu7_idAABVgen9,-11.1,9.122,2.694
6lu7_idAABVgen9,-11.1,36.786,32.579
6lu7_idAAEBgen9,-11.0,5.348,2.217
6lu7_idAAEAgen9,-11.0,23.598,22.175
6lu7_idAAEAgen9,-11.0,6.386,1.185
6lu7_idAADZgen9,-11.0,6.16,1.212
6lu7_idAACBgen9,-11.0,23.45,19.434
6lu7_idAABVgen9,-11.0,36.939,32.597
6lu7_idAABCgen9,-11.0,20.372,18.131
6lu7_idAABCgen9,-11.0,0.0,0.0
6lu7_idAAAVgen9,-11.0,3.376,1.938
6lu7_idAAAPgen9,-11.0,16.127,1.541
6lu7_idAAEAgen9,-10.9,6.871,2.53
6lu7_idAAEAgen9,-10.9,6.662,2.038
6lu7_idAADKgen9,-10.9,0.0,0.0
6lu7_idAABZgen9,-10.9,42.47,35.322
6lu7_idAABZgen9,-10.9,23.972,19.221
6lu7_idAABYgen9,-10.9,0.0,0.0
6lu7_idAABTgen9,-10.9,14.64,9.786
6lu7_idAABCgen9,-10.9,13.718,4.241
6lu7_idAAAVgen9,-10.9,37.567,35.144
6lu7_idAAAPgen9,-10.9,23.988,18.352
6lu7_idAAAPgen9,-10.9,30.198,26.104
6lu7_idAAEBgen9,-10.8,12.011,1.724
6lu7_idAACPgen9,-10.8,45.704,40.781
6lu7_idAACBgen9,-10.8,15.912,4.92
6lu7_idAABVgen9,-10.8,23.325,18.923
6lu7_idAABVgen9,-10.8,9.292,4.363
6lu7_idAABCgen9,-10.8,10.957,6.118
6lu7_idAAAPgen9,-10.8,15.389,4.535
6lu7_idAADZgen9,-10.7,7.183,1.745
6lu7_idAADZgen9,-10.7,3.506,2.074
6lu7_idAADZgen9,-10.7,6.785,2.111
6lu7_idAACPgen9,-10.7,28.826,25.824
6lu7_idAACPgen9,-10.7,19.505,12.332
6lu7_idAACBgen9,-10.7,22.971,18.542
6lu7_idAABZgen9,-10.7,33.283,27.72
6lu7_idAABZgen9,-10.7,16.66,7.57
6lu7_idAABTgen9,-10.7,7.214,2.91
6lu7_idAABTgen9,-10.7,7.308,3.013
6lu7_idAABTgen9,-10.7,24.382,20.462
6lu7_idAAAPgen9,-10.7,37.395,33.794
6lu7_idAACPgen9,-10.6,2.656,1.783
6lu7_idAACBgen9,-10.6,25.526,19.094
6lu7_idAACBgen9,-10.6,4.488,2.041
6lu7_idAABZgen9,-10.6,40.383,34.977
6lu7_idAABCgen9,-10.6,24.709,21.7
6lu7_idAABCgen9,-10.6,13.296,5.239
6lu7_idAAABgen9,-10.6,38.393,33.175
6lu7_idAAEDgen9,-10.5,22.693,17.085
6lu7_idAAEBgen9,-10.5,5.036,1.82
6lu7_idAADZgen9,-10.5,6.656,1.651
6lu7_idAACPgen9,-10.5,18.919,11.882
6lu7_idAACBgen9,-10.5,13.057,1.86
6lu7_idAACBgen9,-10.5,10.591,5.75
6lu7_idAABZgen9,-10.5,21.37,16.211
6lu7_idAABYgen9,-10.5,22.93,19.339
6lu7_idAAABgen9,-10.5,13.956,5.947
6lu7_idAAABgen9,-10.5,2.856,1.619
6lu7_idAAEDgen9,-10.4,6.059,2.332
6lu7_idAACPgen9,-10.4,21.543,15.152
6lu7_idAACPgen9,-10.4,5.424,2.958
6lu7_idAABCgen9,-10.4,11.52,5.561
6lu7_idAAABgen9,-10.4,11.834,7.723
6lu7_idAAEEgen9,-10.3,0.0,0.0
6lu7_idAAEDgen9,-10.3,6.898,4.77
6lu7_idAABCgen9,-10.3,13.719,3.333
6lu7_idAABCgen9,-10.3,11.62,5.606
6lu7_idAAABgen9,-10.3,22.907,20.387
6lu7_idAAEDgen9,-10.2,17.642,11.825
6lu7_idAAEDgen9,-10.2,4.547,3.245
6lu7_idAAEDgen9,-10.2,26.223,20.777
6lu7_idAABYgen9,-10.2,24.397,18.541
6lu7_idAABYgen9,-10.2,24.046,19.092
6lu7_idAAARgen9,-10.2,0.0,0.0
6lu7_idAAABgen9,-10.2,25.573,22.596
6lu7_idAAABgen9,-10.2,10.837,6.482
6lu7_idAAEBgen9,-10.1,18.835,14.483
6lu7_idAACRgen9,-10.1,0.0,0.0
6lu7_idAABYgen9,-10.1,24.261,19.271
6lu7_idAABWgen9,-10.1,0.0,0.0
6lu7_idAAABgen9,-10.1,12.366,7.719
6lu7_idAAEIgen9,-10.0,0.0,0.0
6lu7_idAAEBgen9,-10.0,10.755,3.024
6lu7_idAACRgen9,-10.0,12.953,2.575
6lu7_idAABYgen9,-10.0,23.525,19.181
6lu7_idAABYgen9,-10.0,17.647,9.634
6lu7_idAAEBgen9,-9.9,10.166,7.558
6lu7_idAADZgen9,-9.9,9.09,5.518
6lu7_idAACRgen9,-9.9,2.0,1.43
6lu7_idAABYgen9,-9.9,22.05,20.993
6lu7_idAABYgen9,-9.9,21.393,20.143
6lu7_idAAAYgen9,-9.9,12.613,2.618
6lu7_idAABUgen9,-9.8,0.0,0.0
6lu7_idAAAYgen9,-9.8,24.583,18.33
6lu7_idAAAYgen9,-9.8,35.249,29.864
6lu7_idAAEIgen9,-9.7,35.772,33.706
6lu7_idAAEEgen9,-9.7,13.022,2.587
6lu7_idAAEBgen9,-9.7,15.463,13.143
6lu7_idAADZgen9,-9.7,6.676,1.547
6lu7_idAADZgen9,-9.7,41.898,36.99
6lu7_idAACWgen9,-9.7,0.0,0.0
6lu7_idAABWgen9,-9.7,12.773,2.622
6lu7_idAABUgen9,-9.7,15.902,9.266
6lu7_idAAAYgen9,-9.7,14.968,7.778
6lu7_idAAAYgen9,-9.7,11.337,3.998
6lu7_idAAARgen9,-9.7,6.944,1.902
6lu7_idAAEIgen9,-9.6,19.87,17.696
6lu7_idAAEIgen9,-9.6,9.326,1.845
6lu7_idAAEBgen9,-9.6,27.311,24.679
6lu7_idAADKgen9,-9.6,8.415,3.639
6lu7_idAACWgen9,-9.6,7.171,4.335
6lu7_idAABWgen9,-9.6,5.124,2.653
6lu7_idAABUgen9,-9.6,15.261,8.037
6lu7_idAAAYgen9,-9.6,9.537,4.899
6lu7_idAAAYgen9,-9.5,12.356,9.614
6lu7_idAAARgen9,-9.5,35.945,31.515
6lu7_idAAEIgen9,-9.4,8.785,1.448
6lu7_idAADKgen9,-9.4,23.152,20.281
6lu7_idAAAYgen9,-9.4,26.856,22.606
6lu7_idAAEIgen9,-9.3,2.427,1.389
6lu7_idAADKgen9,-9.3,38.165,34.442
6lu7_idAADKgen9,-9.3,2.638,1.58
6lu7_idAADKgen9,-9.3,20.71,15.166
6lu7_idAABUgen9,-9.3,3.193,1.201
6lu7_idAAARgen9,-9.3,43.13,37.108
6lu7_idAAARgen9,-9.3,42.933,37.446
6lu7_idAAEIgen9,-9.2,15.102,11.85
6lu7_idAABUgen9,-9.2,11.781,3.866
6lu7_idAAARgen9,-9.2,36.549,30.829
6lu7_idAAEEgen9,-9.1,12.792,2.549
6lu7_idAACRgen9,-9.1,18.265,15.611
6lu7_idAABUgen9,-9.1,34.279,30.006
6lu7_idAAARgen9,-9.1,25.123,21.509
6lu7_idAAARgen9,-9.1,26.214,22.698
6lu7_idAAEIgen9,-9.0,36.675,34.164
6lu7_idAAEEgen9,-9.0,23.244,19.787
6lu7_idAABWgen9,-9.0,18.056,15.463
6lu7_idAABUgen9,-9.0,18.613,9.679
6lu7_idAAARgen9,-9.0,32.904,31.235
6lu7_idAAEIgen9,-8.9,35.164,34.051
6lu7_idAAEEgen9,-8.9,31.735,27.03
6lu7_idAAEEgen9,-8.9,17.334,15.168
6lu7_idAADKgen9,-8.9,27.504,23.275
6lu7_idAACWgen9,-8.9,9.953,1.672
6lu7_idAABUgen9,-8.9,13.04,8.033
6lu7_idAAEEgen9,-8.8,18.214,15.654
6lu7_idAADKgen9,-8.8,30.089,28.823
6lu7_idAACWgen9,-8.8,8.432,4.238
6lu7_idAACRgen9,-8.8,32.171,27.162
6lu7_idAACRgen9,-8.8,19.208,17.591
6lu7_idAABUgen9,-8.8,19.546,13.357
6lu7_idAADKgen9,-8.7,17.219,13.52
6lu7_idAACRgen9,-8.7,26.732,24.019
6lu7_idAACRgen9,-8.7,23.297,19.726
6lu7_idAABWgen9,-8.7,23.252,19.717
6lu7_idAAEEgen9,-8.6,4.682,2.724
6lu7_idAAEEgen9,-8.6,19.066,16.235
6lu7_idAACWgen9,-8.6,40.387,35.903
6lu7_idAACWgen9,-8.6,24.288,20.094
6lu7_idAACWgen9,-8.6,31.536,30.474
6lu7_idAACRgen9,-8.6,18.45,15.652
6lu7_idAABWgen9,-8.5,31.775,27.164
6lu7_idAABWgen9,-8.5,12.477,3.089
6lu7_idAABWgen9,-8.5,8.916,5.023
6lu7_idAABWgen9,-8.5,40.738,34.885
6lu7_idAACWgen9,-8.4,26.174,22.968
6lu7_idAACWgen9,-8.4,17.342,12.173
6lu7_idAADDgen9,-7.5,0.0,0.0
6lu7_idAADDgen9,-7.1,21.261,19.087
6lu7_idAADDgen9,-7.1,24.123,21.863
6lu7_idAADDgen9,-7.0,9.105,3.247
6lu7_idAADDgen9,-7.0,9.608,3.591
6lu7_idAADDgen9,-7.0,17.99,16.084
6lu7_idAADDgen9,-6.8,21.163,16.607
6lu7_idAADDgen9,-6.7,4.246,2.582
6lu7_idAADDgen9,-6.6,39.231,37.395
6lu7_idAAERgen9,-13.2,0.0,0.0
6lu7_idAAERgen9,-13.1,7.246,2.244
6lu7_idAAERgen9,-12.4,8.205,3.213
6lu7_idAAERgen9,-12.0,26.309,21.629
6lu7_idAAERgen9,-11.6,8.99,2.276
6lu7_idAAERgen9,-11.2,24.856,21.899
6lu7_idAAERgen9,-10.8,36.852,31.398
6lu7_idAAERgen9,-10.7,6.617,1.823
6lu7_idAAERgen9,-10.4,26.253,20.73
6lu7_idAAESgen9,-15.5,0.0,0.0
6lu7_idAAESgen9,-15.3,7.769,3.702
6lu7_idAAESgen9,-14.3,8.244,1.532
6lu7_idAAESgen9,-13.7,12.987,10.777
6lu7_idAAESgen9,-13.7,40.838,36.655
6lu7_idAAESgen9,-13.6,8.643,1.722
6lu7_idAAESgen9,-13.5,10.183,3.128
6lu7_idAAESgen9,-13.5,10.718,5.249
6lu7_idAAESgen9,-13.3,4.686,2.194
6lu7_idAAETgen9,-13.9,0.0,0.0
6lu7_idAAETgen9,-13.8,9.782,4.082
6lu7_idAAETgen9,-13.7,5.147,1.997
6lu7_idAAETgen9,-13.7,23.058,18.707
6lu7_idAAETgen9,-13.2,45.39,41.141
6lu7_idAAETgen9,-13.0,5.576,2.602
6lu7_idAAETgen9,-13.0,9.098,4.327
6lu7_idAAETgen9,-13.0,4.282,2.698
6lu7_idAAETgen9,-12.9,7.378,1.196
6lu7_idAAEUgen9,-15.1,0.0,0.0
6lu7_idAAEUgen9,-15.1,6.892,2.987
6lu7_idAAEUgen9,-14.5,4.357,2.793
6lu7_idAAEUgen9,-13.2,24.031,19.811
6lu7_idAAEUgen9,-13.2,7.544,2.007
6lu7_idAAEUgen9,-13.0,31.909,28.564
6lu7_idAAEUgen9,-13.0,6.853,2.789
6lu7_idAAEUgen9,-12.8,25.438,20.267
6lu7_idAAEUgen9,-12.7,6.922,2.862
