Ligand,Binding Affinity,rmsd/ub, rmsd/lb
6lu7_idAADTgen7,-17.2,0.0,0.0
6lu7_idAADQgen7,-17.0,0.0,0.0
6lu7_idAADTgen7,-16.7,7.716,2.256
6lu7_idAADTgen7,-16.4,6.578,1.352
6lu7_idAAAGgen7,-16.3,0.0,0.0
6lu7_idAAEPgen7,-16.2,0.0,0.0
6lu7_idAADQgen7,-16.1,5.816,2.668
6lu7_idAADTgen7,-16.0,7.98,2.455
6lu7_idAADDgen7,-15.9,0.0,0.0
6lu7_idAADNgen7,-15.9,0.0,0.0
6lu7_idAADTgen7,-15.6,41.655,36.542
6lu7_idAADTgen7,-15.6,40.63,35.66
6lu7_idAAAGgen7,-15.5,6.662,2.945
6lu7_idAADTgen7,-15.5,6.236,2.985
6lu7_idAACEgen7,-15.3,0.0,0.0
6lu7_idAAEGgen7,-15.3,0.0,0.0
6lu7_idAADTgen7,-15.2,35.511,30.675
6lu7_idAADTgen7,-15.2,35.602,30.128
6lu7_idAAADgen7,-14.9,0.0,0.0
6lu7_idAAAGgen7,-14.9,4.151,2.614
6lu7_idAACOgen7,-14.9,0.0,0.0
6lu7_idAACSgen7,-14.9,0.0,0.0
6lu7_idAADDgen7,-14.9,35.198,30.906
6lu7_idAADDgen7,-14.9,7.012,1.936
6lu7_idAAEPgen7,-14.9,4.105,2.587
6lu7_idAAADgen7,-14.8,7.638,3.253
6lu7_idAACEgen7,-14.8,9.027,2.071
6lu7_idAACPgen7,-14.8,0.0,0.0
6lu7_idAADDgen7,-14.8,3.623,1.976
6lu7_idAADQgen7,-14.8,21.532,17.357
6lu7_idAADQgen7,-14.8,7.568,1.534
6lu7_idAACEgen7,-14.7,7.839,2.388
6lu7_idAACEgen7,-14.7,6.036,2.928
6lu7_idAACOgen7,-14.7,8.166,0.86
6lu7_idAACXgen7,-14.7,0.0,0.0
6lu7_idAADNgen7,-14.7,7.025,1.964
6lu7_idAAEMgen7,-14.7,0.0,0.0
6lu7_idAACEgen7,-14.6,10.616,2.838
6lu7_idAACOgen7,-14.6,30.934,30.309
6lu7_idAADNgen7,-14.6,8.33,2.66
6lu7_idAADQgen7,-14.6,7.026,3.238
6lu7_idAADZgen7,-14.5,0.0,0.0
6lu7_idAACSgen7,-14.5,7.898,3.003
6lu7_idAACWgen7,-14.5,0.0,0.0
6lu7_idAAAGgen7,-14.4,6.163,3.694
6lu7_idAADQgen7,-14.4,15.867,13.412
6lu7_idAADQgen7,-14.4,29.103,24.837
6lu7_idAADZgen7,-14.3,21.898,20.537
6lu7_idAADZgen7,-14.3,14.693,9.452
6lu7_idAADZgen7,-14.3,9.771,5.567
6lu7_idAADNgen7,-14.3,6.86,2.115
6lu7_idAADNgen7,-14.3,6.472,1.548
6lu7_idAADQgen7,-14.3,6.939,4.21
6lu7_idAADQgen7,-14.3,5.327,2.059
6lu7_idAAEPgen7,-14.3,6.099,3.663
6lu7_idAADZgen7,-14.2,28.999,24.065
6lu7_idAADZgen7,-14.2,35.456,30.707
6lu7_idAACDgen7,-14.2,0.0,0.0
6lu7_idAADDgen7,-14.2,42.838,37.321
6lu7_idAADDgen7,-14.2,35.909,31.023
6lu7_idAAEMgen7,-14.2,7.535,0.996
6lu7_idAAADgen7,-14.1,9.271,2.508
6lu7_idAAAGgen7,-14.1,7.979,2.643
6lu7_idAACEgen7,-14.1,5.957,2.828
6lu7_idAACOgen7,-14.1,37.025,31.286
6lu7_idAACTgen7,-14.1,0.0,0.0
6lu7_idAADFgen7,-14.1,0.0,0.0
6lu7_idAAEPgen7,-14.1,7.381,2.061
6lu7_idAADZgen7,-14.0,6.558,1.61
6lu7_idAADAgen7,-14.0,0.0,0.0
6lu7_idAADDgen7,-14.0,42.352,36.984
6lu7_idAADNgen7,-14.0,42.292,36.799
6lu7_idAADNgen7,-14.0,9.754,3.249
6lu7_idAAEBgen7,-13.9,0.0,0.0
6lu7_idAACOgen7,-13.9,31.544,30.187
6lu7_idAACWgen7,-13.9,31.55,30.109
6lu7_idAADNgen7,-13.9,42.706,37.087
6lu7_idAAEPgen7,-13.9,32.033,28.752
6lu7_idAADZgen7,-13.8,24.121,21.482
6lu7_idAADZgen7,-13.8,36.056,30.798
6lu7_idAAAGgen7,-13.8,32.092,28.808
6lu7_idAACOgen7,-13.8,36.655,31.415
6lu7_idAACWgen7,-13.8,35.71,29.818
6lu7_idAADDgen7,-13.8,8.959,1.69
6lu7_idAADDgen7,-13.8,36.309,30.402
6lu7_idAADNgen7,-13.8,8.959,1.633
6lu7_idAAFFgen7,-13.8,0.0,0.0
6lu7_idAAADgen7,-13.7,10.347,3.29
6lu7_idAAADgen7,-13.7,9.529,1.219
6lu7_idAAADgen7,-13.7,8.039,1.7
6lu7_idAACOgen7,-13.7,36.593,30.3
6lu7_idAAEGgen7,-13.7,17.419,13.671
6lu7_idAAEGgen7,-13.7,42.959,37.628
6lu7_idAAEMgen7,-13.7,18.604,17.402
6lu7_idAAEMgen7,-13.7,40.102,35.492
6lu7_idAAFEgen7,-13.7,0.0,0.0
6lu7_idAAADgen7,-13.6,11.548,3.875
6lu7_idAAAFgen7,-13.6,0.0,0.0
6lu7_idAAAKgen7,-13.6,0.0,0.0
6lu7_idAACWgen7,-13.6,37.843,31.696
6lu7_idAAEGgen7,-13.6,9.511,4.698
6lu7_idAAEGgen7,-13.6,9.644,2.257
6lu7_idAAEMgen7,-13.6,23.521,21.257
6lu7_idAAEMgen7,-13.6,24.018,20.306
6lu7_idAAEMgen7,-13.6,2.554,1.516
6lu7_idAAFLgen7,-13.6,0.0,0.0
6lu7_idAAADgen7,-13.5,22.858,18.029
6lu7_idAAADgen7,-13.5,44.845,39.77
6lu7_idAAAGgen7,-13.5,8.312,4.399
6lu7_idAACEgen7,-13.5,21.133,15.216
6lu7_idAACEgen7,-13.5,10.875,2.767
6lu7_idAAEPgen7,-13.5,8.332,4.429
6lu7_idAAAGgen7,-13.4,7.272,1.639
6lu7_idAAAKgen7,-13.4,7.209,2.149
6lu7_idAAAKgen7,-13.4,9.526,1.805
6lu7_idAACOgen7,-13.4,31.332,30.336
6lu7_idAAEMgen7,-13.4,37.204,35.353
6lu7_idAAEMgen7,-13.4,17.587,15.845
6lu7_idAAEPgen7,-13.4,16.387,10.2
6lu7_idAAFEgen7,-13.4,20.313,18.395
6lu7_idAAFEgen7,-13.4,10.134,2.238
6lu7_idAAAGgen7,-13.3,7.351,3.545
6lu7_idAAAKgen7,-13.3,9.303,1.754
6lu7_idAACSgen7,-13.3,18.149,12.24
6lu7_idAACVgen7,-13.3,0.0,0.0
6lu7_idAAELgen7,-13.3,0.0,0.0
6lu7_idAAELgen7,-13.3,2.62,1.632
6lu7_idAAEPgen7,-13.3,6.608,2.659
6lu7_idAAEPgen7,-13.3,14.988,10.28
6lu7_idAAEQgen7,-13.3,0.0,0.0
6lu7_idAAFEgen7,-13.3,5.265,2.006
6lu7_idAAAKgen7,-13.2,10.885,3.572
6lu7_idAACOgen7,-13.2,7.958,1.528
6lu7_idAAEGgen7,-13.2,5.88,2.126
6lu7_idAAEGgen7,-13.2,17.403,13.87
6lu7_idAAFBgen7,-13.2,0.0,0.0
6lu7_idAAAFgen7,-13.1,6.807,1.556
6lu7_idAABSgen7,-13.1,0.0,0.0
6lu7_idAACWgen7,-13.1,30.861,29.949
6lu7_idAADAgen7,-13.1,7.489,1.881
6lu7_idAAEGgen7,-13.1,8.486,4.614
6lu7_idAAEGgen7,-13.1,10.38,3.292
6lu7_idAAFEgen7,-13.1,36.13,34.557
6lu7_idAAFEgen7,-13.1,14.073,6.102
6lu7_idAAFEgen7,-13.1,22.28,18.245
6lu7_idAAFEgen7,-13.1,8.549,0.97
6lu7_idAAFEgen7,-13.1,22.304,18.623
6lu7_idAAFLgen7,-13.1,1.688,1.153
6lu7_idAAFLgen7,-13.1,4.95,3.103
6lu7_idAACWgen7,-13.0,7.72,1.661
6lu7_idAAEBgen7,-12.9,10.171,3.891
6lu7_idAACEgen7,-12.9,42.399,37.036
6lu7_idAACSgen7,-12.9,20.92,10.86
6lu7_idAACSgen7,-12.9,15.894,9.543
6lu7_idAACSgen7,-12.9,17.439,11.189
6lu7_idAAFFgen7,-12.9,4.439,2.782
6lu7_idAAAFgen7,-12.8,10.126,6.029
6lu7_idAAAFgen7,-12.8,9.664,3.891
6lu7_idAADIgen7,-12.8,0.0,0.0
6lu7_idAAFKgen7,-12.8,0.0,0.0
6lu7_idAAAFgen7,-12.7,23.02,15.856
6lu7_idAAAMgen7,-12.7,0.0,0.0
6lu7_idAACDgen7,-12.7,7.208,1.819
6lu7_idAACPgen7,-12.7,43.07,37.683
6lu7_idAACSgen7,-12.7,27.111,21.362
6lu7_idAACSgen7,-12.7,44.951,37.92
6lu7_idAACWgen7,-12.7,38.79,35.352
6lu7_idAACWgen7,-12.7,31.106,30.324
6lu7_idAAEKgen7,-12.7,0.0,0.0
6lu7_idAAEWgen7,-12.7,0.0,0.0
6lu7_idAACSgen7,-12.6,10.519,2.556
6lu7_idAACWgen7,-12.6,37.4,31.296
6lu7_idAACXgen7,-12.6,43.042,37.692
6lu7_idAACXgen7,-12.6,9.014,3.17
6lu7_idAACYgen7,-12.6,0.0,0.0
6lu7_idAAEWgen7,-12.6,7.627,0.972
6lu7_idAAFBgen7,-12.6,8.423,4.091
6lu7_idAAEBgen7,-12.5,8.926,1.916
6lu7_idAAAKgen7,-12.5,23.428,18.177
6lu7_idAABSgen7,-12.5,4.607,3.391
6lu7_idAACIgen7,-12.5,0.0,0.0
6lu7_idAACPgen7,-12.5,36.83,30.659
6lu7_idAACVgen7,-12.5,14.726,4.162
6lu7_idAACXgen7,-12.5,5.146,2.622
6lu7_idAACXgen7,-12.5,2.724,1.834
6lu7_idAADAgen7,-12.5,7.89,1.424
6lu7_idAADAgen7,-12.5,6.946,2.178
6lu7_idAADEgen7,-12.5,0.0,0.0
6lu7_idAAEFgen7,-12.5,0.0,0.0
6lu7_idAAEQgen7,-12.5,40.357,36.028
6lu7_idAAEWgen7,-12.5,41.479,36.174
6lu7_idAAEWgen7,-12.5,19.291,17.018
6lu7_idAABSgen7,-12.4,13.056,3.554
6lu7_idAABSgen7,-12.4,6.859,2.967
6lu7_idAACPgen7,-12.4,6.32,3.117
6lu7_idAACVgen7,-12.4,31.775,25.657
6lu7_idAACXgen7,-12.4,7.948,2.383
6lu7_idAADAgen7,-12.4,10.373,2.031
6lu7_idAADCgen7,-12.4,0.0,0.0
6lu7_idAADIgen7,-12.4,9.858,1.822
6lu7_idAAEEgen7,-12.4,0.0,0.0
6lu7_idAAEKgen7,-12.4,9.856,1.849
6lu7_idAAEWgen7,-12.4,41.572,36.051
6lu7_idAAEWgen7,-12.4,19.56,17.825
6lu7_idAAAKgen7,-12.3,42.086,37.264
6lu7_idAABSgen7,-12.3,31.828,25.61
6lu7_idAADAgen7,-12.3,6.567,2.531
6lu7_idAAEWgen7,-12.3,2.958,1.464
6lu7_idAAAMgen7,-12.2,10.122,6.301
6lu7_idAABSgen7,-12.2,12.589,4.298
6lu7_idAACTgen7,-12.2,7.198,1.869
6lu7_idAACVgen7,-12.2,13.052,3.586
6lu7_idAACYgen7,-12.2,12.414,1.862
6lu7_idAAEQgen7,-12.2,7.164,3.034
6lu7_idAABSgen7,-12.1,12.853,6.673
6lu7_idAABSgen7,-12.1,8.71,5.284
6lu7_idAACPgen7,-12.1,8.518,2.152
6lu7_idAACVgen7,-12.1,12.598,4.412
6lu7_idAACXgen7,-12.1,8.565,2.195
6lu7_idAADAgen7,-12.1,41.126,35.531
6lu7_idAADAgen7,-12.1,42.216,35.889
6lu7_idAADAgen7,-12.1,7.795,2.719
6lu7_idAADFgen7,-12.1,7.194,1.941
6lu7_idAAEQgen7,-12.1,40.815,36.218
6lu7_idAAFBgen7,-12.1,2.7,1.755
6lu7_idAAAHgen7,-12.0,0.0,0.0
6lu7_idAAAKgen7,-12.0,11.094,5.143
6lu7_idAAAKgen7,-12.0,11.104,3.684
6lu7_idAACDgen7,-12.0,19.585,12.228
6lu7_idAACVgen7,-12.0,24.289,21.195
6lu7_idAAEEgen7,-12.0,8.951,2.214
6lu7_idAAEQgen7,-12.0,8.306,3.356
6lu7_idAAAFgen7,-11.9,14.41,6.831
6lu7_idAAAMgen7,-11.9,14.934,7.446
6lu7_idAAAMgen7,-11.9,16.747,5.425
6lu7_idAABWgen7,-11.9,0.0,0.0
6lu7_idAACPgen7,-11.9,42.597,37.369
6lu7_idAAEKgen7,-11.9,37.47,30.712
6lu7_idAAFAgen7,-11.9,0.0,0.0
6lu7_idAAFAgen7,-11.9,5.789,2.852
6lu7_idAAEBgen7,-11.8,10.934,2.02
6lu7_idAAEBgen7,-11.8,36.587,30.206
6lu7_idAAEBgen7,-11.8,35.427,30.116
6lu7_idAAEAgen7,-11.8,6.374,2.002
6lu7_idAAEAgen7,-11.8,0.0,0.0
6lu7_idAADYgen7,-11.8,33.115,30.364
6lu7_idAADYgen7,-11.8,35.998,31.658
6lu7_idAADYgen7,-11.8,0.0,0.0
6lu7_idAAAFgen7,-11.8,12.013,2.031
6lu7_idAAAMgen7,-11.8,7.534,3.962
6lu7_idAACVgen7,-11.8,13.125,3.403
6lu7_idAACYgen7,-11.8,2.254,1.301
6lu7_idAADIgen7,-11.8,37.484,30.675
6lu7_idAAEEgen7,-11.8,6.179,2.233
6lu7_idAAEEgen7,-11.8,8.817,2.687
6lu7_idAAEEgen7,-11.8,34.774,28.737
6lu7_idAAEFgen7,-11.8,11.481,1.662
6lu7_idAAEFgen7,-11.8,37.279,30.544
6lu7_idAAELgen7,-11.8,10.764,1.674
6lu7_idAAELgen7,-11.8,7.733,1.962
6lu7_idAAELgen7,-11.8,28.618,20.651
6lu7_idAAELgen7,-11.8,43.32,37.077
6lu7_idAAETgen7,-11.8,0.0,0.0
6lu7_idAAEWgen7,-11.8,2.21,1.546
6lu7_idAAEWgen7,-11.8,30.421,27.117
6lu7_idAAFBgen7,-11.8,10.607,3.989
6lu7_idAAFFgen7,-11.8,23.761,19.567
6lu7_idAAFFgen7,-11.8,8.375,2.942
6lu7_idAAFFgen7,-11.8,16.254,10.689
6lu7_idAAEBgen7,-11.7,42.508,36.922
6lu7_idAAAFgen7,-11.7,41.004,36.391
6lu7_idAAAFgen7,-11.7,15.708,12.557
6lu7_idAABSgen7,-11.7,12.476,7.759
6lu7_idAACIgen7,-11.7,20.718,14.254
6lu7_idAADCgen7,-11.7,8.018,0.992
6lu7_idAAEEgen7,-11.7,39.841,33.488
6lu7_idAAETgen7,-11.7,45.607,39.435
6lu7_idAAFFgen7,-11.7,7.425,2.591
6lu7_idAAFKgen7,-11.7,20.955,14.286
6lu7_idAAFKgen7,-11.7,32.736,31.311
6lu7_idAAFPgen7,-11.6,0.0,0.0
6lu7_idAAFNgen7,-11.6,0.0,0.0
6lu7_idAAAMgen7,-11.6,24.751,20.875
6lu7_idAAAMgen7,-11.6,7.896,4.185
6lu7_idAAAMgen7,-11.6,15.624,8.61
6lu7_idAAAMgen7,-11.6,3.67,2.914
6lu7_idAACDgen7,-11.6,26.863,24.721
6lu7_idAACDgen7,-11.6,12.961,1.855
6lu7_idAACIgen7,-11.6,38.024,30.694
6lu7_idAACTgen7,-11.6,19.61,12.287
6lu7_idAACTgen7,-11.6,26.89,24.784
6lu7_idAADFgen7,-11.6,26.868,24.69
6lu7_idAADIgen7,-11.6,37.739,30.797
6lu7_idAADPgen7,-11.6,0.0,0.0
6lu7_idAAEEgen7,-11.6,38.397,33.208
6lu7_idAAEFgen7,-11.6,38.028,30.683
6lu7_idAAEFgen7,-11.6,20.643,14.072
6lu7_idAAEKgen7,-11.6,7.847,1.371
6lu7_idAAEKgen7,-11.6,37.74,30.836
6lu7_idAAELgen7,-11.6,46.625,40.482
6lu7_idAAELgen7,-11.6,40.319,34.413
6lu7_idAAEQgen7,-11.6,7.337,2.95
6lu7_idAAEQgen7,-11.6,6.928,2.191
6lu7_idAAETgen7,-11.6,32.985,27.023
6lu7_idAAFFgen7,-11.6,22.687,18.463
6lu7_idAAFFgen7,-11.6,31.084,27.175
6lu7_idAAFFgen7,-11.6,24.511,20.612
6lu7_idAAFPgen7,-11.5,9.013,2.549
6lu7_idAAFNgen7,-11.5,20.481,17.361
6lu7_idAAEBgen7,-11.5,36.243,29.889
6lu7_idAAEBgen7,-11.5,35.611,30.096
6lu7_idAABUgen7,-11.5,0.0,0.0
6lu7_idAACDgen7,-11.5,35.608,29.527
6lu7_idAACIgen7,-11.5,37.324,30.886
6lu7_idAACTgen7,-11.5,12.953,1.904
6lu7_idAACVgen7,-11.5,5.203,3.313
6lu7_idAACVgen7,-11.5,33.4,26.71
6lu7_idAACYgen7,-11.5,27.936,19.946
6lu7_idAACYgen7,-11.5,13.001,2.046
6lu7_idAADIgen7,-11.5,21.459,14.372
6lu7_idAADKgen7,-11.5,0.0,0.0
6lu7_idAAEFgen7,-11.5,38.181,30.838
6lu7_idAAELgen7,-11.5,34.414,30.665
6lu7_idAAEQgen7,-11.5,42.16,37.403
6lu7_idAAEQgen7,-11.5,25.099,21.729
6lu7_idAAFAgen7,-11.5,6.564,4.034
6lu7_idAAFKgen7,-11.5,8.736,1.674
6lu7_idAAFKgen7,-11.5,8.703,1.72
6lu7_idAAFNgen7,-11.4,25.778,21.798
6lu7_idAABUgen7,-11.4,8.26,2.413
6lu7_idAABWgen7,-11.4,32.824,26.887
6lu7_idAADFgen7,-11.4,35.6,29.695
6lu7_idAADIgen7,-11.4,38.501,31.146
6lu7_idAADIgen7,-11.4,8.87,2.697
6lu7_idAAEFgen7,-11.4,12.751,2.939
6lu7_idAAEHgen7,-11.4,0.0,0.0
6lu7_idAAEKgen7,-11.4,21.831,14.762
6lu7_idAAEKgen7,-11.4,8.963,2.832
6lu7_idAAFAgen7,-11.4,5.359,2.779
6lu7_idAAFLgen7,-11.4,33.548,28.548
6lu7_idAAFLgen7,-11.4,7.145,3.091
6lu7_idAAFPgen7,-11.3,2.236,1.738
6lu7_idAAFPgen7,-11.3,40.371,36.063
6lu7_idAADYgen7,-11.3,19.005,11.263
6lu7_idAABTgen7,-11.3,0.0,0.0
6lu7_idAABWgen7,-11.3,32.427,26.795
6lu7_idAACCgen7,-11.3,0.0,0.0
6lu7_idAACDgen7,-11.3,33.436,27.766
6lu7_idAACIgen7,-11.3,7.859,1.261
6lu7_idAACIgen7,-11.3,33.733,27.736
6lu7_idAACTgen7,-11.3,33.76,28.129
6lu7_idAADCgen7,-11.3,8.752,1.935
6lu7_idAADFgen7,-11.3,18.12,11.534
6lu7_idAADKgen7,-11.3,41.234,36.327
6lu7_idAADPgen7,-11.3,28.162,23.633
6lu7_idAAEUgen7,-11.3,0.0,0.0
6lu7_idAAFAgen7,-11.3,27.274,22.009
6lu7_idAAFAgen7,-11.3,6.245,3.855
6lu7_idAAFBgen7,-11.3,21.044,10.068
6lu7_idAAFKgen7,-11.3,35.129,30.512
6lu7_idAAFKgen7,-11.3,35.883,30.381
6lu7_idAAFLgen7,-11.3,39.636,35.39
6lu7_idAAFLgen7,-11.3,9.389,3.267
6lu7_idAAFLgen7,-11.3,26.332,20.447
6lu7_idAAFPgen7,-11.2,10.788,2.577
6lu7_idAAFNgen7,-11.2,19.082,16.623
6lu7_idAABWgen7,-11.2,3.105,2.219
6lu7_idAABWgen7,-11.2,7.481,1.745
6lu7_idAABWgen7,-11.2,4.402,3.385
6lu7_idAACCgen7,-11.2,25.458,21.321
6lu7_idAACIgen7,-11.2,35.108,28.911
6lu7_idAADBgen7,-11.2,0.0,0.0
6lu7_idAADGgen7,-11.2,0.0,0.0
6lu7_idAADPgen7,-11.2,21.424,15.438
6lu7_idAADPgen7,-11.2,6.268,2.206
6lu7_idAAEKgen7,-11.2,32.416,27.034
6lu7_idAAEKgen7,-11.2,33.807,28.199
6lu7_idAAETgen7,-11.2,17.913,11.533
6lu7_idAAFBgen7,-11.2,41.374,36.305
6lu7_idAAFLgen7,-11.2,13.988,11.882
6lu7_idAAFNgen7,-11.1,18.406,16.513
6lu7_idAAFNgen7,-11.1,9.078,1.711
6lu7_idAADYgen7,-11.1,37.023,31.996
6lu7_idAADYgen7,-11.1,37.528,32.432
6lu7_idAABRgen7,-11.1,0.0,0.0
6lu7_idAABUgen7,-11.1,7.608,2.486
6lu7_idAABUgen7,-11.1,1.913,1.405
6lu7_idAABWgen7,-11.1,10.332,4.549
6lu7_idAABWgen7,-11.1,1.976,1.567
6lu7_idAACCgen7,-11.1,26.016,21.414
6lu7_idAACFgen7,-11.1,44.677,39.632
6lu7_idAACFgen7,-11.1,0.0,0.0
6lu7_idAACYgen7,-11.1,23.512,18.528
6lu7_idAADIgen7,-11.1,32.479,27.11
6lu7_idAADIgen7,-11.1,33.793,28.186
6lu7_idAADKgen7,-11.1,44.929,39.479
6lu7_idAADPgen7,-11.1,32.188,23.635
6lu7_idAAEFgen7,-11.1,35.108,28.906
6lu7_idAAEFgen7,-11.1,23.18,15.149
6lu7_idAAEHgen7,-11.1,7.794,2.001
6lu7_idAAETgen7,-11.1,23.788,17.65
6lu7_idAAEUgen7,-11.1,12.299,1.844
6lu7_idAAEXgen7,-11.1,0.0,0.0
6lu7_idAAFBgen7,-11.1,8.246,2.781
6lu7_idAAFNgen7,-11.0,20.295,17.794
6lu7_idAADYgen7,-11.0,8.106,1.475
6lu7_idAADYgen7,-11.0,55.575,52.518
6lu7_idAADYgen7,-11.0,36.113,32.468
6lu7_idAADWgen7,-11.0,0.0,0.0
6lu7_idAAAHgen7,-11.0,2.231,1.95
6lu7_idAABWgen7,-11.0,4.343,3.462
6lu7_idAACCgen7,-11.0,2.721,2.252
6lu7_idAACIgen7,-11.0,34.83,29.405
6lu7_idAACYgen7,-11.0,43.25,38.426
6lu7_idAADKgen7,-11.0,43.739,38.96
6lu7_idAADKgen7,-11.0,41.89,37.261
6lu7_idAADPgen7,-11.0,28.797,19.803
6lu7_idAAEHgen7,-11.0,22.5,15.995
6lu7_idAAETgen7,-11.0,29.349,23.98
6lu7_idAAETgen7,-11.0,18.578,14.197
6lu7_idAAEUgen7,-11.0,27.424,19.977
6lu7_idAAEXgen7,-11.0,5.47,2.345
6lu7_idAAFPgen7,-10.9,12.291,5.238
6lu7_idAAFNgen7,-10.9,29.693,26.286
6lu7_idAAFNgen7,-10.9,32.326,28.872
6lu7_idAABRgen7,-10.9,15.678,5.737
6lu7_idAABTgen7,-10.9,15.941,4.339
6lu7_idAABUgen7,-10.9,8.371,1.578
6lu7_idAACIgen7,-10.9,10.951,1.929
6lu7_idAACKgen7,-10.9,0.0,0.0
6lu7_idAADCgen7,-10.9,5.615,1.989
6lu7_idAADCgen7,-10.9,2.907,1.612
6lu7_idAADGgen7,-10.9,1.973,1.137
6lu7_idAAEEgen7,-10.9,10.081,2.217
6lu7_idAAEHgen7,-10.9,7.426,2.371
6lu7_idAAEUgen7,-10.9,5.911,2.597
6lu7_idAAFAgen7,-10.9,19.662,16.28
6lu7_idAAFBgen7,-10.9,13.155,9.204
6lu7_idAAFDgen7,-10.9,0.0,0.0
6lu7_idAAFKgen7,-10.9,42.477,37.928
6lu7_idAAFKgen7,-10.9,36.513,31.164
6lu7_idAAFQgen7,-10.8,0.0,0.0
6lu7_idAADWgen7,-10.8,44.372,39.187
6lu7_idAADWgen7,-10.8,41.43,35.926
6lu7_idAAAHgen7,-10.8,7.095,2.191
6lu7_idAABRgen7,-10.8,2.07,1.486
6lu7_idAACCgen7,-10.8,29.638,24.763
6lu7_idAACCgen7,-10.8,26.259,22.743
6lu7_idAACYgen7,-10.8,17.582,13.931
6lu7_idAACYgen7,-10.8,30.05,24.084
6lu7_idAADCgen7,-10.8,8.414,1.687
6lu7_idAADGgen7,-10.8,2.323,1.662
6lu7_idAADJgen7,-10.8,0.0,0.0
6lu7_idAADKgen7,-10.8,41.252,35.776
6lu7_idAAEEgen7,-10.8,31.822,25.38
6lu7_idAAEJgen7,-10.8,0.0,0.0
6lu7_idAAEXgen7,-10.8,10.934,1.54
6lu7_idAAEXgen7,-10.8,12.014,1.755
6lu7_idAAEYgen7,-10.8,0.0,0.0
6lu7_idAAFAgen7,-10.8,18.632,17.348
6lu7_idAAFBgen7,-10.8,41.636,36.391
6lu7_idAAFPgen7,-10.7,25.593,22.526
6lu7_idAAFPgen7,-10.7,20.862,14.486
6lu7_idAADWgen7,-10.7,45.109,39.548
6lu7_idAAAHgen7,-10.7,11.442,4.848
6lu7_idAAAHgen7,-10.7,11.922,5.791
6lu7_idAABRgen7,-10.7,6.426,2.118
6lu7_idAABTgen7,-10.7,15.682,5.335
6lu7_idAACCgen7,-10.7,27.177,23.929
6lu7_idAACFgen7,-10.7,27.4,26.377
6lu7_idAACFgen7,-10.7,8.142,3.928
6lu7_idAACFgen7,-10.7,6.736,4.221
6lu7_idAADCgen7,-10.7,28.797,23.367
6lu7_idAADCgen7,-10.7,29.639,21.71
6lu7_idAADEgen7,-10.7,3.121,2.195
6lu7_idAADKgen7,-10.7,41.694,35.983
6lu7_idAAEHgen7,-10.7,23.15,19.458
6lu7_idAAEJgen7,-10.7,41.492,35.796
6lu7_idAAETgen7,-10.7,27.609,25.049
6lu7_idAAETgen7,-10.7,46.461,39.383
6lu7_idAAFQgen7,-10.6,19.498,17.062
6lu7_idAAEAgen7,-10.6,18.126,12.0
6lu7_idAADWgen7,-10.6,41.89,37.117
6lu7_idAABUgen7,-10.6,8.154,1.19
6lu7_idAACCgen7,-10.6,27.411,19.558
6lu7_idAACCgen7,-10.6,30.128,26.34
6lu7_idAACFgen7,-10.6,10.202,5.551
6lu7_idAADEgen7,-10.6,11.958,6.002
6lu7_idAADGgen7,-10.6,8.43,3.452
6lu7_idAADLgen7,-10.6,0.0,0.0
6lu7_idAAEDgen7,-10.6,0.0,0.0
6lu7_idAAEHgen7,-10.6,15.681,9.676
6lu7_idAAEHgen7,-10.6,41.649,37.48
6lu7_idAAEHgen7,-10.6,10.073,2.111
6lu7_idAAEUgen7,-10.6,29.494,25.234
6lu7_idAAEUgen7,-10.6,39.372,37.954
6lu7_idAAEXgen7,-10.6,12.012,2.314
6lu7_idAAFAgen7,-10.6,19.412,18.445
6lu7_idAAFDgen7,-10.6,2.102,1.562
6lu7_idAAFQgen7,-10.5,11.014,9.198
6lu7_idAAFPgen7,-10.5,29.472,23.4
6lu7_idAAAHgen7,-10.5,5.62,3.597
6lu7_idAAAHgen7,-10.5,9.857,3.971
6lu7_idAAAPgen7,-10.5,0.0,0.0
6lu7_idAABRgen7,-10.5,11.038,4.321
6lu7_idAABUgen7,-10.5,36.145,30.15
6lu7_idAADBgen7,-10.5,20.257,12.678
6lu7_idAADCgen7,-10.5,29.767,24.313
6lu7_idAADEgen7,-10.5,7.781,4.149
6lu7_idAADEgen7,-10.5,9.226,4.382
6lu7_idAADEgen7,-10.5,2.685,2.076
6lu7_idAADEgen7,-10.5,9.944,4.139
6lu7_idAADJgen7,-10.5,18.608,13.556
6lu7_idAADKgen7,-10.5,38.75,34.182
6lu7_idAADPgen7,-10.5,26.968,20.928
6lu7_idAADPgen7,-10.5,17.571,10.512
6lu7_idAAEDgen7,-10.5,20.955,18.583
6lu7_idAAEDgen7,-10.5,23.291,19.267
6lu7_idAAEHgen7,-10.5,9.161,4.296
6lu7_idAAEUgen7,-10.5,18.056,12.831
6lu7_idAAEUgen7,-10.5,35.526,30.673
6lu7_idAAEYgen7,-10.5,25.117,21.327
6lu7_idAAFQgen7,-10.4,35.816,34.592
6lu7_idAAFQgen7,-10.4,34.991,34.268
6lu7_idAAEAgen7,-10.4,13.063,3.046
6lu7_idAAAHgen7,-10.4,19.038,14.627
6lu7_idAAAPgen7,-10.4,2.08,1.26
6lu7_idAADBgen7,-10.4,25.815,22.584
6lu7_idAADBgen7,-10.4,26.138,17.926
6lu7_idAADGgen7,-10.4,8.319,3.493
6lu7_idAADGgen7,-10.4,7.014,2.909
6lu7_idAADJgen7,-10.4,21.109,13.8
6lu7_idAADJgen7,-10.4,8.277,3.792
6lu7_idAADJgen7,-10.4,26.999,19.265
6lu7_idAADLgen7,-10.4,6.915,1.844
6lu7_idAADOgen7,-10.4,0.0,0.0
6lu7_idAADPgen7,-10.4,35.586,30.064
6lu7_idAADRgen7,-10.4,0.0,0.0
6lu7_idAAEDgen7,-10.4,23.537,19.772
6lu7_idAAEUgen7,-10.4,25.979,21.401
6lu7_idAAFDgen7,-10.4,2.612,2.057
6lu7_idAAFQgen7,-10.3,27.494,24.693
6lu7_idAAFQgen7,-10.3,37.782,35.639
6lu7_idAAEAgen7,-10.3,8.361,4.314
6lu7_idAADWgen7,-10.3,46.054,40.709
6lu7_idAAAEgen7,-10.3,0.0,0.0
6lu7_idAAALgen7,-10.3,0.0,0.0
6lu7_idAABRgen7,-10.3,6.384,2.234
6lu7_idAABUgen7,-10.3,8.382,1.84
6lu7_idAADBgen7,-10.3,19.476,9.727
6lu7_idAADBgen7,-10.3,29.199,24.821
6lu7_idAADEgen7,-10.3,11.033,3.479
6lu7_idAADGgen7,-10.3,7.253,3.057
6lu7_idAADKgen7,-10.3,28.285,25.128
6lu7_idAADRgen7,-10.3,9.896,1.832
6lu7_idAAEJgen7,-10.3,23.703,18.778
6lu7_idAAEYgen7,-10.3,11.464,9.85
6lu7_idAAFQgen7,-10.2,7.161,1.891
6lu7_idAAFQgen7,-10.2,6.893,1.554
6lu7_idAADWgen7,-10.2,42.232,37.246
6lu7_idAADWgen7,-10.2,38.806,33.687
6lu7_idAADWgen7,-10.2,23.475,17.322
6lu7_idAAAHgen7,-10.2,8.409,3.738
6lu7_idAAAPgen7,-10.2,5.931,2.508
6lu7_idAABRgen7,-10.2,7.995,3.51
6lu7_idAABRgen7,-10.2,7.956,3.839
6lu7_idAABUgen7,-10.2,19.141,14.346
6lu7_idAACFgen7,-10.2,32.705,29.218
6lu7_idAADBgen7,-10.2,16.595,10.179
6lu7_idAADEgen7,-10.2,8.18,4.982
6lu7_idAADGgen7,-10.2,7.163,2.251
6lu7_idAADGgen7,-10.2,4.822,3.848
6lu7_idAADRgen7,-10.2,32.226,29.503
6lu7_idAAEDgen7,-10.2,20.879,18.11
6lu7_idAAFDgen7,-10.2,7.067,2.988
6lu7_idAAFMgen7,-10.1,2.294,1.684
6lu7_idAAFMgen7,-10.1,0.0,0.0
6lu7_idAAEAgen7,-10.1,34.166,25.32
6lu7_idAAAEgen7,-10.1,6.483,3.638
6lu7_idAABTgen7,-10.1,15.454,7.804
6lu7_idAACHgen7,-10.1,0.0,0.0
6lu7_idAACKgen7,-10.1,38.779,33.479
6lu7_idAADJgen7,-10.1,11.043,2.38
6lu7_idAADLgen7,-10.1,15.942,6.465
6lu7_idAAEXgen7,-10.1,9.817,5.07
6lu7_idAAEYgen7,-10.1,19.516,15.564
6lu7_idAAFDgen7,-10.1,7.447,3.363
6lu7_idAAFMgen7,-10.0,23.865,20.184
6lu7_idAAEAgen7,-10.0,17.968,9.69
6lu7_idAAEAgen7,-10.0,29.888,25.851
6lu7_idAAEAgen7,-10.0,17.221,10.432
6lu7_idAAAPgen7,-10.0,6.404,2.288
6lu7_idAABRgen7,-10.0,11.273,3.056
6lu7_idAADJgen7,-10.0,16.935,11.326
6lu7_idAADLgen7,-10.0,6.104,2.752
6lu7_idAADOgen7,-10.0,9.321,2.936
6lu7_idAADRgen7,-10.0,31.182,29.404
6lu7_idAADRgen7,-10.0,22.956,16.155
6lu7_idAADRgen7,-10.0,39.203,35.162
6lu7_idAAEJgen7,-10.0,27.516,22.182
6lu7_idAAEXgen7,-10.0,18.747,14.39
6lu7_idAAEXgen7,-10.0,10.763,2.982
6lu7_idAAEYgen7,-10.0,15.321,12.696
6lu7_idAAFDgen7,-10.0,10.254,4.753
6lu7_idAAFMgen7,-9.9,24.969,19.704
6lu7_idAAALgen7,-9.9,7.087,0.721
6lu7_idAABTgen7,-9.9,16.15,3.625
6lu7_idAABTgen7,-9.9,14.985,7.57
6lu7_idAACFgen7,-9.9,34.848,29.207
6lu7_idAACHgen7,-9.9,7.893,3.728
6lu7_idAACHgen7,-9.9,2.092,1.427
6lu7_idAADBgen7,-9.9,15.968,10.66
6lu7_idAADBgen7,-9.9,23.552,14.696
6lu7_idAADJgen7,-9.9,12.07,8.364
6lu7_idAADRgen7,-9.9,31.932,29.957
6lu7_idAADRgen7,-9.9,7.563,2.393
6lu7_idAAEDgen7,-9.9,23.435,19.485
6lu7_idAAEJgen7,-9.9,9.406,2.866
6lu7_idAAEYgen7,-9.9,30.465,29.288
6lu7_idAAEYgen7,-9.9,25.527,21.749
6lu7_idAAEYgen7,-9.9,30.369,29.113
6lu7_idAAFDgen7,-9.9,7.743,3.206
6lu7_idAAFMgen7,-9.8,23.306,20.193
6lu7_idAAAPgen7,-9.8,9.196,4.298
6lu7_idAABTgen7,-9.8,23.869,20.72
6lu7_idAABTgen7,-9.8,17.911,13.384
6lu7_idAACFgen7,-9.8,45.068,39.716
6lu7_idAACKgen7,-9.8,46.987,40.293
6lu7_idAADMgen7,-9.8,0.0,0.0
6lu7_idAAEXgen7,-9.8,10.157,7.554
6lu7_idAAAEgen7,-9.7,10.696,2.587
6lu7_idAABTgen7,-9.7,23.163,19.466
6lu7_idAACKgen7,-9.7,10.366,3.384
6lu7_idAACKgen7,-9.7,12.106,2.347
6lu7_idAACKgen7,-9.7,9.496,2.61
6lu7_idAACKgen7,-9.7,39.825,33.135
6lu7_idAADJgen7,-9.7,3.297,1.907
6lu7_idAADLgen7,-9.7,6.235,2.759
6lu7_idAADOgen7,-9.7,13.224,6.436
6lu7_idAADOgen7,-9.7,9.313,3.351
6lu7_idAADOgen7,-9.7,19.479,10.177
6lu7_idAADOgen7,-9.7,8.217,2.879
6lu7_idAADRgen7,-9.7,53.288,49.971
6lu7_idAAEJgen7,-9.7,36.146,31.846
6lu7_idAAESgen7,-9.7,0.0,0.0
6lu7_idAAFDgen7,-9.7,10.113,4.356
6lu7_idAAAEgen7,-9.6,27.913,23.959
6lu7_idAAAEgen7,-9.6,27.299,22.862
6lu7_idAAAEgen7,-9.6,23.124,20.461
6lu7_idAACHgen7,-9.6,2.064,1.183
6lu7_idAACKgen7,-9.6,47.278,41.097
6lu7_idAACNgen7,-9.6,0.0,0.0
6lu7_idAADLgen7,-9.6,3.616,2.5
6lu7_idAAEJgen7,-9.6,10.075,3.131
6lu7_idAAEJgen7,-9.6,29.924,24.356
6lu7_idAAESgen7,-9.6,24.751,19.063
6lu7_idAAEVgen7,-9.6,0.0,0.0
6lu7_idAAFIgen7,-9.6,0.0,0.0
6lu7_idAAAEgen7,-9.5,10.991,5.435
6lu7_idAACKgen7,-9.5,45.553,41.354
6lu7_idAADLgen7,-9.5,10.812,3.267
6lu7_idAADLgen7,-9.5,6.989,2.756
6lu7_idAADOgen7,-9.5,28.186,19.778
6lu7_idAADOgen7,-9.5,31.544,27.256
6lu7_idAAEDgen7,-9.5,21.005,18.622
6lu7_idAAEIgen7,-9.5,0.0,0.0
6lu7_idAAEJgen7,-9.5,29.252,22.879
6lu7_idAAESgen7,-9.5,8.299,2.809
6lu7_idAAEYgen7,-9.5,19.483,15.42
6lu7_idAAFDgen7,-9.5,8.56,4.341
6lu7_idAAFIgen7,-9.5,14.772,11.554
6lu7_idAAFMgen7,-9.4,25.726,22.962
6lu7_idAAFMgen7,-9.4,8.582,3.073
6lu7_idAAAPgen7,-9.4,16.016,5.622
6lu7_idAACHgen7,-9.4,12.176,3.294
6lu7_idAACHgen7,-9.4,8.031,3.723
6lu7_idAACHgen7,-9.4,12.194,3.05
6lu7_idAACHgen7,-9.4,25.119,22.963
6lu7_idAADMgen7,-9.4,11.045,6.751
6lu7_idAAEIgen7,-9.4,31.074,26.555
6lu7_idAAFIgen7,-9.4,10.969,8.465
6lu7_idAAFIgen7,-9.4,11.412,6.892
6lu7_idAAFMgen7,-9.3,24.214,20.596
6lu7_idAAAEgen7,-9.3,22.838,20.645
6lu7_idAAAEgen7,-9.3,33.491,24.441
6lu7_idAAALgen7,-9.3,27.077,23.344
6lu7_idAAAPgen7,-9.3,7.09,3.22
6lu7_idAACAgen7,-9.3,0.0,0.0
6lu7_idAACHgen7,-9.3,24.043,22.418
6lu7_idAADLgen7,-9.3,7.805,4.043
6lu7_idAADMgen7,-9.3,31.217,29.545
6lu7_idAAEDgen7,-9.3,24.134,20.099
6lu7_idAAEDgen7,-9.3,21.771,19.49
6lu7_idAAEVgen7,-9.3,24.028,23.063
6lu7_idAAFIgen7,-9.3,16.746,13.397
6lu7_idAAFJgen7,-9.3,0.0,0.0
6lu7_idAADVgen7,-9.2,0.0,0.0
6lu7_idAABXgen7,-9.2,0.0,0.0
6lu7_idAADMgen7,-9.2,14.886,11.78
6lu7_idAADMgen7,-9.2,30.767,26.39
6lu7_idAAEIgen7,-9.2,24.827,21.138
6lu7_idAAEIgen7,-9.2,28.757,25.048
6lu7_idAAESgen7,-9.2,15.518,8.42
6lu7_idAAESgen7,-9.2,24.461,22.086
6lu7_idAAESgen7,-9.2,8.293,3.285
6lu7_idAAEVgen7,-9.2,13.37,8.82
6lu7_idAAFIgen7,-9.2,30.595,26.489
6lu7_idAAFMgen7,-9.1,24.754,21.938
6lu7_idAADVgen7,-9.1,22.622,19.415
6lu7_idAADVgen7,-9.1,6.406,2.783
6lu7_idAAAIgen7,-9.1,0.0,0.0
6lu7_idAADMgen7,-9.1,14.733,12.391
6lu7_idAADOgen7,-9.1,12.685,2.873
6lu7_idAAEIgen7,-9.1,32.094,30.447
6lu7_idAAESgen7,-9.1,23.886,18.401
6lu7_idAAESgen7,-9.1,8.326,2.696
6lu7_idAAEVgen7,-9.1,11.272,8.581
6lu7_idAAEVgen7,-9.1,31.114,26.771
6lu7_idAAFJgen7,-9.1,20.57,15.929
6lu7_idAAFJgen7,-9.1,23.713,19.344
6lu7_idAAAIgen7,-9.0,10.279,1.695
6lu7_idAABXgen7,-9.0,8.498,2.198
6lu7_idAABXgen7,-9.0,22.645,19.294
6lu7_idAACNgen7,-9.0,24.779,21.126
6lu7_idAAEVgen7,-9.0,28.583,24.16
6lu7_idAAEVgen7,-9.0,31.462,29.857
6lu7_idAAFIgen7,-9.0,26.627,23.706
6lu7_idAAFIgen7,-9.0,27.923,23.526
6lu7_idAAFIgen7,-9.0,7.855,6.129
6lu7_idAAFJgen7,-9.0,29.274,25.203
6lu7_idAAFJgen7,-9.0,5.843,2.154
6lu7_idAAAIgen7,-8.9,10.481,2.478
6lu7_idAAALgen7,-8.9,7.755,1.113
6lu7_idAAALgen7,-8.9,3.629,1.167
6lu7_idAAAPgen7,-8.9,29.444,25.258
6lu7_idAAAPgen7,-8.9,6.82,2.872
6lu7_idAABXgen7,-8.9,25.731,20.564
6lu7_idAACAgen7,-8.9,22.334,16.612
6lu7_idAACNgen7,-8.9,23.53,19.967
6lu7_idAACNgen7,-8.9,21.032,16.018
6lu7_idAACZgen7,-8.9,0.0,0.0
6lu7_idAADMgen7,-8.9,11.448,8.884
6lu7_idAAEIgen7,-8.9,27.784,25.562
6lu7_idAAEIgen7,-8.9,31.825,27.758
6lu7_idAAESgen7,-8.9,3.436,2.222
6lu7_idAAEVgen7,-8.9,26.849,22.975
6lu7_idAAFJgen7,-8.9,23.796,20.137
6lu7_idAAFJgen7,-8.9,24.719,18.3
6lu7_idAAFJgen7,-8.9,21.171,14.631
6lu7_idAADVgen7,-8.8,8.288,1.858
6lu7_idAAAIgen7,-8.8,9.746,7.272
6lu7_idAAAIgen7,-8.8,18.05,13.677
6lu7_idAAALgen7,-8.8,29.742,25.846
6lu7_idAAALgen7,-8.8,8.712,6.833
6lu7_idAABXgen7,-8.8,9.164,5.238
6lu7_idAACNgen7,-8.8,9.103,3.581
6lu7_idAACZgen7,-8.8,7.103,2.427
6lu7_idAACZgen7,-8.8,28.323,25.118
6lu7_idAADMgen7,-8.8,12.885,10.012
6lu7_idAADMgen7,-8.8,8.243,6.536
6lu7_idAAEIgen7,-8.8,3.656,1.214
6lu7_idAAEVgen7,-8.8,12.965,10.163
6lu7_idAADVgen7,-8.7,23.031,21.484
6lu7_idAADVgen7,-8.7,23.226,19.992
6lu7_idAAAIgen7,-8.7,19.499,17.617
6lu7_idAABXgen7,-8.7,21.206,19.004
6lu7_idAACZgen7,-8.7,32.068,25.831
6lu7_idAAEIgen7,-8.7,10.47,5.478
6lu7_idAADVgen7,-8.6,20.038,17.949
6lu7_idAAAIgen7,-8.6,21.862,20.789
6lu7_idAABXgen7,-8.6,2.584,1.726
6lu7_idAACAgen7,-8.6,2.781,1.668
6lu7_idAACAgen7,-8.6,27.582,23.748
6lu7_idAACNgen7,-8.6,21.407,19.296
6lu7_idAACNgen7,-8.6,24.016,20.517
6lu7_idAACZgen7,-8.6,34.934,33.44
6lu7_idAACZgen7,-8.6,31.549,25.932
6lu7_idAAENgen7,-8.6,0.0,0.0
6lu7_idAAFJgen7,-8.6,34.207,31.024
6lu7_idAADVgen7,-8.5,5.814,2.448
6lu7_idAADVgen7,-8.5,6.002,2.669
6lu7_idAAAIgen7,-8.5,20.583,17.211
6lu7_idAAALgen7,-8.5,12.793,9.718
6lu7_idAABXgen7,-8.5,25.396,21.611
6lu7_idAACAgen7,-8.5,6.244,3.072
6lu7_idAACNgen7,-8.5,20.956,18.277
6lu7_idAACNgen7,-8.5,9.157,5.465
6lu7_idAACZgen7,-8.5,36.399,33.345
6lu7_idAAAIgen7,-8.4,21.272,17.321
6lu7_idAAALgen7,-8.4,7.297,5.155
6lu7_idAABXgen7,-8.4,16.671,14.646
6lu7_idAACZgen7,-8.4,35.472,29.484
6lu7_idAACZgen7,-8.4,30.323,28.847
6lu7_idAAENgen7,-8.4,5.107,3.293
6lu7_idAAENgen7,-8.4,3.565,1.926
6lu7_idAABYgen7,-8.3,0.0,0.0
6lu7_idAACAgen7,-8.3,24.91,22.353
6lu7_idAACAgen7,-8.3,22.051,16.325
6lu7_idAABYgen7,-8.2,28.533,22.97
6lu7_idAACAgen7,-8.2,9.349,3.287
6lu7_idAACAgen7,-8.2,24.775,22.636
6lu7_idAAACgen7,-8.1,0.0,0.0
6lu7_idAACGgen7,-8.1,0.0,0.0
6lu7_idAACJgen7,-8.1,0.0,0.0
6lu7_idAAENgen7,-8.1,8.168,2.149
6lu7_idAABYgen7,-8.0,8.012,3.63
6lu7_idAAFOgen7,-7.9,0.0,0.0
6lu7_idAAACgen7,-7.9,7.385,2.551
6lu7_idAABZgen7,-7.9,0.0,0.0
6lu7_idAAENgen7,-7.9,7.651,2.669
6lu7_idAAFOgen7,-7.8,26.429,23.115
6lu7_idAAAAgen7,-7.8,0.0,0.0
6lu7_idAABYgen7,-7.8,8.643,3.673
6lu7_idAABZgen7,-7.8,23.065,21.337
6lu7_idAACGgen7,-7.8,3.592,1.61
6lu7_idAAENgen7,-7.8,7.56,3.371
6lu7_idAAACgen7,-7.7,24.51,21.049
6lu7_idAABYgen7,-7.7,23.585,18.769
6lu7_idAABYgen7,-7.7,20.761,15.511
6lu7_idAABYgen7,-7.7,27.566,23.656
6lu7_idAABZgen7,-7.7,7.491,3.978
6lu7_idAACRgen7,-7.7,0.0,0.0
6lu7_idAAENgen7,-7.7,9.911,4.488
6lu7_idAAENgen7,-7.7,7.298,1.665
6lu7_idAAENgen7,-7.7,23.89,19.117
6lu7_idAAACgen7,-7.6,24.971,20.689
6lu7_idAACRgen7,-7.6,9.137,2.574
6lu7_idAACRgen7,-7.6,4.843,3.364
6lu7_idAAFOgen7,-7.5,25.159,23.218
6lu7_idAAACgen7,-7.5,23.157,20.632
6lu7_idAABYgen7,-7.5,22.843,19.095
6lu7_idAABYgen7,-7.5,26.128,20.449
6lu7_idAABZgen7,-7.5,15.089,13.187
6lu7_idAACGgen7,-7.5,24.927,20.687
6lu7_idAACGgen7,-7.5,8.651,3.281
6lu7_idAACJgen7,-7.5,10.297,1.937
6lu7_idAACJgen7,-7.5,2.073,1.506
6lu7_idAAFOgen7,-7.4,26.404,23.443
6lu7_idAAAAgen7,-7.4,4.376,2.145
6lu7_idAABZgen7,-7.4,8.3,4.105
6lu7_idAACJgen7,-7.4,10.7,2.021
6lu7_idAACRgen7,-7.4,26.729,23.2
6lu7_idAACRgen7,-7.4,6.354,2.122
6lu7_idAAFOgen7,-7.3,9.052,5.5
6lu7_idAAFOgen7,-7.3,22.097,19.658
6lu7_idAACGgen7,-7.3,2.756,2.05
6lu7_idAAFOgen7,-7.2,9.105,5.115
6lu7_idAAAAgen7,-7.2,13.944,13.03
6lu7_idAAAAgen7,-7.2,41.221,35.728
6lu7_idAAACgen7,-7.2,31.681,28.885
6lu7_idAABZgen7,-7.2,13.142,5.549
6lu7_idAABZgen7,-7.2,40.302,36.917
6lu7_idAABZgen7,-7.2,15.908,12.473
6lu7_idAACGgen7,-7.2,39.694,35.238
6lu7_idAACJgen7,-7.2,7.122,3.673
6lu7_idAACRgen7,-7.2,22.526,19.204
6lu7_idAACRgen7,-7.2,21.656,19.188
6lu7_idAAFOgen7,-7.1,27.473,24.251
6lu7_idAAAAgen7,-7.1,34.549,29.966
6lu7_idAABZgen7,-7.1,22.813,16.064
6lu7_idAACJgen7,-7.1,26.27,21.541
6lu7_idAACRgen7,-7.1,21.6,19.086
6lu7_idAAAAgen7,-7.0,26.959,22.63
6lu7_idAAACgen7,-7.0,6.46,3.094
6lu7_idAAFOgen7,-6.9,26.18,23.506
6lu7_idAAACgen7,-6.9,33.419,30.862
6lu7_idAAACgen7,-6.9,24.153,20.864
6lu7_idAACGgen7,-6.9,23.719,21.61
6lu7_idAACGgen7,-6.9,24.087,20.96
6lu7_idAACGgen7,-6.9,10.913,4.382
6lu7_idAACJgen7,-6.9,19.087,16.177
6lu7_idAACJgen7,-6.9,19.778,17.544
6lu7_idAACJgen7,-6.9,27.209,23.618
6lu7_idAACRgen7,-6.9,27.215,23.618
6lu7_idAAAAgen7,-6.8,34.697,30.462
6lu7_idAAAAgen7,-6.7,22.899,17.117
6lu7_idAAAAgen7,-6.7,4.946,3.238
6lu7_idAAAOgen7,-6.7,0.0,0.0
6lu7_idAABVgen7,-6.7,0.0,0.0
6lu7_idAABVgen7,-6.6,42.9,37.017
6lu7_idAABVgen7,-6.6,21.968,17.642
6lu7_idAAAOgen7,-6.5,18.592,15.429
6lu7_idAAAOgen7,-6.5,24.558,21.958
6lu7_idAABVgen7,-6.5,10.527,5.952
6lu7_idAACBgen7,-6.5,0.0,0.0
6lu7_idAAAJgen7,-6.4,0.0,0.0
6lu7_idAAAOgen7,-6.4,17.797,15.287
6lu7_idAAEZgen7,-6.4,0.0,0.0
6lu7_idAAAJgen7,-6.3,21.061,17.506
6lu7_idAAAOgen7,-6.3,15.465,14.016
6lu7_idAAAOgen7,-6.3,18.28,15.562
6lu7_idAABVgen7,-6.3,10.331,5.875
6lu7_idAAFCgen7,-6.3,0.0,0.0
6lu7_idAAAOgen7,-6.2,15.286,13.856
6lu7_idAAAOgen7,-6.2,29.46,26.359
6lu7_idAAAOgen7,-6.2,18.771,15.629
6lu7_idAACBgen7,-6.2,3.662,2.315
6lu7_idAACLgen7,-6.2,0.0,0.0
6lu7_idAACLgen7,-6.2,9.815,1.976
6lu7_idAAEZgen7,-6.2,10.028,2.673
6lu7_idAAAJgen7,-6.1,27.145,21.959
6lu7_idAABVgen7,-6.1,10.292,5.867
6lu7_idAABVgen7,-6.1,24.483,21.484
6lu7_idAACBgen7,-6.1,36.156,33.223
6lu7_idAACBgen7,-6.1,3.052,2.353
6lu7_idAACLgen7,-6.1,5.973,4.199
6lu7_idAACLgen7,-6.1,22.063,18.183
6lu7_idAACQgen7,-6.1,0.0,0.0
6lu7_idAADSgen7,-6.1,0.0,0.0
6lu7_idAAEZgen7,-6.1,24.124,19.198
6lu7_idAAEZgen7,-6.1,24.193,18.549
6lu7_idAAFCgen7,-6.1,39.867,37.027
6lu7_idAAFCgen7,-6.1,1.663,1.251
6lu7_idAABVgen7,-6.0,22.129,19.104
6lu7_idAACBgen7,-6.0,24.768,22.404
6lu7_idAACLgen7,-6.0,24.685,21.188
6lu7_idAACLgen7,-6.0,25.005,21.791
6lu7_idAACQgen7,-6.0,21.324,17.198
6lu7_idAACQgen7,-6.0,21.416,17.917
6lu7_idAACQgen7,-6.0,7.902,5.401
6lu7_idAADSgen7,-6.0,27.738,25.982
6lu7_idAAFCgen7,-6.0,21.701,18.988
6lu7_idAAFCgen7,-6.0,9.257,3.288
6lu7_idAAFCgen7,-6.0,40.644,36.054
6lu7_idAAAJgen7,-5.9,20.465,17.288
6lu7_idAABVgen7,-5.9,23.932,22.741
6lu7_idAACBgen7,-5.9,36.336,33.242
6lu7_idAACBgen7,-5.9,36.357,33.28
6lu7_idAACQgen7,-5.9,8.093,5.419
6lu7_idAACQgen7,-5.9,21.436,18.75
6lu7_idAACQgen7,-5.9,8.532,5.739
6lu7_idAACQgen7,-5.9,22.067,18.151
6lu7_idAACQgen7,-5.9,4.673,3.679
6lu7_idAADHgen7,-5.9,0.0,0.0
6lu7_idAAEZgen7,-5.9,7.004,4.298
6lu7_idAAEZgen7,-5.9,8.399,5.394
6lu7_idAAEZgen7,-5.9,20.339,17.918
6lu7_idAAEZgen7,-5.9,22.556,18.398
6lu7_idAAFCgen7,-5.9,3.595,2.239
6lu7_idAAFCgen7,-5.9,22.569,20.158
6lu7_idAAABgen7,-5.8,0.0,0.0
6lu7_idAAABgen7,-5.8,39.375,37.427
6lu7_idAAAJgen7,-5.8,23.492,20.938
6lu7_idAAAJgen7,-5.8,20.609,17.054
6lu7_idAACBgen7,-5.8,3.761,2.844
6lu7_idAACLgen7,-5.8,19.799,18.217
6lu7_idAADHgen7,-5.8,6.369,4.298
6lu7_idAADHgen7,-5.8,7.181,4.719
6lu7_idAADSgen7,-5.8,8.407,2.042
6lu7_idAAEZgen7,-5.8,7.695,5.746
6lu7_idAAFCgen7,-5.8,43.586,37.095
6lu7_idAAABgen7,-5.7,39.754,37.874
6lu7_idAAABgen7,-5.7,36.445,34.442
6lu7_idAAAJgen7,-5.7,10.936,9.298
6lu7_idAAAJgen7,-5.7,23.488,19.868
6lu7_idAAAJgen7,-5.7,25.052,20.212
6lu7_idAACBgen7,-5.7,28.009,25.655
6lu7_idAACLgen7,-5.7,6.391,4.557
6lu7_idAACLgen7,-5.7,9.427,5.358
6lu7_idAADSgen7,-5.7,40.794,36.574
6lu7_idAAABgen7,-5.6,36.897,35.163
6lu7_idAAABgen7,-5.6,38.706,36.689
6lu7_idAAABgen7,-5.6,10.396,6.888
6lu7_idAAABgen7,-5.6,37.294,34.898
6lu7_idAAANgen7,-5.6,0.0,0.0
6lu7_idAAANgen7,-5.6,7.353,2.434
6lu7_idAADHgen7,-5.6,22.937,21.309
6lu7_idAADSgen7,-5.6,40.15,36.532
6lu7_idAADSgen7,-5.6,55.241,51.649
6lu7_idAAABgen7,-5.5,3.571,2.117
6lu7_idAAANgen7,-5.5,22.906,20.418
6lu7_idAADHgen7,-5.5,23.491,21.065
6lu7_idAADSgen7,-5.5,35.369,33.744
6lu7_idAAANgen7,-5.4,23.588,21.273
6lu7_idAADHgen7,-5.4,25.502,23.365
6lu7_idAADHgen7,-5.4,19.405,18.515
6lu7_idAADHgen7,-5.4,12.371,10.482
6lu7_idAADSgen7,-5.4,55.906,51.942
6lu7_idAADSgen7,-5.4,27.729,25.842
6lu7_idAAANgen7,-5.3,27.12,24.484
6lu7_idAAANgen7,-5.3,35.53,33.592
6lu7_idAAANgen7,-5.3,25.569,23.324
6lu7_idAAANgen7,-5.3,6.874,2.334
6lu7_idAADHgen7,-5.3,19.245,17.937
6lu7_idAAANgen7,-5.2,8.595,4.446
