id,gen,smile,source,score
ABSI,0,CC(C)(C)NC(=O)C1CC2CCCCC2CN1CC(O)C(Cc1ccccc1)NC(=O)C(CC(N)=O)NC(=O)c1ccc2ccccc2n1,hiv,-10.8
ABSV,0,CC(C)(C)NC(=O)C1CC2CCCCC2CN1CC(O)C(Cc1ccccc1)NC(=O)C(CC(N)=O)NC(=O)c1ccc2ccccc2n1,manual,-10.7
ABSU,0,CC(C)CN(CC(O)C(Cc1ccccc1)NC(=O)OC1COC2OCCC12)S(=O)(=O)c1ccc2nc(NC3CCN(C4CCCC4)CC3)sc2c1,manual,-10.4
AAVX,0,CC(C)CC(NC(=O)C(Cc1c[nH]c2ccccc12)NC(=O)C(Cc1ccccc1)NC(=O)C1CCCC1)C(=O)NC(Cc1c[nH]c2ccccc12)C(=O)O,generated,-10.1
ABSH,0,CC(C)CN(CC(O)C(Cc1ccccc1)NC(=O)OC1COC2OCCC12)S(=O)(=O)c1ccc2nc(NC3CCN(C4CCCC4)CC3)sc2c1,hiv,-10
AAVJ,0,O=C(Nc1ccc2c(c1)OCO2)C1CC2CCC(C1)N2CCCCn1ccc2ccc(O)cc21,generated,-9.9
ABSX,0,CC(C)CN(CC(O)C(Cc1ccccc1)NC(=O)OC1COC2OCCC12)S(=O)(=O)c1ccc(N)cc1,manual,-9.9
ABSN,0,COC(=O)NC(C(=O)NC(Cc1ccccc1)C(O)CN(Cc1ccc(-c2ccccn2)cc1)NC(=O)C(NC(=O)OC)C(C)(C)C)C(C)(C)C,hiv,-9.5
AARC,0,NC(=O)C(Cc1ccc(OCc2ccccc2)cc1)CP(=O)(O)CC(Cc1ccccc1)C(=O)O,generated,-9.4
ABTA,0,COC(=O)NC(C(=O)NC(Cc1ccccc1)C(O)CN(Cc1ccc(-c2ccccn2)cc1)NC(=O)C(NC(=O)OC)C(C)(C)C)C(C)(C)C,manual,-9.3
ABSK,0,CC(C)CN(CC(O)C(Cc1ccccc1)NC(=O)OC1COC2OCCC12)S(=O)(=O)c1ccc(N)cc1,hiv,-9.2
ABHY,0,N#Cc1cccc(NP(=O)(OCC(CO)Cc2ccc(F)c(F)c2)c2ccccc2)c1,generated,-9
ABRN,0,CC(C)(C)OC(=O)NC(Cc1ccccc1)C(O)CNNC(=O)C(Cc1ccccc1)OC(=O)c1ccccc1,generated,-8.9
AANZ,0,O=C(C=Cc1ccc(CNCc2ccc(Cl)cc2)cc1)N(Cc1ccccc1)Cc1ccc(Br)cc1,generated,-8.8
ABFZ,0,O=C(OC(Cc1ccccc1)(c1ccccc1)c1ccccc1)c1ccc(Cl)cc1,generated,-8.7
AAIM,0,O=C(Nc1ccc(-c2cccc(C(F)(F)F)c2)cc1)n1ccc(=O)c(=O)[nH]c1=O,generated,-8.6
AAAN,0,CC1CCC(NC(=O)c2ccc(CNC(=O)c3cc(C(C)(C)C)cc(C(F)(F)F)c3)cc2)CC1,generated,-8.6
ABMO,0,CC(C)(C)c1ccccc1N1CCN(c2ccc(N3CCN(CC(=O)N4CCCCCC4)CC3)c(Nc3ccccc3)c2)CC1,generated,-8.6
AAMV,0,O=C(NCCC(O)(c1ccccc1)c1ccccc1)Nc1ccccc1,generated,-8.6
AAAE,0,NC(=O)c1ccc(NC(=O)C(CC(=O)O)NC(=O)c2cc(-c3ccccc3)ccc2Cl)nn1,generated,-8.5
AAPH,0,CN(C)c1cncc(C2CC3CCC(C2)N3CC(O)CNC2CCN(C(=O)OC(C)(C)C)CC2)n1,generated,-8.5
ABSL,0,Cc1c(O)cccc1C(=O)NC(CSc1ccccc1)C(O)CN1CC2CCCCC2CC1C(=O)NC(C)(C)C,hiv,-8.5
AAWR,0,CC(C)N(Cc1ccc(C(N)=O)cc1)Cc1cccc2ccccc12,generated,-8.5
ABQT,0,CN(C)C(=O)C(c1ccccc1)N(Cc1ccccc1)Cc1ccccc1,generated,-8.4
ABPQ,0,Cc1cccc(NS(=O)(=O)c2c(CNc3ccc(C(=O)N(C)C)cc3)cc(C)nc2C)c1,generated,-8.4
AAAP,0,CC(C)C(NC(=O)CC(O)(C(=O)O)c1ccccc1)C(c1ccccc1)c1ccccc1,generated,-8.4
ABGP,0,Cc1ccc(C(c2nnnn2C(C)(C)C)N2CCN(c3ccccc3)CC2)cc1,generated,-8.2
ABJF,0,Fc1cccc(CNC(=NC2CCC(F)C2)N2CCc3ccccc3C2)c1,generated,-8.2
ABKL,0,CC(C)(C)N(Cc1cc(F)cc(F)c1)CC(O)c1ccc(O)c(O)c1,generated,-8.2
AAVA,0,CC(C)C(NS(=O)(=O)c1ccccc1)C(=O)NC(Cc1cn(C)c(=O)[nH]1)c1ccccc1,generated,-8.2
ABCM,0,CC1(C)CC=C(COc2ccc3c(C=Cc4ccccc4)n[nH]c3c2)CCCC1,generated,-8.1
ABSS,0,CCOP(=O)(COc1ccc(CC(NC(=O)OC2COC3OCCC23)C(O)CN(CC(C)C)S(=O)(=O)c2ccc(OC)cc2)cc1)OCC,hiv,-8
ABOP,0,CC1=C(C(=O)OC(c2ccccc2)c2ccccc2)C(C)(C)CN1CC(O)COCc1ccccc1,generated,-8
ABFR,0,CC(=O)Nc1ccc(Nc2cc(-c3ccccc3)ccc2-c2ccc(C)cc2)cc1,generated,-8
ABTG,0,COC(=O)NC(C(=O)NCCCCC(CO)N(CC(C)C)S(=O)(=O)c1ccc(N)cc1)C(c1ccccc1)c1ccccc1,manual,-7.9
AAJZ,0,CC(C)(C)c1ccc(-c2cc(OCc3cccc(C(=O)O)c3)c(CC(=O)O)s2)cc1,generated,-7.9
ABSR,0,CC(C)(C)NC(=O)C1CN(Cc2cccnc2)CCN1CC(O)CC(Cc1ccccc1)C(=O)NC1c2ccccc2CC1O,hiv,-7.9
ABSP,0,CCCC1(CCc2ccccc2)CC(O)=C(C(CC)c2cccc(NS(=O)(=O)c3ccc(C(F)(F)F)cn3)c2)C(=O)O1,hiv,-7.9
ABTE,0,CC(C)(C)NC(=O)C1CN(Cc2cccnc2)CCN1CC(O)CC(Cc1ccccc1)C(=O)NC1c2ccccc2CC1O,manual,-7.9
ABRA,0,O=C(Nc1ccccc1)Nc1cc(-c2ccccc2Cl)n(-c2ccccc2)n1,generated,-7.8
AAFI,0,O=C(CC12CC3CC(CC(C3)C1)C2)NCc1ccccn1,training,-7.8
ABTC,0,CCCC1(CCc2ccccc2)CC(O)=C(C(CC)c2cccc(NS(=O)(=O)c3ccc(C(F)(F)F)cn3)c2)C(=O)O1,manual,-7.8
ABTF,0,CCOP(=O)(COc1ccc(CC(NC(=O)OC2COC3OCCC23)C(O)CN(CC(C)C)S(=O)(=O)c2ccc(OC)cc2)cc1)OCC,manual,-7.8
ABRH,0,CC(C)(C)n1c(Cc2ccccc2)nc2ccccc2c1=O,generated,-7.8
AALN,0,CC(C)(C)C(=O)NC(=Nc1ccc([N+](=O)[O-])cc1)NS(=O)(=O)c1ccc(C(F)(F)F)cc1,generated,-7.8
ABSY,0,Cc1c(O)cccc1C(=O)NC(CSc1ccccc1)C(O)CN1CC2CCCCC2CC1C(=O)NC(C)(C)C,manual,-7.8
AAXD,0,CN(C(=O)C1(Nc2ncccn2)CC1)c1cccc2ccccc12,generated,-7.8
AANY,0,CS(=O)(=O)N1CCCC(c2nnnn2-c2ccc(F)cc2)C1,generated,-7.8
ABST,0,COC(=O)NC(C(=O)NCCCCC(CO)N(CC(C)C)S(=O)(=O)c1ccc(N)cc1)C(c1ccccc1)c1ccccc1,hiv,-7.8
ABRO,0,CC(C)(C)OC(=O)N1CCC(=C2c3ccc(Cl)cc3CCc3cc(Cl)ccc32)CC1,generated,-7.7
AATY,0,O=C(Nc1ccc(Cl)cc1)N1CCC(n2cc(-c3ccccc3)nn2)CC1,generated,-7.7
AATQ,0,COc1ccc2c(OCC3OC(CO)C(O)C(O)C3O)cccc2c1,generated,-7.7
ABCB,0,O=C(Nc1ccc(-c2nnnn2-c2ccccc2)cc1)c1ccc(Cl)cc1Cl,generated,-7.7
AAWY,0,CC(NC(=O)Cn1c(=O)oc2ccccc21)c1cccs1,generated,-7.7
ABSM,0,CC(C)CN(CC(O)C(Cc1ccccc1)NC(=O)OC1CCOC1)S(=O)(=O)c1ccc(N)cc1,hiv,-7.7
AAVS,0,Cc1cc(C)c(COc2ccc(-c3cccc(CN4CCCCC4)c3)cc2)cn1,generated,-7.6
AAVN,0,CCOc1ccc(OCC)c(Nc2nc(Nc3ccccc3OC)nc(-c3ccccc3)n2)c1,generated,-7.6
ABKS,0,Cc1ccc(Cl)cc1C(c1ccc(OCc2nn(C)c(=O)[nH]2)cc1)C(C)C,generated,-7.6
ABCN,0,CCN(CC)S(=O)(=O)N(CC(=O)Nc1ccc(Cl)c(C)c1)Cc1ccc(N2CCOCC2)cc1,generated,-7.6
AAOB,0,CC(Nc1cc(-c2ccc(C#N)cc2)ccc1O)C(=O)NC1CCCCC1,generated,-7.6
ABOZ,0,COc1ccc(CCN(C(=O)Nc2ccccc2)c2nccnc2N)cc1,generated,-7.6
AANK,0,COc1ccc(C=C2N=C(c3ccccc3)Oc3ccccc32)cc1,generated,-7.6
ABGJ,0,NC(=O)C1NC(Cc2cnc[nH]2)C(CC(C(F)(F)F)C(Cl)(Cl)Cl)N1,generated,-7.6
AAZG,0,O=C(Nc1ccc(Cl)cc1)c1cnc(-c2ccccc2)nc1N1CCCCC1,generated,-7.6
ABNS,0,CCc1ccccc1Nc1nc(N2CCOCC2)nc(N2CCN(C(=O)OC(C)(C)C)CC2)n1,generated,-7.6
ABIS,0,CN1CCC(N(C)Cc2cc(-c3ccc(Cl)cc3)c3c(n2)OCCO3)CC1,generated,-7.5
AAAJ,0,Cc1cc(C)cc(C(=O)N(CC(=O)NO)c2ccc(Cl)cc2)c1,generated,-7.5
ABHX,0,Cc1ccc(-c2cc(-c3ccccc3O)nc(-c3ccco3)n2)cc1,generated,-7.5
ABAT,0,Cc1nc(N)nc(-c2ccc3nc(C4CCCCC4)[nH]c3c2)n1,generated,-7.5
AATD,0,COc1ccccc1-c1ccc(C=C2C=NN(C3CCCCC3)C2=O)cc1,generated,-7.5
ABFD,0,COc1cccc(CN(C)c2nccc(Nc3ccc(C)nn3)n2)c1,generated,-7.5
ABQV,0,NC(Cc1ccc(-c2cccc(Oc3ccc(-c4ccccc4)cc3)c2)cc1)C(=O)O,generated,-7.5
AAOZ,0,COC(=O)c1cccc(OC(=O)c2ccc(C)c(Cl)c2)c1,generated,-7.5
AAMA,0,Nc1ncc(-c2ccc3c(c2)CCN(C(=O)C2CCCCC2)CC3)nn1,generated,-7.5
AASI,0,COc1ccc(C(=O)c2ccc(C=C(C)c3cc4ccccc4[nH]3)cc2)cc1,generated,-7.5
AAAD,0,CCOC(=O)C1=C(C(=O)OCC)C(c2cccc(Cl)c2)NC(=O)N1,generated,-7.5
ABNF,0,O=C(Nc1ccc(-c2csc(Nc3ccc(F)cc3)n2)o1)c1ccccc1,generated,-7.5
ABSZ,0,CC(C)CN(CC(O)C(Cc1ccccc1)NC(=O)OC1CCOC1)S(=O)(=O)c1ccc(N)cc1,manual,-7.5
AAIP,0,Cc1ccc(-c2cnc(NCc3ccc4c(c3)OCO4)nc2)cc1,generated,-7.5
ABLS,0,CC1(C)CC(=O)C(CC(=O)Nc2ccc(-c3cccc(Cl)c3)cc2)=C(OCc2ccccc2)C1,generated,-7.4
AAXI,0,NC1=NC(c2cccc(C(F)(F)F)c2)(N2CCOCC2)C(=O)N1,generated,-7.4
AAXM,0,COC(=O)C1=C(C)NC(N)=Nc2ccc(-c3ccc(OC)cc3)cc21,generated,-7.4
AAXR,0,CC(NC(=O)NCc1ccccc1-n1cccn1)c1ccccn1,generated,-7.4
ABSB,0,CCc1cc(-c2cc(-n3ccnc3)nc(-c3ccc(Cl)cc3)n2)no1,generated,-7.4
ABPU,0,CC(C)(C)C(=O)Nc1ccc(CC2CCCN2c2ccc(Cl)cc2)cc1,generated,-7.4
AAYX,0,CC(NC(=O)CCC(=O)Nc1ccc(Cl)cc1)c1ncc(C(F)(F)F)cc1Cl,generated,-7.4
ABQM,0,Cc1cc(NS(=O)(=O)N2CCN(c3noc4cc(F)ccc34)CC2)no1,generated,-7.4
ABFQ,0,Cc1nc(CCNC(=O)Nc2ccc(F)cc2Cl)c2c(C)noc2n1,generated,-7.4
ABAB,0,COc1ccc(NC(=O)C2CC3CCC2(C)C3(C)C)cc1,generated,-7.4
AAKS,0,N#CC(C(=O)c1ccc(Cl)cc1)c1ccc2c(c1)OCCO2,generated,-7.4
AAFA,0,Cc1ccc(Oc2cc3c(cc2Cl)C(=O)c2ccccc2C3=O)cc1,generated,-7.4
AAYF,0,COc1ccccc1CNS(=O)(=O)c1ccc2c(c1)CCC(=O)N2,training,-7.4
AAVV,0,CC1CCCN1c1cccc(CC(=O)N2CCCC2c2ccccc2)n1,generated,-7.4
AAJC,0,CC(C=Nn1cnnc1)c1ccc(OCc2cccc(OC(F)(F)F)c2)cc1,generated,-7.4
ABJW,0,COc1ccc(C(=O)C(=Cc2cccc(Br)c2)C(=O)NCc2ccco2)cc1OC,generated,-7.4
ABRR,0,Fc1cccc(COc2cc(-c3ncc[nH]3)cc(N3CCCCC3)n2)c1,generated,-7.4
AAII,0,O=C(Nc1ccc(OC(F)(F)F)cc1)c1cc2ccccc2c(=O)[nH]1,generated,-7.4
AARB,0,Cc1ccc(S(=O)(=O)n2cc(C#N)c3ccccc32)cc1,generated,-7.4
AASW,0,CCC1CCC(C(=O)Nc2nnc(-c3ccncc3)o2)CC1,generated,-7.4
ABJI,0,CC(C)COc1cc(-c2ccco2)ccc1C(=O)NC(C(F)(F)F)C(F)(F)F,generated,-7.4
AAUV,0,Cc1cc(NC(=O)CSc2nnc(-c3ccccc3)n2C2CC2)on1,generated,-7.4
ABKF,0,Nc1nc(SC(Cc2ccc(O)cc2)C(=O)O)n(S(=O)(=O)c2ccccc2)n1,generated,-7.4
ABLC,0,Cc1cc(Nc2ccc(Cl)c(C(=O)NCCO)c2)c2ccccc2n1,generated,-7.3
AAZX,0,O=C(O)C1Cc2ccccc2CN1C(=O)c1ccc(Cl)c(Cl)c1,generated,-7.3
AAZW,0,COc1cc(C2CC(c3ccccc3)=NN2c2ccc(Cl)cc2)cc(OC)c1O,generated,-7.3
ABFX,0,CC(C)(C)c1ccc(C(=O)NCC2(O)CC(c3ccccc3)CC2c2ccccc2)cc1,generated,-7.3
ABNL,0,COc1ccc(S(=O)(=O)CC2C(=O)NC(=O)N(CC(=O)N3CCCC3)C2=O)cc1,generated,-7.3
ABBN,0,Cc1cccc(CS(=O)(=O)c2ccc(C)c(C(=O)NC3CC3)c2)c1,generated,-7.3
AATZ,0,Cc1ccc(-c2nnc(NCc3ccccc3)s2)cc1NC(=O)C(C)C,generated,-7.3
AAYR,0,O=C(O)C(Cc1ccccc1)C(CCN1C(=O)CCCC1=O)c1ccccc1,generated,-7.3
ABHI,0,Cc1cccc(CN2CCN(C3CCCC3)C(=O)C2=Cc2ccc(N(C)C)cc2)c1,generated,-7.3
ABBQ,0,O=C(Nc1ccc2[nH]c(=O)c(=O)[nH]c2c1)c1ccc(Cl)cc1,generated,-7.3
ABRD,0,CC(C)(C)OC(=O)N1CC(=Cc2cccc(OC(F)(F)F)c2)C(=O)NC1=O,generated,-7.3
AAIA,0,O=C(Nc1nc2ccccc2[nH]1)c1ccc(-n2ccnc2)nc1,generated,-7.3
AAGS,0,O=C(c1ccc(Oc2cccnc2)cc1)n1c2ccccc2c2ccccc21,generated,-7.3
ABOM,0,Cc1ccc(C2=C(c3ccccc3)C(=O)N(CCc3ccc(O)cc3)C2=O)cc1,generated,-7.3
ABOK,0,CN(C)C(=O)CC1CCC(Oc2cc(-c3n[nH]c4ccccc34)ncn2)CC1,generated,-7.3
AAWG,0,COc1ccc(-n2cc(COc3ccc(C(=O)NS(=O)(=O)c4ccco4)cc3)nn2)cc1,generated,-7.3
AAUJ,0,NC(=O)c1cnc(NCc2ccccc2Cl)nc1Cc1ccc(F)cc1,generated,-7.3
ABAZ,0,CC(=O)N(Cc1ccc(C)cc1)C1CCN(c2ccccc2)CC1,generated,-7.3
ABBC,0,COc1ccc(C(C)NC(=O)Cc2c(C)n[nH]c2C)cc1,generated,-7.2
ABBR,0,O=C(O)C1(Cc2ccc3c(c2)OCO3)CCCCC1,generated,-7.2
ABBD,0,COc1cccc(-c2cc3c([nH]2)CCN(c2ncccn2)CC3)c1,generated,-7.2
AAKR,0,CCC(CC)N(C)c1cc(C)c(C)c(C)c1Sc1ccc(OC)cc1,generated,-7.2
AAPB,0,NC(=Nc1ccc(-n2ccc3ccccc32)cc1)NCc1ccccc1,generated,-7.2
AAZP,0,Nc1ccc2c(c1)C(=O)NC2c1cc(Cl)c2ccccc2c1,generated,-7.2
AAYT,0,Cc1nc(O)c(C(=O)Nc2ccc(Oc3ccccc3)cc2)nc1C,generated,-7.2
AAYE,0,O=C(Nc1ccc(Br)cn1)c1ccc(-c2cccnc2)[nH]c1=O,generated,-7.2
AAUW,0,O=C(Nc1ccc(C(F)(F)F)cc1)c1ccccc1C(=O)C1CCCCC1,generated,-7.2
AAVK,0,CC(=O)NCC1CN(c2cc(C(F)(F)F)ccc2C(F)(F)F)CCO1,generated,-7.2
AASK,0,O=C(Cc1ccc(Cl)cc1)NNC(=O)CC(c1ccccc1)c1ccc(F)cc1,generated,-7.2
AANJ,0,N#Cc1ccccc1-c1ccc(-c2ccc(C(=O)NC3CC3)cc2)cc1,generated,-7.2
AAWJ,0,Cc1ccc(-c2nc3ccccc3c3cc(C)ccc23)c(C)c1,generated,-7.2
AASY,0,CC(C)C(CO)NC(=N)Nc1ccc(NC(=O)Nc2cccc3ccccc23)cc1,generated,-7.2
AAQP,0,Cc1cc(NC(=O)C(C)Oc2ccc3c(c2)OCO3)sc1C,generated,-7.2
ABBT,0,CCCCCCCCCCCCCCC(=O)Nc1cccc(NC(=O)C(Cc2ccccc2)NC(=O)OCc2ccccc2)c1,generated,-7.2
ABCS,0,CC1CCCN(S(=O)(=O)c2ccc3nnc(-c4ccco4)n3n2)C1,generated,-7.2
ABHA,0,CN1C(=O)CC(C)(C2CCN(C(=O)COc3ccc(OC(F)(F)F)cc3)CC2)NC1=O,generated,-7.2
ABSE,0,O=c1c2ccccc2nnn1-c1c(F)cc(F)cc1F,generated,-7.2
AAAV,0,Cc1ccc(NC(=O)CN2C(=O)CC(C)C2=O)cc1C,generated,-7.2
ABIP,0,COc1ccc(CN(C)C(=O)NCc2cccc(Oc3ccccc3)c2)cc1,generated,-7.2
AADT,0,C=C1C(O)CC(=C(c2ccccc2)c2ccc(Cl)cc2)C2CCC1O2,generated,-7.2
ABKT,0,COc1ccc(C=CC(=O)NCCc2ccc(OCc3cccc(C(=O)O)c3)cc2)cc1,generated,-7.2
ABET,0,COc1ccc(C(=O)c2c(C)nn(Cc3ccc(F)cc3)c2N)cc1OC,generated,-7.2
ABFE,0,O=C(C(=Cc1ccco1)N1CCN(c2ccccc2)CC1)c1ccccc1,generated,-7.2
ABQN,0,CC(C)=CCCC(C)=CCCC(C)C1CCC2(C)C3CCC4C(C)(C)C(O)CCC4(C)C3CCC12C,generated,-7.2
ABCT,0,CC(Oc1ccccc1)C(=O)Nc1ccc(-n2ccnc2)nc1,training,-7.2
ABEP,0,CC1=C(Cc2cccc(N3CCCC3)c2)C(=O)C(C)=C(c2ccccc2)C1=O,generated,-7.2
ABKA,0,CC(C)(C)NC(=O)Nc1ccccc1NC(=O)NC1CCCCC1O,generated,-7.2
ABKI,0,CC(C)C(NC(=O)Cc1ccc(Cl)c(Cl)c1)c1nc2ccccc2[nH]1,generated,-7.2
AADP,0,Cn1cc(-c2ccc(-n3cc(C(F)(F)F)nn3)cc2)ccc1=O,generated,-7.1
ABHR,0,Cc1ccc(-c2ccc(N3CCC(N4CCCCC4)CC3)nn2)o1,generated,-7.1
AAHK,0,CC1CCN(C(=O)Cn2nnc(-c3cccc(Cl)c3)n2)CC1,generated,-7.1
AAXB,0,O=C(O)CCCCN1CCN(c2ccc(Nc3ncnc(Nc4ccc(Br)cc4)n3)cc2)CC1,generated,-7.1
ABRP,0,O=C(Cn1nc(-c2ccccc2)oc1=O)NCCc1ccccn1,generated,-7.1
AAWV,0,O=C(CC1CCCCC1)Nc1cccc(S(=O)(=O)NC2CCCCC2)c1,generated,-7.1
ABJC,0,COc1ccc(-c2nc3ccccc3c(=O)[nH]2)cc1OC,training,-7.1
AARF,0,N#Cc1ccccc1-c1cccc(S(=O)(=O)NCc2ccco2)c1,generated,-7.1
ABLH,0,CC(NC(=O)c1cnc(-c2ccccc2)nc1)c1ccncc1,training,-7.1
AASA,0,CC(C)CNC(=O)C(NC(=O)Nc1ccn(Cc2ccccc2)c1)c1ccccc1,generated,-7.1
AADD,0,COc1ccc(Nc2cc(-c3ccccc3)nc(N)n2)cc1,generated,-7.1
ABJV,0,Cc1cc(=O)n2sc(-c3ccc(C)c(C)c3)cc2n1,generated,-7.1
AAWA,0,Cc1cc(C)nc(Nc2cc(-c3ccccc3)c(=O)n(C)c2C#N)n1,generated,-7.1
ABMW,0,COc1ccc2oc(=O)c3ccc(OCC4CCCCC4)cc3c(=O)c2c1,generated,-7.1
AAIE,0,CC(NC(=O)c1cccc(O)c1)c1ccccc1S(C)(=O)=O,generated,-7.1
AAUL,0,Cc1ccc(C(NC(=O)c2ccc(C)o2)c2ccc(Br)cc2)cc1,generated,-7.1
AAHN,0,CC(C)(C)c1cccc(C2CC(c3ccc(F)cc3)=NO2)c1,generated,-7.1
ABAW,0,CC1(C)CCC(CN2CCC(c3ccc(C#N)cc3)CC2)CC1,generated,-7.1
AAED,0,O=[N+]([O-])c1ccc(NCc2ccccc2[N+](=O)[O-])cc1,generated,-7.1
ABCK,0,Cc1ccc2[nH]nc(NCc3ccc(-c4ccccc4)cc3)c2c1,generated,-7.1
ABGO,0,CC(C)(C)c1ccc(OCCC(=O)N2CCC3(CC2)OCCO3)cc1,generated,-7.1
ABCX,0,COC(=O)c1ccc(C(=O)CC(=O)Nc2ccccc2OC)cc1,generated,-7.1
AAOF,0,Cc1ccc2[nH]c3[nH]c(=O)cc(C(F)(F)F)c3c2c1,generated,-7.1
ABOA,0,CS(=O)(=O)N1CCC(C(=O)NC(C(=O)NO)C2CCCCC2)C1,generated,-7.1
ABQZ,0,O=C(C=Cc1ccco1)NC1(c2ccc(C(F)(F)F)cc2)CCCCC1,generated,-7.1
AANR,0,NC(=O)c1ccc(-c2nc(-c3ccc(Cl)cc3)n[nH]2)cc1,generated,-7.1
AAEO,0,COc1ccc(-c2cnc3cc(-c4ccncc4)ccc3c2)cc1,generated,-7.1
ABFJ,0,COc1ccc(C=CC(=O)N2C(C)=C(C(C)C)CCC2(C)C)cc1,generated,-7.1
AALK,0,Cc1ccccc1NC(=O)c1nnc(-c2cccc(Cl)c2)o1,generated,-7.1
AAHU,0,CC(C)(C)C(c1ccccc1)C(C#N)c1nc2ccccc2[nH]1,generated,-7
ABNN,0,CNC(=O)CC1CCN(C(=O)NCC2Cc3ccccc3C2)CC1,generated,-7
ABRK,0,CC1C(O)c2ccccc2CC12CCN(C(=O)OC(C)(C)C)CC2,generated,-7
ABRQ,0,Cc1ccnc(Nc2nnc(C(=O)NCc3cc(C)on3)s2)c1,generated,-7
ABQU,0,O=C(Nc1ccc(-c2ccc(Cl)cc2)cc1)Nc1cccnc1,generated,-7
ABPD,0,NC(=NN=C1SC(c2cccc(Br)c2)C(c2ccccc2)C1=O)c1ccccc1,generated,-7
AANC,0,CC(C)(C)c1ccc(CNC(=O)C2CCN3C(=O)C=CC(O)C3C2)cc1,generated,-7
ABLJ,0,COC(=O)c1cccc(C2CCCN(S(=O)(=O)N3CCOCC3)C2)c1,generated,-7
ABNI,0,Nc1cc(-c2ccccc2)nc2nc(-c3ccc(F)cc3)nn12,generated,-7
AASM,0,Cn1cc(N2CCC(c3ccc(-c4ccccn4)cc3)CC2)cn1,generated,-7
ABPB,0,O=C(NCc1ccc(C(F)(F)F)cc1)c1ccc(=O)n(-c2ccccc2)c1,generated,-7
AARS,0,Cc1ccc(C(=O)COc2ccc(F)cc2)c(C)c1,generated,-7
ABNT,0,COc1ccc(C(=O)Nc2cc(Nc3cccc(C(=O)O)c3)ncn2)cc1,generated,-7
AACO,0,CN(C)c1ccc(-c2ccc(-c3ccc([N+](=O)[O-])cc3)o2)cc1,generated,-7
ABPP,0,CC(C)(C)C(NC(=O)c1cccc(-n2cccc2)n1)c1cccnc1,generated,-7
ABNJ,0,Cc1cccc(C(=O)c2ccccc2NC(=O)COC(=O)Nc2cc(C)on2)c1,generated,-7
ABRB,0,CC(C)CCNC1=NC2(CCCCC2)c2cc(Cl)ccc2O1,generated,-7
AAEB,0,CC1(C)CCCCC1OC(=O)c1ccc(-n2ccnc2)cc1,generated,-7
AAFV,0,CC(C)CN(CC(C)O)CC(C)NS(=O)(=O)Nc1ccc2c(c1)OCO2,generated,-7
ABII,0,Cn1nc(-c2ccc(C(C)(C)C)cc2)nc1NCc1ccc(F)cc1,generated,-7
AAXT,0,COc1ccc(-c2cn3c(n2)CCN(Cc2cccnc2)C3=O)cc1,generated,-7
ABHS,0,Cc1cc(=O)c2ccccc2c(Oc2ccc([N+](=O)[O-])cc2)n1,generated,-7
ABIR,0,COc1ccc(C(OCCNC(=O)c2cccc(C)c2)c2ccc(C)cc2)cc1,generated,-7
AAVQ,0,O=C(NCC(Cc1ccccc1)C(=O)NCc1ccc(Cl)cc1)c1ccc(O)cc1,generated,-7
ABEV,0,Cc1cccc(NC(=O)c2cccc(-c3ccoc3)c2)c1,generated,-7
ABJJ,0,CC(=O)NC(CN1CCOC(c2ccccc2)C1)c1ccccc1,generated,-7
ABJT,0,Cc1cccc(C=Cc2ccc(C(=N)N3CCCC3)cc2)c1,generated,-7
ABEE,0,CN(C)CCCCN1CCC(COC(=O)c2nn(CC3CCCCC3)c3ccccc23)CC1,generated,-7
AAXP,0,Cc1ccc(S(=O)(=O)C(C)C(=O)N(C)c2ccccc2)cc1,training,-7
ABHL,0,CCc1cc(CNC(=O)C(C)NC(=O)c2ccccc2)cn1C,generated,-7
ABJE,0,CC(Nc1nc(-c2ccc(C(F)(F)F)cc2)no1)c1ccccc1,generated,-7
AAWU,0,CC(=O)c1ccc(Nc2nc(Nc3ccccc3)nc3ccccc23)cc1,generated,-7
AAZQ,0,Cc1ccc(C(=O)COC(=O)c2ccc(C(N)=O)cc2)s1,generated,-6.9
ABFW,0,CC1(C)CCC(CN2CCN(c3ncccn3)CC2)CC1O,generated,-6.9
ABNU,0,Fc1ccc2c(c1)C(c1cccs1)CC(c1ccc(Cl)cc1)=N2,generated,-6.9
AAZH,0,CC(=O)NCCCC(=O)N1CCC(c2nc3ccccc3[nH]2)CC1,generated,-6.9
ABAH,0,COc1ccccc1OCC(=O)Nc1ccc(-c2n[nH]c3c2CCCC3)cc1,generated,-6.9
ABPC,0,CCCCC1(CC)Cc2cccc(OCc3cccc(Cl)c3)c2O1,generated,-6.9
ABPH,0,O=C(O)CCNC(=O)c1nc(-c2ccc(-c3ccccc3)c(F)c2)ccc1F,generated,-6.9
AAKD,0,CCOC(=O)NC(C)c1ccc(OC2CCC3(CC2)OOC(C)(C)O3)cc1,generated,-6.9
AAMU,0,CC(=NNC(=O)Nc1ccc(Cl)cc1)c1ccc([N+](=O)[O-])cc1,generated,-6.9
ABEN,0,Cc1cc(C)cc(NC(=O)NC(C)c2cc(C)on2)c1,generated,-6.9
ABDP,0,C=CC1CN2CCC1C(c1cccc(C(F)(F)F)c1)C2,generated,-6.9
ABCZ,0,COc1ccc2c(c1)C1(CCN(C(=O)COc3ccc(C(C)C)cc3)CC1)OCC2,generated,-6.9
AANN,0,NCCC1CCN(c2cc3cc(Oc4ccc(F)cc4)ccc3o2)CC1,generated,-6.9
AAYZ,0,CC(=O)c1cc2c(=O)n(Cc3ccccc3C)cnc2s1,generated,-6.9
AAUX,0,CCC(=O)N1CCC(NC(=O)C2c3ccccc3Oc3ccccc32)CC1,generated,-6.9
ABGF,0,c1ccc(CN2CCC(N3Cc4cncn4CCc4ccccc43)CC2)cc1,generated,-6.9
ABCQ,0,CC(C)(C)C(=O)Nc1ccc(-c2nc3c(c(=O)[nH]2)CCC3)cc1,generated,-6.9
AAUA,0,N#Cc1ccc(CN2CCN(c3nccc(C(F)(F)F)n3)CC2)cc1,training,-6.9
AAVE,0,CCN(CC)CCCNc1cc(-c2cccc(NS(=O)(=O)c3ccc(C(F)(F)F)cc3)c2)ncn1,generated,-6.9
ABKM,0,COc1ccc(C2Nc3ccccc3N(C)Cc3ccccc32)cc1,generated,-6.9
ABIZ,0,CC(C)C(=O)Nc1ccc(-c2ccc3c(c2)CC(=O)N3)cn1,generated,-6.9
AASV,0,Cc1cccc(C)c1NC(=O)C(C)Nc1ccc(F)cc1Cl,generated,-6.9
ABLO,0,CCC(C)NC(=O)c1csc(NC(=O)c2cccc(C)n2)n1,generated,-6.9
AAOW,0,O=C(Nc1ccc(O)c(-c2ccccc2)c1)c1ccc(Br)o1,generated,-6.9
ABMI,0,COC(=O)NC(c1nc2ccccc2[nH]1)c1ccc(C)o1,generated,-6.9
AAWS,0,O=C(NCc1cccc(C(F)(F)F)c1)N1CCN(c2ccccc2)CC1,generated,-6.9
ABIC,0,CC1(C)C=Cc2c(O)cc(O)c(C=Cc3cccc(O)c3)c2O1,generated,-6.9
ABMN,0,Cc1nc(C(N)=O)cc(N)c1C#CCN1CCN(c2ccc(F)cc2)CC1,generated,-6.9
ABRX,0,CC(C)(C)CC(NS(=O)(=O)Cc1ccc(F)cc1)C(=O)O,generated,-6.9
ABMP,0,O=C(Cc1ccc[nH]1)N1CCC(C(=O)N2CCCC(O)(C(F)(F)F)C2)CC1,generated,-6.9
AAPQ,0,Clc1ccc(CC2CC2)cc1CNC(c1ccccc1)c1ccccc1,generated,-6.9
ABKC,0,CC(C)(C)OC(=O)N1CC(Oc2ccc(Cl)cc2)CC1C(=O)NO,generated,-6.9
ABMK,0,CN(C)CCNc1ccc(C(=O)C=Cc2ccc(O)cc2)c2ccccc12,generated,-6.9
AAUZ,0,Cc1ccc(C(=O)NCCc2nc3ccccc3[nH]2)c(=O)[nH]1,training,-6.9
AAWQ,0,Cc1ccccc1NC(=O)Cc1cc2ccc(OCC(=O)NCCCN3CCCCC3)nc2[nH]1,generated,-6.9
AACQ,0,N#CC(=Cc1ccc(OC(F)(F)F)cc1)C1CCCCC1,generated,-6.9
AAGJ,0,CCCCC(C)(O)c1cc(O)c(O)c(-c2ccc(O)cc2)c1,generated,-6.9
AACY,0,O=C(O)Cc1ccc(-c2noc(-c3ccc(O)cc3)n2)cc1,generated,-6.9
AAIW,0,CC(NC(=O)C1(C)OCCO1)c1ccc(-c2ccccc2)cc1,generated,-6.9
AAIK,0,C=CCN(Cc1ccccc1)C(=O)Nc1ccc(C)c(C)n1,generated,-6.9
AAAG,0,Cc1ccc(C(=O)Nc2ccc(C(=O)N3CCOCC3)cc2)cc1,training,-6.9
AAEC,0,Cc1ccc(C(O)c2ccc3oc(=O)ccc3c2)cc1,generated,-6.9
AAAF,0,COC(=O)c1ccc2c(c1)N(C(=O)c1ccc(C)cc1)CC(C)(C)O2,generated,-6.8
ABOQ,0,N#CC(C(=O)c1cccc2cn[nH]c12)c1ccccn1,generated,-6.8
ABKZ,0,Cc1ccc(NC(=O)CNc2ccccc2N2CCSC2)cc1,generated,-6.8
AAYH,0,COc1ccc(C(=O)Nc2ccc(-c3ccccc3)nc2)cc1,generated,-6.8
AAEP,0,O=c1[nH]c2ccc(-c3cccc(C(F)(F)F)c3)cc2o1,generated,-6.8
ABOX,0,O=C(NCCc1ccccc1)c1ccccc1-n1cccc1,generated,-6.8
AALI,0,COc1cccc(CNc2ncnc3c2[nH]c2ccccc23)c1,generated,-6.8
ABFV,0,COc1ccccc1-c1ccc2c(NCC=C(C)C)cc(C(=O)O)cc2c1,generated,-6.8
ABFY,0,Cc1cccc(NC(=O)Cc2c(C)cc(C)[nH]c2=O)c1,generated,-6.8
AATK,0,CC(C(=O)N1CCc2sccc2C1)N1CCCCC1C(N)=O,generated,-6.8
ABGC,0,CC(C)(C)C1(Nc2cc(C(F)(F)F)cc(C(F)(F)F)c2)CCNC1,generated,-6.8
AAXJ,0,CC1CCCC(NC(=O)CN(C)c2ccccc2F)C1CC1CC1,generated,-6.8
AAGM,0,Cc1cc(C(=O)Nc2ccc(N(C)c3ccccc3)cc2)on1,generated,-6.8
ABMB,0,COc1ccc(CNC(=O)CC2C=CC(C)(C)C2)cc1OC,generated,-6.8
ABJG,0,O=C(Cn1ccccc1=O)Nc1ccc(-c2cn3ccsc3n2)cc1,generated,-6.8
AALU,0,CN(Cc1nc2ccccc2[nH]1)C(=O)NCc1ccnnc1,generated,-6.8
AAMS,0,N#Cc1ccc(C(=O)Nc2sc(C(F)(F)F)cc2Cl)cc1,generated,-6.8
ABQF,0,Cc1ccc(S(=O)(=O)c2cc(NC(=O)CCC(=O)c3ccccc3)ccc2C)cc1,generated,-6.8
AADW,0,Cc1ccc(C(=O)OC(C)C(=O)Nc2cn[nH]c2)cn1,generated,-6.8
AAWX,0,CC(C)=CCCC(C)=CCc1cc(O)c(C)c(OCCOC(=O)Nc2ccc([N+](=O)[O-])cc2)c1,generated,-6.8
ABHV,0,CC(=O)Nc1nc(Nc2nc(-c3cccc(Cl)c3)cs2)sc1C,generated,-6.8
AAGT,0,CCOC(COc1nc(C)cc(C)n1)c1ccc(-c2ccccc2)cc1,generated,-6.8
ABHU,0,CC1CCCN(C(=O)C(C)OC(=O)c2cn(C)nc2C(C)(C)C)C1,generated,-6.8
ABHC,0,CC(=O)c1cccc(NC(=O)Cn2nnc(-c3cccs3)n2)c1,generated,-6.8
AAVY,0,CCOP(=O)(OCC)C(Nc1ccccc1)c1ccc(N(Cc2ccccc2)Cc2ccco2)cc1,generated,-6.8
AAME,0,Cc1ccccc1Oc1ccc(C(=O)NCc2nccn2C)cc1,generated,-6.8
AAMF,0,CC(=O)Nc1ccc(NC(=O)CC2COc3cc(Cl)ccc3S2)cc1,generated,-6.8
AAUQ,0,COC1CC(CC(=O)O)CC(c2ccc(Cl)c(Cl)c2)O1,generated,-6.8
AAMJ,0,CN(C)C(=O)c1cccc(CNc2nccc(-c3cn[nH]c3)n2)c1,generated,-6.8
AAIB,0,CC(C)(C)c1ccc(Oc2ccc(C(=N)N)cc2)c(NCCCn2ccnc2)c1,generated,-6.8
AACN,0,Oc1ccccc1Cc1nc(-c2ccncc2)n[nH]1,generated,-6.8
ABOT,0,COc1ccc(OC)c(C2CC2c2ccc(-n3cnc(N)n3)cc2)c1,generated,-6.8
ABDM,0,CC(C)(C)N(Cc1cccnc1)C(=O)C1CCOCC1,generated,-6.8
ABBO,0,O=C(Cc1ccc(Cl)cc1)Nc1ccc(N2CCOCC2)nc1,generated,-6.8
AAJK,0,CCc1ccccc1N(CC(=O)NC(C)(C)C)S(C)(=O)=O,training,-6.8
AAAT,0,CCOc1ccc(C(=O)N2CCC(c3cccc(C(C)=O)c3)CC2)cn1,generated,-6.8
AAFS,0,Nc1cc(SCc2ccc(C(F)(F)F)cc2)nc(N2CCOCC2)n1,generated,-6.8
AAQH,0,Cc1cc(C)n2nc(C(=O)Oc3ccc(Cl)cc3)nc2n1,generated,-6.8
AAPE,0,CC(C)C(=O)Nc1ccc(N2CCN(c3ccc(F)cc3)CC2)nn1,generated,-6.8
AAIU,0,COc1ccc(NC(=O)NCCc2nnc3ccccn23)cc1,generated,-6.8
ABAQ,0,CC(C)(C)C1c2ccc(-c3ccccc3)cc2NC(C)(C)C1O,generated,-6.8
ABPV,0,COc1ccc(C(=O)NC(c2ccccc2)c2ccccn2)cc1,training,-6.8
AAQT,0,CC(C)(C)c1cc(CCC(=O)NO)cc(C(=O)O)c1,generated,-6.8
ABAP,0,O=C(CCC(=O)N1CCCCC1)Nc1ccc(-c2ccccc2)cc1,generated,-6.8
AAWL,0,COc1cccc(CN2CCOC(CCC(=O)Nc3ccc(C)cc3)C2)c1,generated,-6.8
AAZZ,0,CC1CN(C(=O)C(C)c2ccc(-n3cccn3)cc2)CC(C)O1,generated,-6.8
AAAZ,0,O=S(=O)(c1cccc(F)c1)N1CCc2ccccc2C1,training,-6.8
AABA,0,O=c1nc(N2CCOCC2)oc2cc3c(cc12)OCCO3,generated,-6.8
AAKQ,0,CC(N)(CO)c1ccc(NC(=S)Nc2ccc(Oc3ccc(Cl)c(Cl)c3)cc2)cc1,generated,-6.8
AAIH,0,Cc1cc(C)c(C(=O)NC(C)(C)COc2ccccc2C)nn1,generated,-6.8
AANV,0,CCc1cccc(-c2ccc(S(=O)(=O)NC(C)(C)C)o2)c1,generated,-6.8
AAIC,0,O=C(c1ccccc1)c1cccc2[nH]nc(CC3CCCC3)c12,generated,-6.7
AAPJ,0,CC(C)N1CCCC(N(C)C(=O)c2cnc(C(C)(C)C)nc2)C1,generated,-6.7
AAIZ,0,COc1ccc(-n2cc(CN(C)C3CCCCC3)nc2C)cc1,generated,-6.7
ABPF,0,COc1ccc(OC)c(NC(=O)Cn2cnc(C(N)=O)c2N)c1,generated,-6.7
ABLK,0,COC(=O)c1cccc(CNc2nc(C)cc(C)n2)c1,generated,-6.7
AAPN,0,O=C(CNC(=O)NCCC(=O)N(Cc1ccccc1)CC(F)(F)F)NCc1ccco1,generated,-6.7
ABOY,0,O=C(Nc1ccc2ccc(=O)oc2c1)C(=O)NC1CCCC1,generated,-6.7
AAPO,0,CS(=O)(=O)NCc1ccc(-c2ccc(COc3ccccc3)cc2)cc1,generated,-6.7
AAUT,0,O=C1COCCN1Cc1ccccc1-c1ccc2c(c1)OCCCO2,generated,-6.7
ABKU,0,CC(C)n1nc(C(=O)NCc2ccccc2)c(-c2ccccc2)n1,generated,-6.7
AANE,0,O=C(CC1CCCC1)Nc1cnc2c(c1)nnn2Cc1ccccc1,generated,-6.7
ABNO,0,CC1CCCN(c2cc3n(n2)CCCN3c2ncccn2)C1,generated,-6.7
ABJY,0,CCOc1ccc(C2=NOC(C(=O)NCc3ccc(F)cc3)C2)cc1,generated,-6.7
ABNG,0,CC(C)(C)c1ccc(CN(CCCC(Cc2ccccc2)n2ccnc2)NC2CCCC2)cc1,generated,-6.7
ABOW,0,COC1CCC(C(=O)Nc2ncc(-c3ccc(N(C)C)cc3)s2)CC1,generated,-6.7
ABNY,0,CC(=O)Nc1ccc(F)c(C(=O)OCc2ccccc2)c1,training,-6.7
AAAA,0,COc1cccc(NC(=O)Cc2ccc(NC(=O)N3CCCC3)cc2)c1,generated,-6.7
ABEX,0,Cc1nc(-c2ccc(Cl)cc2)cc(-c2cccc(F)c2)n1,generated,-6.7
ABFH,0,O=C(O)CC(c1ccc(O)cc1)c1ccc(-n2ccnc2)cc1,generated,-6.7
AAER,0,Cc1cc(NC(=O)Nc2cccc(C#N)c2)cc(C)n1,generated,-6.7
AAES,0,O=C(CSc1nc2ccccc2c(=O)[nH]1)NCc1ccco1,training,-6.7
ABSA,0,Cc1cccc(N2CCc3nc(N)nn3CCN2CC(C)O)c1,generated,-6.7
AAZL,0,COC(=O)c1cc(F)ccc1OCC(=O)NCc1ccccc1,generated,-6.7
AAWC,0,O=C(NCC(c1ccccc1)c1ccccc1)N1CCCCC1,generated,-6.7
AAZR,0,CCCCCCCCCc1c(C)n(-c2ccccc2)c2nc3ccccc3nc12,generated,-6.7
ABAF,0,Cc1ccccc1NC(=O)CSc1nnc(CCCC(=O)N2CCCCC2)n1N,generated,-6.7
AALC,0,Cc1ccc(CNC(=O)NCc2cccn2C(F)F)c(N)c1,generated,-6.7
ABAG,0,CC(Oc1ccc(F)cc1)C(=O)N(C)Cc1cnc2nccn2c1,generated,-6.7
AAAX,0,COc1ccc(Cl)cc1NC(=O)Cc1coc2c(OC)c(OC)ccc12,generated,-6.7
AAKG,0,CC(C)N(Cc1cnn(C)c1)C(=O)NCc1ccc(F)c(F)c1,generated,-6.7
ABAY,0,CC(C)(CNC(=O)c1ccc(C(F)(F)F)cc1)N(CCC(N)=O)S(C)(=O)=O,generated,-6.7
ABBE,0,Cn1c(NCCC(=O)Nc2cc(C(F)(F)F)cc(C(F)(F)F)c2)nc2ccccc21,generated,-6.7
ABDL,0,Cc1cc(COc2cc(NC(=O)c3ccccc3F)ccn2)no1,generated,-6.7
AAAC,0,CC(=O)Nc1ccc(S(=O)(=O)Nc2ccc(C)c(C)c2)cc1,training,-6.7
ABBS,0,Cc1cccc(C(=O)NNc2ccc(S(N)(=O)=O)cc2)c1C,generated,-6.7
ABCR,0,Cc1ccc(S(=O)(=O)NCC2CCN(C(=O)N3CC3)CC2)cc1,generated,-6.7
ABAI,0,O=C(O)CC1CN(S(=O)(=O)c2ccc3c(c2)OCO3)CCO1,generated,-6.7
ABFU,0,CC(C)C(C)NC(=O)Nc1nc(C2CC2)cc(C(F)(F)F)n1,generated,-6.7
AABZ,0,CC1CCCC(=NNc2ccnc(-c3ccccc3F)n2)C1,generated,-6.7
ABGZ,0,COc1ccc(C(Cc2cc(OC)cc(OC)c2OC)c2ccc(OC)cc2)cc1,generated,-6.7
AAXW,0,COC(=O)c1cc(-c2cccc(O)c2)oc1-c1ccc(Cl)cc1,generated,-6.7
ABGB,0,CC(=O)NCCCCC(NC(=O)C(N)CC(N)=O)C(O)Cc1cccc(Cc2ccccc2)c1,generated,-6.7
AAOV,0,CC(C)(C)OC(=O)NC1CCC(CC(=O)N=Cc2cccc(C(=N)N)c2)CC1,generated,-6.7
AAGL,0,Cc1ccc(C)c(OS(=O)(=O)c2ccc(C)c(S(N)(=O)=O)c2)c1,generated,-6.7
AAXH,0,CC1=CC(C(=O)Nc2ccc(C)cc2)NC(=O)N1,generated,-6.7
AALT,0,Cc1cc(C)c(C(=O)Nc2cccc(OCC(F)F)n2)c(C)c1,generated,-6.7
ABGR,0,COc1ccc(N(CC(=O)Nc2c(C)n[nH]c2C)C(C)=O)cc1,generated,-6.7
ABOE,0,COc1cc(C(=O)Nc2ccn(Cc3cccc(F)c3)n2)ccn1,generated,-6.6
AAPU,0,Cc1ccc(C(=O)c2ccc(C)[nH]c2=O)c(C)c1,generated,-6.6
AAGP,0,O=C(Nc1ncc(Cc2ccc(F)cc2)s1)c1ccccc1,generated,-6.6
ABBH,0,CCC(c1nnnn1CC(F)(F)F)N(C)C(=O)c1cccc(-n2ccnc2)c1,generated,-6.6
ABOO,0,COc1ccc(C(=O)OC(C)C(=O)NCc2ccnn2C)cc1,generated,-6.6
AAYA,0,O=C(C#Cc1ccc(F)cc1)N1CCCc2cc(Br)ccc21,generated,-6.6
AAQC,0,Cc1ccc(S(=O)(=O)NC(=O)NN=Cc2cccnc2)cc1,generated,-6.6
ABHO,0,Cc1cc(C)c2cc(Cc3cc(=O)n(C)c(=O)n3C)oc2c1,generated,-6.6
ABDD,0,COc1ccc(C=NNC(=O)Cc2ccc(Cl)cc2)cc1,generated,-6.6
ABBX,0,O=S(=O)(NC1CCCCCC1)c1ccc(-c2ccccc2)s1,generated,-6.6
ABCV,0,CCc1cc(C)cc(C)c1C(=O)CCCOC1=C(OC)C(C)(O)C(O)CC1(C)O,generated,-6.6
AAIQ,0,O=C(NCc1cnc2ccc(F)cn2c1=O)c1ccc(F)cc1,generated,-6.6
AAIR,0,NC(=O)NCC(=O)Nc1ccc(-c2cccc(-n3cccn3)n2)cc1,generated,-6.6
ABBM,0,CC(C)CC(C(=O)NCc1ccc(C#N)cc1)n1cccn1,generated,-6.6
AAXA,0,CN(C)C(=O)c1ccccc1NC(=O)Nc1ccc(CCNC(=O)c2c(Cl)cncc2Cl)cc1,generated,-6.6
AAVI,0,COc1ccc(CNC(=O)c2ccc(C)cc2)c(OC)c1,training,-6.6
ABID,0,COc1cccc(C2CC(c3ccc(C)cc3)=CC2=O)c1,generated,-6.6
AATA,0,CC(C)NC(=O)c1cn(Cc2cc(C#N)ccc2Cl)cn1,generated,-6.6
AATM,0,COc1ccc(Cn2c(C(=O)NCc3ccccc3F)noc2=O)cc1,generated,-6.6
AATW,0,Cc1cc(C)c(OCC(=O)NN=Cc2ccc(Cl)cc2)c(=O)[nH]1,generated,-6.6
ABFB,0,O=C(Cc1ccno1)Nc1ccc2c(c1)C(=O)C(=O)N2,generated,-6.6
ABEY,0,CC1CCN(C(=O)CN2CCN(CC=Cc3ccccc3)CC2)CC1,generated,-6.6
AAUM,0,N#Cc1ccc(Cn2ccc(-c3cc(Cl)ccn3)n2)cc1,generated,-6.6
ABMY,0,Cc1cc(CN(C)C(=O)C2CCN(c3ncccn3)CC2)no1,training,-6.6
ABNC,0,Cc1cc(N2CCOCC2)c2oc(-c3ccc(Cl)cc3)cc(=O)c2c1,generated,-6.6
AAEJ,0,CC(C)C(CNC(=O)N1CCOCC1)c1ccc2ccccc2c1,generated,-6.6
AARI,0,Cc1nn(C)c(C)c1NC(=O)c1c(O)ccc2ccccc12,generated,-6.6
AAFW,0,O=C(CC1CCCCC1)N1CCC(n2cccn2)CC1,generated,-6.6
AAVC,0,COC(=O)c1cc(C)ccc1NC(=O)c1cccc(F)c1,generated,-6.6
AAQX,0,CCCCCCCCCCCCCC(=O)c1ccc(O)c(S(=O)(=O)Nc2nccs2)c1,generated,-6.6
ABGL,0,CN(Cc1ccc(F)cc1)C(=O)c1cccc(Cl)c1Cl,generated,-6.6
ABED,0,Cc1cccc(CC(C)CO)c1C(=O)c1ccc(F)cc1,generated,-6.6
ABDY,0,c1ccc(-c2ccc(CN3CCCC3c3ccccc3)o2)cc1,generated,-6.6
AAWF,0,Cc1cc(NC(=O)C2CC(=O)N(N3CCOCC3)C2)ccc1F,generated,-6.6
AASZ,0,Cc1ccc(S(=O)(=O)NNC(=O)c2ccc([N+](=O)[O-])o2)cc1,generated,-6.6
AAOS,0,Cc1ccc(-c2cc(N3CCN(C)CC3)[nH]c(=O)c2)cc1,generated,-6.6
AAJR,0,Cc1cc(C(=O)O)n(CC2CN(Cc3ccccc3)C2)n1,generated,-6.6
AAAH,0,Cc1ccc(C(=O)N2CCN(C(=O)c3ccc(O)cc3)CC2)c(C)c1,training,-6.6
AAIT,0,O=C1C=C(c2cccnc2)CN(CC(=O)Nc2ccc(F)cc2)CC1,generated,-6.6
ABRW,0,CC(C)Cc1ccc(C=NNc2nc3ccccc3o2)cc1,generated,-6.6
AAAM,0,O=C(c1ccncc1)N1CC2CN(C(=O)C3CCCC3)CC2C1,generated,-6.6
AAJD,0,CC(C)COc1ccc(CNC(=O)C(C)NC(C)C(=O)O)cc1,generated,-6.6
AAAQ,0,Cc1ccc(-c2cc(C(=O)N3CCCC3)no2)cc1,generated,-6.6
AAKX,0,COc1ccc(OC)c(-c2cc(-c3ccccc3)no2)c1,generated,-6.6
AABD,0,CC(CNC(=O)c1cc(F)ccc1F)c1ccccc1Cl,generated,-6.6
AAMO,0,O=c1c(CN2CCOCC2)n[nH]c2ccc(Br)cc12,generated,-6.6
AAOI,0,CC1CCCN(S(=O)(=O)c2ccc(N3CCCC3)nc2)C1,generated,-6.6
AAJO,0,Nc1cc(OCCOCCOc2ccc(Cl)cc2)c2ccccc2n1,generated,-6.6
AANS,0,CN(CCCNc1ccnc(Nc2ccc(Cl)c(C(F)(F)F)c2)c1)C(=O)Cc1ccccc1,generated,-6.6
AABY,0,Cc1cc(C)c(OCc2cc(C(C)(C)C)no2)c(C)c1,generated,-6.6
ABRM,0,O=C(Nc1ccncc1)c1ccc(NC2CCCCC2)nc1,generated,-6.6
ABRI,0,O=C(OCc1ccccc1)c1ccc(=O)n(Cc2ccccc2)c1,generated,-6.6
AAFY,0,O=C(CSc1nc(=O)n2ccsc2n1)Nc1ccccc1,generated,-6.5
AARM,0,O=C(NC1(c2ccccc2)CC1)N1CCN(Cc2ccccc2)CC1,generated,-6.5
ABKK,0,CC(=O)Nc1ccc(NC(=O)NCCC(c2ccccc2C)n2cccc2)cc1,generated,-6.5
AARO,0,O=C(O)c1ccc(-n2cc(C(F)(F)F)cc2-c2ccc(F)cc2)cc1,generated,-6.5
ABEA,0,COc1ccc(Cn2ccc3c(NCCN4CCCC4)ncnc32)cc1,generated,-6.5
ABEF,0,Cc1ccc(CN2CCCC(c3nncn3C)C2)cc1,generated,-6.5
AATG,0,CN(C)CCNc1ccc2c(c1)C(=O)c1ccccc1-2,generated,-6.5
AAKN,0,O=C(Nc1ccc(F)cc1N1CCOCC1)C1CC1c1ccccc1,generated,-6.5
AAHV,0,COC(=O)C=C(SC)S(=O)(=O)c1ccc(C(C)(C)C)cc1,generated,-6.5
ABKO,0,Cc1cc2c(cc1C)NC(c1ccc(F)cc1)C(=O)N2,generated,-6.5
AAZV,0,Cc1ccc2nc(N=Cc3ccc4[nH]ccc4c3)c(=O)[nH]c2c1,generated,-6.5
AATL,0,CC(C)(CNC1CCCCC1)NCC(O)c1ccc(S(N)(=O)=O)cc1,generated,-6.5
AACV,0,CC(=O)c1ccc(C#Cc2ccc(-c3ccccc3)cc2)cc1,generated,-6.5
AAND,0,CCN(CC)CCNc1ccc(-c2ccc(N3CCN(C)CC3)cc2)c2ccccc12,generated,-6.5
AAZD,0,CC(C)(C)c1cc(C(=O)NCC2(O)CCCC2)on1,generated,-6.5
AADO,0,COc1ccc(C(O)=NNC(=O)c2ccc(O)cc2)cc1OC,generated,-6.5
ABJQ,0,N#Cc1cccnc1N1CCC(OCCc2ccccc2)CC1,generated,-6.5
AAWT,0,Cc1cc(NC(=O)CN(C)S(=O)(=O)c2ccc(C(F)(F)F)cc2)n[nH]1,generated,-6.5
ABQP,0,Cc1ccn(C(=O)C2CCN(C(=O)C3CCC3)CC2)n1,generated,-6.5
ABGD,0,CCCCCc1ccc(Oc2ccc(NC(=O)Nc3ccc(C(=N)N)cc3)cc2)c(C(=O)NCCCCCCCCCCCCC(=O)NO)c1,generated,-6.5
AAXG,0,Cn1cccc1C(=O)Nc1cnc(N2CCc3cnccc32)nc1,generated,-6.5
ABHE,0,Cc1noc(C)c1CC(=O)N1CCN(Cc2cc(C(F)(F)F)nn2C)CC1,generated,-6.5
ABHH,0,O=C(COc1ccc2c(c1)OCCO2)NCc1ccc(C(F)(F)F)cc1,generated,-6.5
AAWB,0,CC(C)(C)C(=O)N1CCN(C(=O)c2cc3ccccc3[nH]2)CC1,generated,-6.5
ABHT,0,CC(C)(C)c1ccc(C(=O)NCC(O)c2ccco2)cc1,generated,-6.5
ABQG,0,CN(CC1CCCO1)C(=O)CSc1cc(C(N)=O)nc(C(F)(F)F)n1,generated,-6.5
AAZA,0,O=C(Nc1ccc(C(F)(F)F)cc1)Nc1cccc(F)c1,generated,-6.5
AAXS,0,Cc1nn(C)c2c1N(C(=O)CCCc1cc(F)ccc1F)CCO2,generated,-6.5
ABRT,0,CN(CC(=O)Nc1ccc(Oc2cccnc2)nc1)Cc1cc(C(F)(F)F)cc(C(F)(F)F)c1,generated,-6.5
AAYB,0,Cc1nc2ccccc2n1C(=O)c1ccc(-n2cccn2)cc1,generated,-6.5
AAYD,0,CC(C)COc1ccc(C(=O)NCCc2ncccc2C#N)cc1,generated,-6.5
AAEN,0,Cc1ccc(OC(=O)c2ccnc(S(N)(=O)=O)c2)cc1,generated,-6.5
AADU,0,Cc1cc(C)c(CNC(=O)NCc2ccc(Cl)cc2)c(C)n1,generated,-6.5
ABFG,0,CC(C)C1C(=O)NCCN1Cc1ccc(-c2ccccc2)cc1,generated,-6.5
AARD,0,CC(C)C1SC(=Nc2ccc(Cl)cc2)SC1=Cc1ccc(Br)cc1,generated,-6.5
AAUF,0,COC1CCC(COc2ccc(CCC(=O)C=Cc3ccc(OCCCCCC(=O)NO)cc3)cc2)CC1,generated,-6.5
AAUB,0,COC(=O)c1cccc(CNCc2ccc(C(C)(C)C)cc2)n1,generated,-6.5
AAVL,0,O=C(NCc1ccc2[nH]nnc2c1)c1csc(-c2ccncc2)n1,generated,-6.5
AACL,0,CC1(C)CCC(CN2CCN(C3CCCC3)CC2)CC1,generated,-6.5
AAEG,0,COC(=O)NC(C(=O)NC(C)S(=O)(=O)c1ccccc1)C(C)C,generated,-6.5
AAPT,0,Cc1ccc(-c2nc(NC(=O)C(C)(C)N3CCOCC3)cs2)s1,generated,-6.5
AAFD,0,O=C(Cc1ccc(Cl)cc1)NCC(O)c1cccc(Cl)c1,generated,-6.5
ABTD,0,O=C1Nc2ccc(Cl)cc2C(C#CC2CC2)(C(F)(F)F)O1,manual,-6.5
ABBL,0,CCOc1cccc(C(=O)Nc2nnc(SC)nc2N)c1,generated,-6.5
AAJW,0,CC(=O)Nc1nc(N)c2[nH]c(-c3ccccn3)nc2n1,generated,-6.5
ABPG,0,CN1CCC(C(=O)NCC2CN3CCCCC3CO2)CC1=O,generated,-6.5
AAPC,0,O=C(NCc1ccnc(OC2CCC2)c1)Nc1cccnc1,generated,-6.5
ABPL,0,Cc1c(C(=O)CN2CCC(C)CC2)oc2c(F)ccc(F)c12,generated,-6.5
AAQA,0,COc1ccc(NC(=O)CSc2nc(C3CC3)nc3ccccc23)cc1,training,-6.5
ABBG,0,Cc1ccc(C)c(CNc2cc(N3CCOCC3)ncn2)c1,generated,-6.5
AAOE,0,O=C(O)c1c(S(=O)(=O)O)cc(=O)[nH]c1O,generated,-6.5
ABPJ,0,CN(C)c1nc(NC[S+]([O-])C2CC3CCC2C3)nc(N(C)c2ccccc2)n1,generated,-6.5
ABOH,0,COc1cc(O)c2c(c1)OC(=Cc1ccc(O)cc1)C2=O,generated,-6.5
ABOF,0,CCCCN(CCCC)CC(O)c1cc(C23CC4CC(CC(C4)C2)C3)n(C(C)(C)C)c1,generated,-6.5
AAOY,0,CN1CCN(CCCOc2ccc(-c3cc4ccc(O)cc4s3)cc2)CC1,generated,-6.5
ABPA,0,Cc1cc(C)n(-c2cc(NC(=O)CC3CCCC3)n[nH]2)n1,generated,-6.5
AAIL,0,CC(C)(C)OC(=O)N1CCCN(C(=O)Cc2ccc(F)cc2)CC1,training,-6.5
ABQH,0,CC1(C)CC(=O)C2=C(C1)Oc1nc[nH]c1CC(C)(C)O2,generated,-6.4
AAZN,0,CC(=O)N1CCN(C(=O)Cc2cc3sccc3nc2C)CC1,generated,-6.4
AAYL,0,Cc1ccccc1CNC(=O)C1CCN(S(C)(=O)=O)CC1,training,-6.4
ABNV,0,CC(=O)Nc1cc(C(=O)NC(C)c2ccc(F)c(F)c2)no1,generated,-6.4
ABCU,0,O=C(Nc1cnn(Cc2cccc(F)c2)c1)C1CCCO1,generated,-6.4
ABKN,0,CCOc1ccc(OCCn2c(=O)ccc3ccccc32)cc1,generated,-6.4
AAHM,0,O=C(CN1CCCC1)Nc1cc(-c2cccnc2)no1,generated,-6.4
AABG,0,CNC(=O)C=Cc1ccc([S+]([O-])Cc2ccccc2)cc1,generated,-6.4
AAHI,0,CC(=O)NC(CC(=O)NCC(C)(C)c1ccccn1)C(C)C,generated,-6.4
ABDN,0,Cc1cccc(C)c1N(C)S(=O)(=O)c1cnn(C)c1,generated,-6.4
ABDI,0,CC(C)(C)NC(=O)CNC(=O)Nc1cccc(-n2cccn2)c1,generated,-6.4
AAMX,0,CCOC(=O)c1[nH]c(C)c(C(=O)C=Cc2ccc(C)cc2)c1C,generated,-6.4
AANA,0,CC(C)(C)OC(=O)NC1CCCN(Cc2ccccc2OC(F)F)C1,generated,-6.4
ABIA,0,CC(C)(C)c1cc(C(=O)OCC(=O)Nc2ccc(C(N)=O)cc2)no1,generated,-6.4
ABIB,0,COc1cc(-c2n[nH]c(CNc3ccccc3F)n2)cc(OC)c1OC,generated,-6.4
ABON,0,CC(CC#N)N(C)C(=O)Nc1cc(-c2ccc(F)cc2)on1,generated,-6.4
ABJX,0,COc1ccc(-c2cnc(-c3cc(Cl)ccc3O)s2)cc1,generated,-6.4
AATR,0,CCCCNC(=NC(=O)Nc1ccc(OC)cc1)NC(C)C,generated,-6.4
ABQD,0,Cc1cc(C)nc(N2CCC(c3cc(F)cc(F)c3)C2)n1,generated,-6.4
AAHY,0,CCc1cc(C(=O)Nc2cc(C(C)C)no2)[nH]n1,generated,-6.4
AAQB,0,CC(C)C1COC2(CCCCN2Cc2ccc(C#N)cc2)O1,generated,-6.4
AAYY,0,COC(=O)c1cc2oc3ccc(Cl)cc3c(=O)c2o1,generated,-6.4
AAHO,0,Cc1ccc(Cn2ccnc2NC(=O)Cc2ccc(Cl)cc2)cc1,generated,-6.4
AADK,0,CC(C)Oc1ccc(-c2nnc(-c3ccco3)o2)cc1,generated,-6.4
AAYS,0,COc1cc(NC(=NC#N)NC2CCCCC2)cc(OC)c1OC,generated,-6.4
AADC,0,COCCNC(=O)C(C#N)=Cc1ccc(C(F)(F)F)cc1,generated,-6.4
AAJP,0,Cc1nn(C(=O)CSc2nc3ccccc3[nH]2)c(C)c1C,generated,-6.4
ABNH,0,Cc1ccc(CN2CCOCC2C(=O)Nc2ccc(F)cc2)o1,generated,-6.4
AAJH,0,CCc1cnc(C(=O)N(C)Cc2ccccc2C(F)(F)F)nc1,generated,-6.4
AALZ,0,CN(C(=O)CN1CCC(c2cccc(N)c2)CC1)S(C)(=O)=O,generated,-6.4
AARE,0,CCOC1CCCN(c2nc(N)nc(-n3cccn3)n2)C1,generated,-6.4
AAJJ,0,NC(=O)NC(Cc1ccc(F)cc1)C(=O)NCC(F)(F)F,generated,-6.4
ABGX,0,COc1cccc(N2CCN(C(=O)c3nnn(C)c3C)CC2)c1,generated,-6.4
AABQ,0,O=C(Nc1ccc(-n2cnnn2)cc1)Nc1cccc(Cl)c1,training,-6.4
AAOP,0,Cc1ccc(CNc2ccc(-n3cccc3C(=O)N(C)C)cc2)cc1,generated,-6.4
ABMV,0,O=C(Nc1ccc(F)c(-c2ccc3c(c2)OCO3)c1)NC1CCOC1,generated,-6.4
ABSQ,0,O=C1Nc2ccc(Cl)cc2C(C#CC2CC2)(C(F)(F)F)O1,hiv,-6.4
ABCO,0,CN(CCCNc1ccc2nc(S(N)(=O)=O)[nH]c2c1)c1ccccc1,generated,-6.4
AANF,0,CCOC(=O)N1CCc2nc(Nc3ccc(C)cc3)sc2C1,generated,-6.4
AAGX,0,CN(C)c1ccc(NC(=N)NCCc2ccccc2)c([N+](=O)[O-])c1,generated,-6.4
AANM,0,O=c1[nH]c2ccc(F)cc2nc1-c1ccc(Cl)cc1,generated,-6.4
ABRL,0,CC(=O)c1cccc(NC(=O)c2csc(C)cc2=O)c1,generated,-6.4
AAIV,0,CCNC(=O)c1nc(NC(=O)c2ccc(F)cc2)oc1C,generated,-6.4
ABAD,0,CCCNc1nc(NC(=O)C(C)c2ccc(F)cc2)cc(=O)[nH]1,generated,-6.4
AARW,0,CCc1ccc(CN(C)C(=O)c2ccnc(-n3cnnn3)c2)cc1,generated,-6.4
AABO,0,Cc1ccccc1C(=O)C=Cc1ccc(Cl)c(Cl)c1,generated,-6.4
AAMI,0,Cc1nc(C#N)ccc1N1CCN(C(=O)CCc2ccccc2)CC1,generated,-6.4
AAEU,0,CC1(C)CCOCCC1NC(=O)Nc1cnn(CC(F)F)c1,generated,-6.4
AANL,0,CON=C(c1ccccc1)c1nc(-c2ccc(F)cc2)c(O)c(=O)[nH]1,generated,-6.4
AALM,0,CC(C)(Cn1ccnc1)NC(=O)C1(c2ccc(F)cc2)CC1,generated,-6.4
ABHM,0,CCc1nc2c(cnn2-c2ccc(C=O)cc2)c(=O)[nH]1,generated,-6.4
ABEL,0,CC(c1cccs1)N(C)C(=O)CC1CCCCN1S(C)(=O)=O,generated,-6.4
ABLP,0,Cc1cc(NC(=O)NC2COc3ccccc3O2)cc(C)n1,generated,-6.4
AAIY,0,CC(C)Oc1ccc2cc(-c3ccc(O)c(O)c3)oc2c1,generated,-6.4
AAGY,0,Cc1cc(OC2CCN(C(=O)Cc3ccc(C)o3)CC2)no1,generated,-6.4
AASQ,0,CCOc1cc(CO)ccc1Oc1c(C)cc(C)cc1C(C)C,generated,-6.4
AACE,0,CC(=NNC(N)=S)c1ccc(C(=O)c2ccccc2)cc1,generated,-6.4
AAXQ,0,CC(C(=O)Nc1ccc(Cl)cn1)c1nc2ccccc2[nH]1,generated,-6.4
ABQO,0,CC(=O)N(C)c1ccc(N=C(S)N(Cc2ccccc2)Cc2ccco2)cc1,generated,-6.3
ABOJ,0,CC(C)(C)Cc1cc(NC(=O)Nc2ccc(C#N)cc2)on1,generated,-6.3
ABIF,0,CC1CCC(CN(C)C(=O)Cc2c(F)cccc2F)CC1,generated,-6.3
AAUU,0,CCOc1ccccc1CNC(=O)Nc1ccc2c(c1)COC2,training,-6.3
ABQW,0,CCc1ccc(C(C#N)OC(=O)c2ccc(C)s2)o1,generated,-6.3
ABGI,0,CC(C)CN(C(=O)c1ccc2oc(-c3ccccc3)nc2c1)C1CC1,generated,-6.3
AAMT,0,O=C(NCc1ccccc1)Nc1ccc2c(c1)N=C(C(=O)O)CC2,generated,-6.3
AAHC,0,CC(C)CCCCCCCCCCCCCCCCC(c1ccccc1)(c1ccccc1)c1ccccc1,generated,-6.3
AAXY,0,CC(=O)Nc1ccc(NC(=O)CCN2CC3=CC=CC3C2=O)cc1,generated,-6.3
AACB,0,N#Cc1ccc(CN(Cc2ccccc2)Cc2cn(Cc3ccccc3)nn2)cc1,generated,-6.3
ABCD,0,CC(C)(C)NC(=O)CSc1nnnn1-c1ccccc1OCC(F)F,generated,-6.3
AABX,0,O=S(=O)(CC1CCCC1)Nc1ccc2[nH]ncc2c1,generated,-6.3
AAMN,0,Cc1onc(-c2ccccc2)c1C(=O)OCC(=O)Nc1ccccc1,training,-6.3
ABHF,0,CC1(C)C2CC=C(CCCCCC(=O)NCCCn3cnc4c(N)ncnc43)CC21O,generated,-6.3
ABCI,0,CNc1ncc(C(=O)Nc2ccccc2C(=O)C(C)C)c(Cl)n1,generated,-6.3
ABIE,0,Cc1nn(C)c(C)c1COC(=O)c1cc(C2CC2)n(C)n1,generated,-6.3
AAVH,0,CC1CC(C)CN(C(=O)NCc2ccc(C(=O)N(C)C)cc2)C1,training,-6.3
ABDA,0,O=C(O)CCC(=O)NCCc1ccc(-c2ccccc2)cc1,generated,-6.3
AAXK,0,CN(C(=O)CSc1nc(O)cc(-c2ccccc2)n1)c1ccccc1,generated,-6.3
AAOM,0,CC(CCCCCCC(=O)N1CCC(=C(C(=O)O)c2ccc(Cl)cc2Cl)CC1)CC(=O)O,generated,-6.3
ABQJ,0,Cc1cccc(OCCn2c(C(F)(F)F)nc3cccnc32)c1,generated,-6.3
AAWM,0,COc1ccc(-c2nc3ccc(NS(C)(=O)=O)cc3s2)cc1,generated,-6.3
ABJO,0,Cc1cc(C(=O)c2ccc(OCC(=O)N3CCCC3)cc2)on1,generated,-6.3
AANG,0,Cc1ncc2c(n1)CN(C(=O)Cc1ccc(F)cc1)CC2,generated,-6.3
AAZM,0,Cc1ccc2oc(=O)ccc2c1C(=O)NCCCC(N)=O,generated,-6.3
AAKV,0,COC(=O)c1ccc(C(=O)NCc2cc(C)on2)cc1,generated,-6.3
AAYM,0,Cc1cc(C(=O)Nc2ccc(F)c(C(F)(F)F)c2)c(C)n1C(C)C,generated,-6.3
ABPW,0,CC(C)N(C)c1ccc(C(=O)c2ccc(C#N)cc2)cc1,generated,-6.3
AACF,0,CN(C)C(=O)CNC(=O)NCc1ccc(-c2cccs2)cc1,generated,-6.3
AAEW,0,O=C(CC1CCCCC1)Nc1ccc(OC(F)(F)F)cn1,generated,-6.3
AAKO,0,Cc1ccc(-n2cnnc2SCC(=O)Nc2cccnc2)cc1,generated,-6.3
ABEK,0,Cc1ccc(-n2nc(C(=O)NC(C)(C)C)nc2C2CC2)cc1,generated,-6.3
ABBI,0,Cc1ccc(NC(=O)C(C)NS(=O)(=O)Cc2ccccn2)cc1,generated,-6.3
ABMJ,0,Cc1nn(C)c(C)c1OCC(=O)NCc1ccc(-n2ccnn2)cc1,generated,-6.3
ABPK,0,CC(C)CNC(=O)NC(c1ccccc1)c1ccc(F)cc1,generated,-6.3
AAKK,0,CCS(=O)(=O)NC(C)c1cccc(NC(=O)C2CC2)c1,generated,-6.3
AAQW,0,CCc1cc(C(=O)Nc2cc(C)on2)c(NC(C)=O)o1,generated,-6.3
ABDX,0,CC(C)c1ccc(CNC(=O)NCCCc2ccccn2)cc1,generated,-6.3
ABBF,0,CCOC(=O)c1ccc(C(=O)CC2CCN(c3ccccc3)CC2)o1,generated,-6.3
AAFQ,0,O=C(O)c1ccc(-c2cc(Cl)c(O)c(Cl)c2)c(Cl)c1,generated,-6.3
AAEY,0,CN1C(=O)C(=Cc2ccc(-n3cccc3)cc2)SC1=S,generated,-6.3
AANT,0,O=C(NC1CCC2(CC1)OCCO2)N1CCC(O)CC1,generated,-6.3
ABPO,0,CC1CN(Cc2ccnc(N(C)Cc3ccccc3)c2)CCO1,generated,-6.3
AAKW,0,Cc1ccc(C=C2CCCC(=NN(Cc3ccccc3)Cc3cccc(C(F)(F)F)c3)C2=O)cc1,generated,-6.3
AASX,0,CC(C)C(C)NC(=O)CN1CCC(Nc2ncccn2)CC1,generated,-6.3
AAGA,0,Cc1sc(=O)n(CCN2CCN(c3ccc(F)cc3)CC2)c1C,generated,-6.3
ABFF,0,CN(C)S(=O)(=O)c1cccc(C(=O)NCc2ccccc2)c1,training,-6.3
ABKE,0,O=C(C=Cc1ccccc1)Nc1nnc(SCCCN2CCCCC2)n1Cc1ccccc1,generated,-6.3
ABIX,0,Cc1ccc(C)c([S+]([O-])C2(c3ccccc3)CC2)c1,generated,-6.3
AATV,0,O=C(O)CCCNC(=O)c1cn2c(nc3ccccc32)c(C(=O)O)n1,generated,-6.3
AATT,0,CCCCN(CCCC)C(=O)C(C)NC(=O)N1CCN(C(=O)N2CCCS2(=O)=O)CC1,generated,-6.3
ABOI,0,O=C(NC1CC1)c1ccc(Cn2nc(C(F)(F)F)cc2Cl)cc1,generated,-6.3
ABOB,0,Cc1ccc(C(F)(F)F)cc1NC(=O)c1cc[nH]n1,generated,-6.3
AAHT,0,Cc1cc(C)cc(OCCn2c(=O)n(C)c(=O)n(CCC(C)C)c2=O)c1,generated,-6.3
AAMZ,0,COC(=O)C=C(C)C1Cc2ccccc2C(=O)O1,generated,-6.3
ABDK,0,CC(C)(C)C(C#N)NC(=O)NCCc1cnc(-c2ccccc2)s1,generated,-6.3
AAKZ,0,O=C(C=Cc1ccc([N+](=O)[O-])o1)Nc1ccc2oncc2c1,generated,-6.3
AAYU,0,COc1ccc(-c2cc3c(C)cc(N)nc3[nH]2)cc1,generated,-6.3
AAYC,0,COc1ccc(CC(=O)NCc2ccc(S(N)(=O)=O)o2)cc1,generated,-6.2
AAKI,0,CC(=O)Nc1cccc(NC(=O)CN(C)S(C)(=O)=O)c1,training,-6.2
ABQX,0,CN(C)C(=O)c1ccc(Cl)c(CC(=O)Nc2ccnn2C)c1,generated,-6.2
ABDW,0,CC(C)(C#N)Nc1nc(-c2ccccc2)c(-c2ccc(O)c(O)c2)o1,generated,-6.2
ABAV,0,CC1CCC(O)CC1(O)CCN(C)C(=O)C1CCC(=O)N1,generated,-6.2
AAGF,0,Cc1ccc(COC(=O)c2ccc(NS(C)(=O)=O)cc2)o1,generated,-6.2
AAKE,0,Cc1cc(C(=O)NCCc2c(F)cccc2F)[nH]n1,generated,-6.2
AAJQ,0,CCCN(CCC)C(=O)C1CCCN(c2nc3ccccc3[nH]2)C1,generated,-6.2
AAYW,0,COc1cc(OC)cc(-c2cnc(N)c(-c3ccccc3)n2)c1,generated,-6.2
ABAK,0,CNC(=O)N1CCc2[nH]nc(CC(=O)N3CCOCC3)c2C1,generated,-6.2
ABEI,0,COc1cccc(CSc2nc3cc(F)ccc3n2C)c1OC,generated,-6.2
AAAY,0,O=C(CNC(=O)c1ccc(F)cc1)Nc1cccc(C(F)(F)F)c1,training,-6.2
AAFT,0,Cc1cc(C(=O)OC(C)C(=O)NC2CCCCC2)on1,generated,-6.2
ABSG,0,COC(=O)c1cc(-c2ccc(OC)cc2)c(C)n1-c1ccccc1,generated,-6.2
AALA,0,O=C(Cc1ccc([N+](=O)[O-])o1)NN=Cc1ccc(O)c(O)c1,generated,-6.2
AAJI,0,COc1ccc(CN2CCn3c(nnc3C(C)(C)C)C2)cc1OC,generated,-6.2
AAEL,0,Cc1ccc(CC(=O)NCc2c[nH]nc2-c2ccccc2)s1,generated,-6.2
ABFC,0,CCN(CC)C(=O)Cc1cc(-c2ccc(C)cc2)nc(N)n1,generated,-6.2
ABBK,0,CC(C)OC(=O)c1cccc2nc(-c3ccco3)[nH]c12,generated,-6.2
AALF,0,COc1ccc(-c2cc(CO)c(=O)[nH]n2)cc1OC,training,-6.2
AAYO,0,COc1cccc(C(=O)N2CCCCC2CNS(C)(=O)=O)c1F,generated,-6.2
AADY,0,Cc1nc2ccccc2n1CC(=O)N1CCC(C)CC1C,generated,-6.2
AAFG,0,Cc1noc(C)c1CCCNC(=O)C(C)Sc1cccnc1,generated,-6.2
AAQV,0,Cn1ccc(N2CCOC(Cc3ccccc3C(F)(F)F)C2)n1,generated,-6.2
AAHG,0,O=C(CCc1ccccc1)NNC(=O)CN1CCOCC1C1CCC1,generated,-6.2
AARH,0,CC(C)C(NC(=O)CCc1cc(C(C)(C)C)on1)C(N)=O,generated,-6.2
AANQ,0,O=C(CN1CCC(CCO)CC1)N1CCCC(c2ccn[nH]2)C1,generated,-6.2
ABMT,0,CC(=NNS(=O)(=O)c1c(C)cc(C)cc1C)c1ccccc1,generated,-6.2
AACS,0,COC1CCC(C(O)C2CCC(CCN3COC(CF)C3)C2)CC1,generated,-6.2
AAQN,0,N#Cc1ccc(Oc2ccc([N+](=O)[O-])cc2Cl)cc1,generated,-6.2
AASD,0,COc1cccc(C2C(C#N)=C(N)Oc3cc(O)ccc32)c1,training,-6.2
ABLR,0,CN(C)c1nccc(N(C)C2CCN(c3ncccn3)CC2)n1,generated,-6.2
AANI,0,c1ccc(NCCc2nc(-c3ccco3)n[nH]2)cc1,generated,-6.2
AAHZ,0,O=C(NCc1cnn(-c2ccccc2)c1)Nc1nc2ccccc2s1,generated,-6.2
ABKR,0,CC(C)S(=O)(=O)N1CCN(C(=O)C2CCC3(C2)OCCO3)CC1,generated,-6.2
ABJP,0,CC1CCN(C(=O)Cc2csc(Nc3ncccn3)n2)CC1,training,-6.2
AANB,0,COc1ccccc1OCCN(C)C(=O)NC(C)C(N)=O,generated,-6.2
ABME,0,COc1cc(C)c(C(CO)N2CCOCC2)cc1NS(C)(=O)=O,generated,-6.2
AAHF,0,COC(=O)c1ccc(Nc2nccc(OC)n2)cc1C,generated,-6.2
ABIG,0,Cc1ccc2cc(C(=O)OCC3CC3)cc(=O)n2c1,generated,-6.2
AADI,0,CN(C)CCCNc1nc(Nc2ccc(S(N)(=O)=O)cc2)nc(C(F)(F)F)n1,generated,-6.2
ABQL,0,CC(C)C(=O)NC(=O)C(=O)NCCc1ccc2ccccc2c1,generated,-6.2
ABNZ,0,CC(C)C(=O)NCc1ccc2[nH]c(=O)c(Cn3cc(C(=O)O)s3)cc2c1,generated,-6.2
AAQF,0,CCOC(=O)C1=C(CSc2ccc(OC)cc2)CC(C)(C)CC1=O,generated,-6.2
AAPZ,0,COc1ccc(C(=O)NC(=S)Nc2ccc([N+](=O)[O-])cc2)cc1,generated,-6.2
ABGW,0,Cc1noc(C)c1S(=O)(=O)N1CCC2(CC1)OCCO2,training,-6.2
AAPS,0,CC(C)C(=O)Nc1ccc(CNC(=O)NC(C)(CO)C2CCCCC2)cc1,generated,-6.2
AAPG,0,Cc1cc(CCC(=O)Nc2cccc3ccccc23)c(C)s1,generated,-6.2
AAVZ,0,COc1cc(OC)cc(N2CCN(c3ccc(F)cc3)CC2)c1,generated,-6.2
ABCL,0,Cc1ccn2c(=NC(=O)Cc3cn4ccsc4n3)sc(C)c2c1,generated,-6.1
AAJA,0,COc1cc(C(=O)c2ccc(S(N)(=O)=O)cc2)cc(Br)c1OC,generated,-6.1
AAZS,0,Cc1ccc(N2CCC(NC(=O)Nc3nccs3)C2)nc1,generated,-6.1
AAZI,0,CC(=O)NCCC(=O)N(C)Cc1cccc(C)c1C(C)(C)C,generated,-6.1
AAPD,0,Cc1cc(C(=O)OC2CCCC2)nc(N(C)Cc2ccco2)n1,generated,-6.1
AAGB,0,N#Cc1ccc(OCCN2CCN(c3nccs3)CC2)nn1,generated,-6.1
AACA,0,CC(C)c1ncc(CNC(=O)NCC2CCCCC2)c(=O)[nH]1,generated,-6.1
AAOK,0,CC=C(C)C(=O)NC1CCN(C(=O)Oc2ccccc2)CC1,generated,-6.1
ABEM,0,COC(=O)N(C)c1ccc(CCNC(=O)Cc2ccccc2)cc1,generated,-6.1
AAOH,0,CCN(CC)c1ccc(Nc2nc(C)nc3c2cnn3C)cc1,generated,-6.1
AAOG,0,COc1ccc(-c2ccccc2CC(=O)NC(C)(C)CO)cc1,generated,-6.1
AASN,0,C[S+]([O-])c1ccc(NC(=O)C(C#N)c2cccs2)cc1,generated,-6.1
ABNW,0,O=C(NCCCCCCCCCCC(C(=O)O)C(=O)NCC(O)c1ccc(F)cc1)c1ccccc1,generated,-6.1
AARU,0,COc1ccc(NS(=O)(=O)Cc2ccc(C#N)cc2)cc1,generated,-6.1
ABMR,0,COCCOc1ccc(-c2ccc3onc(C)c3c2)cc1,generated,-6.1
AARR,0,O=C(C=Cc1ccc(OCc2ccccc2)c([N+](=O)[O-])c1)OCCCCCCCCO,generated,-6.1
ABEB,0,Cc1noc(C)c1CN1CCC(C(=O)N2CCN(C(C)C)CC2)CC1,generated,-6.1
ABDV,0,O=C(NCc1ccco1)c1cccc(OCc2ccccn2)n1,generated,-6.1
AATO,0,COc1ccccc1-c1nccn1Cc1coc(-c2ccoc2)n1,generated,-6.1
ABDU,0,O=C(COc1ccc2cc(OCCCN3CCOCC3)ccc2c1)NCC(c1ccccc1)C(F)(F)F,generated,-6.1
ABDS,0,COc1ccc2c(c1)OC(CNC(=O)NCc1ccco1)CC2,generated,-6.1
AAAU,0,Cc1ccc(Oc2cc(C)[nH]c(=O)c2C#N)cc1,generated,-6.1
AAQI,0,COc1cc(Nc2nc3ccccc3nc2C#N)cc(OC)c1OC,generated,-6.1
AAQJ,0,Nc1ncc(-c2cncc(N3CCC(C(=O)NCCCO)CC3)n2)cn1,generated,-6.1
AAQK,0,Cc1ccc(C(O)c2ccc(S(C)(=O)=O)cc2)cc1,generated,-6.1
ABDO,0,Cc1cc(=O)[nH]c(CCC(=O)N(C)Cc2ccc(F)cc2)n1,generated,-6.1
AAQL,0,CC(=O)N1CCC(C(=O)Nc2nc(-c3ccco3)ns2)CC1,generated,-6.1
AARX,0,Cc1cc(-c2cc(C(=O)NC(C)C)n(C)c2)ccn1,generated,-6.1
AAWW,0,CC1CCN(C(=O)c2ccccc2SC(F)(F)F)CC1,generated,-6.1
ABEW,0,CC(C)(C)CC(=O)Nc1cc(-n2ccnc2)nc(N)n1,generated,-6.1
AAVD,0,CC(OC(C)(C)C)C(=O)NCC1CN(Cc2cccc(C(F)(F)F)c2)CCO1,generated,-6.1
ABFS,0,CCNC(=O)Nc1cc(NC(C)=O)ccc1Nc1ncccc1C(=O)NCCCN(C)C,generated,-6.1
AAVF,0,COc1cccc(CNC(=O)c2cc(-c3ccco3)[nH]n2)c1,generated,-6.1
ABFP,0,CC(C)N(C)C(=O)NCc1cccc(Nc2ncccn2)c1,generated,-6.1
AAJG,0,O=C(C=Cc1ccc(Cl)cc1Cl)Nc1ccc(C(=O)O)cc1,generated,-6.1
ABFL,0,COC(=O)c1cc(Cn2nc(OC)n(C)c2=O)c(C)o1,generated,-6.1
AAOT,0,CCNc1nc(CNC(=O)c2ccc(C#N)cc2)cs1,generated,-6.1
AAEK,0,CC(=O)Nc1cccc(-c2cnn(C(C)(C)C)c2)c1,generated,-6.1
AADS,0,CC1CCCN(S(=O)(=O)Cc2cccc(OC(F)F)c2)C1,generated,-6.1
ABQA,0,CC(=O)NC(C)C(=O)NCC1(c2cccc(F)c2)CCCC1,generated,-6.1
AADR,0,CC(C)(C)C(=O)N1CCC(S(=O)(=O)N2CCCCC2)CC1,generated,-6.1
AATU,0,COc1ccc(CNC(=O)C(C)Sc2nnnn2C2CC2)cc1,generated,-6.1
AAMW,0,Cc1c(C(=O)NCCc2ccc(C(F)(F)F)cc2)cnn1C,generated,-6.1
AAHP,0,Cc1ccc(S(=O)(=O)c2c(Cl)cnnc2Cl)cc1,generated,-6.1
ABHK,0,O=C(Cc1cccc([N+](=O)[O-])c1)NCC1CCCO1,generated,-6.1
AABR,0,COc1ccc(-c2ccc(S(=O)(=O)CC(C)C)cc2)cc1OC,generated,-6.1
AAZB,0,CCOC(=O)c1nc(C(=O)OC)c(NC)nc1NCc1ccc(CN2CCCCC2CC)cc1,generated,-6.1
ABPY,0,CN(Cc1ccco1)C(=O)NCc1cccc(C#N)c1,generated,-6.1
AAGC,0,CC(C)C(=O)Nc1ccc2c(c1)NC(=O)CS2,generated,-6.1
AAUD,0,CC(C)(C)C(=O)N1CCC(Nc2ncccc2C(=O)O)CC1,generated,-6.1
AAUG,0,CC1(C)CCCC(C(C)(O)C(O)CC(O)CC(=O)O)C1,generated,-6.1
AAYV,0,CCn1nc(C)cc1C(=O)N(C)c1ccc(Cl)c(Cl)c1,generated,-6.1
AAIG,0,CN(CC(=O)Nc1nccs1)c1ccc(C(C)(C)C)cc1,generated,-6
ABBA,0,CC1CCN(C(=O)COc2ccc(F)cc2F)C(C)CO1,generated,-6
AACJ,0,N#Cc1cc([N+](=O)[O-])ccc1[S+]([O-])c1ccc(F)cc1,generated,-6
AANW,0,Cc1ccc(CSc2nnc(C(C)(C)C)n2C2CC2)o1,generated,-6
AAQU,0,CC1CN(C(C)C)CC1C(=O)N(C)C1=CCCCC1,generated,-6
AAMR,0,CCOC(=O)C(C#N)=C(NC#N)NC(=O)Nc1ccc(C)cc1,generated,-6
ABPE,0,CC(=O)NCCC(=O)N(CCc1ccccc1)CC(F)(F)F,generated,-6
ABGQ,0,CC(=O)N1CCC2(CC1)CN(CCC(=O)Nc1ccncc1)CCO2,generated,-6
ABCG,0,O=C(NCCc1c[nH]nc1C(F)(F)F)c1ccco1,generated,-6
AAGZ,0,O=c1ccn(-c2ccc(Cl)cc2)c(=O)n1-c1ccc(F)cc1,generated,-6
AAOL,0,CCc1noc(C)c1C(=O)NCc1cccc(OCC(C)C)c1,generated,-6
ABGA,0,O=C(NCCC1CCCCC1)C1COc2ccc(F)cc2C1,generated,-6
AABV,0,O=C(CCCc1cc(F)cc(F)c1)NCC1CCCO1,generated,-6
AAPL,0,COCCOC(=O)N1CCC(S(=O)(=O)c2ccc(C)cc2)CC1,generated,-6
AAFB,0,CC(C)(C)OC(=O)NCCCNC(=O)C1CCCN1S(C)(=O)=O,generated,-6
AALP,0,O=C(OC1CN(C(=O)OCc2ccccc2)C1)c1ccccc1,generated,-6
ABCY,0,Cc1c(C(=O)N2CCOC(C)(C)C2)cnn1-c1ccncc1,training,-6
AAIS,0,CC1(C)Cc2ccccc2C(NC(=O)CCc2ccccc2)C1,generated,-6
ABDE,0,CC(C)c1ccccc1OCCCNC(=O)CN(C)S(C)(=O)=O,generated,-6
AAGW,0,O=C(CCN1CCOCC1)NCc1coc(-c2ccccc2)n1,generated,-6
ABDB,0,Cc1ccc(F)c(OCC(=O)Nc2ccc(C(F)(F)F)cn2)c1,generated,-6
AADV,0,O=C(Nc1cccc(-c2ncc[nH]2)c1)Nc1ccccc1O,generated,-6
AAZC,0,COC(=O)c1scc(-c2ccc(OCCN3CCCCC3)cc2)c1O,generated,-6
ABLN,0,CC(=O)N1CCC2(CCN(C(=O)Nc3ccc(F)cc3)C2)C1,generated,-6
AALX,0,CCCCCCCCCCCCCCCCCCCCCC(=O)NC(COC(=O)NC(CCC(N)=O)C(=O)O)C(=O)NC(CCCCN)C(=O)NC(CCCNC(=N)N)C(=O)NC(CCCNC(=N)N)C(N)=O,generated,-6
ABKV,0,CC(C)C(=O)N(c1ccccc1)c1ccc(CN)cc1,generated,-6
AACZ,0,NC(=O)c1ncc(NC(=O)CCc2ccc[nH]2)s1,generated,-6
AAKU,0,CC(C)c1cc(CNC(=O)COc2ccccc2F)[nH]n1,generated,-6
AAEQ,0,CC(C)c1nc(CNC(=O)Nc2ccc(F)cc2)cn1C,generated,-6
AAID,0,CC(C)C(=O)N1CCC(C(=O)c2ccccc2O)CC1,generated,-6
ABML,0,CC(=O)NC(C(N)=O)C(C)(C)CCc1ccccc1,generated,-6
AAFX,0,COc1ccc(C=C2N=C(Nc3cccc(C)c3)S2)cc1,generated,-6
AADA,0,COc1ccc(C(=O)COC(=O)c2cccc3ccccc23)cc1,generated,-6
AAUE,0,CC(C)(C)CNC(=O)C1=C(Cn2ccnc2)CCN(C(=O)OC(C)(C)C)C1,generated,-6
AALD,0,CC(NC(=O)C(C)(C)C)C(=O)N(C)Cc1cc[nH]n1,generated,-6
AADB,0,Cc1cccc(OCC(=O)NCC(=O)NC2CCCCC2C)c1C,generated,-6
AAZJ,0,CCc1ccc(C(=O)N(C)Cc2cc(-n3ccnc3)no2)o1,generated,-6
AAKJ,0,CCCCSc1nc(N)cc(N2CCN(C(=O)CC3CCCC3)CC2)n1,generated,-6
ABPN,0,Cc1ccc(CCN(C)C(=O)Nc2ccc(Oc3ccccc3)cc2)o1,generated,-6
AAKF,0,CSc1ncc(-c2cc(C(F)(F)F)ccc2Cl)[nH]1,generated,-6
ABNB,0,CCCn1c(N2CCN(CC(=O)O)CC2)nc(C2CCC2)c1C1CC1,generated,-6
AAIF,0,Cc1cc(C)n(CC(=O)N2CCC(Oc3cnccn3)CC2)n1,generated,-6
ABRE,0,CCCOc1ccc(Cc2cc(C3CC3)[nH]n2)c(OC)c1,generated,-5.9
ABHD,0,O=C(NC1CC1)c1ccc(-n2nc(C3CC3)cc2C2CC2)o1,generated,-5.9
ABCP,0,Cc1ccc(CNC(=O)Nc2ccc(-c3ncc(C)o3)cc2)o1,generated,-5.9
ABGM,0,CC(C)N(Cc1ccccc1)C(=O)CNC(=O)c1cccs1,training,-5.9
AADN,0,O=C(NCc1ccco1)c1ccn(-c2ccccc2)n1,generated,-5.9
AABI,0,CNc1nc(N2CCCC2)nc(N2CCCC(N)C2)n1,generated,-5.9
ABNE,0,CCN(CC)C(=O)CN(C)C(=O)Nc1c[nH]cc1C(=O)Nc1ccccc1,generated,-5.9
ABDG,0,CCc1nc(N)nc(N(C)Cc2ccc(Oc3cccc(Cl)c3)cc2)c1C#N,generated,-5.9
ABLL,0,CCOC(=O)N1CCN(C(=O)C2CCC(C(=O)NCC3CC3)CC2)CC1,generated,-5.9
ABIK,0,COc1ccc(CCNC(=O)NC2CC3CC=CC32)cc1CO,generated,-5.9
ABIV,0,Cc1ccc(C(=O)C=Cc2cccs2)c(C)c1OCc1ccccc1,generated,-5.9
ABQK,0,N#Cc1c(SC2CCCC2)[n+]([O-])c2ccccc2[n+]1[O-],generated,-5.9
ABEJ,0,CCN(CC(=O)N(C)Cc1ccccn1)C(=O)Cc1ccsc1,generated,-5.9
ABFK,0,COc1c(C(=O)NCc2cccc(Cl)c2)cnn1C,generated,-5.9
AADX,0,COc1ccc(NC(=O)CCc2n[nH]c(C)c2C(F)(F)F)cc1,generated,-5.9
ABFO,0,CCOC(=O)c1ccc(-c2[nH]c(C)cc2C(C)C)nc1,generated,-5.9
AABC,0,Cc1cccc(C)c1N1CCC(C(=O)NCCNC(=O)c2ccco2)CC1,generated,-5.9
ABRV,0,CC(=O)Nc1cccc(NC(=O)CCn2ccc(=O)[nH]c2=O)c1,generated,-5.9
ABDZ,0,O=C(Nc1ccccc1N1CCCCC1)c1ccccc1Br,generated,-5.9
ABMZ,0,CCCCN(CCCC)C(=O)c1ccc(NC(=O)N2Cc3ccnnc3C2)cc1,generated,-5.9
ABJA,0,COCCOC(=O)c1c(C)nc(C)nc1Nc1ccc(C)cc1,generated,-5.9
ABIO,0,O=C(CCc1ccsc1)N1CC(c2cccc(Cl)c2)C1,generated,-5.9
AAJM,0,COc1ccc(C2(CNC(=O)c3ccc(C)s3)CCOCC2)cc1,generated,-5.9
AAVW,0,O=C(Cc1ccc[nH]1)N1CCN(c2nc(CC3CC3)cs2)CC1,generated,-5.9
AATP,0,CC(=O)N1CCN(Cc2cc(C3CC3)nc3sccc23)CC1,generated,-5.9
AAGO,0,Cc1cc(CNC(=O)c2cnc(N3CCCC3)nc2)co1,generated,-5.9
ABBU,0,CC(=O)NC(C)Cc1ccc(Cl)c(C(F)(F)F)c1,generated,-5.9
AATC,0,C=CCN1C(=O)C(Oc2ccccc2)C=CC1(C)C,generated,-5.9
AAXC,0,COc1cccc(C(=O)Nc2ccc(OC(F)F)cc2)c1OC,generated,-5.9
AAWZ,0,CC1(C)C(=O)N(c2ccc(Cl)cc2)C(=O)N1CCC(N)=O,generated,-5.9
AAJV,0,Cc1cc(C(=O)NCC(O)COc2ccccc2)c(C)o1,generated,-5.9
ABBY,0,CC(C)N1CC(C(=O)NC2CC2)CC1c1ccccc1F,generated,-5.9
AAWP,0,COc1cc(C=CC(=O)NO)ccc1C(C)=O,generated,-5.9
ABAS,0,CC(=O)Nc1cc(NC(=O)CCc2ccccn2)ccc1C,generated,-5.9
AAPP,0,CCOc1ccc(NC(=O)c2cc(C(N)=O)cs2)cc1,training,-5.9
ABAL,0,CCc1cc(=O)n(CC(=O)Nc2ccccn2)c(C)n1,generated,-5.9
AAPW,0,Cc1cccc(OCCCNC(=O)NCC(C)(C)c2ccncc2)c1,generated,-5.9
AAWI,0,COc1ccccc1NC(=O)NS(=O)(=O)c1ccc(Br)s1,generated,-5.9
AAVM,0,Cc1ccc(S(=O)(=O)NCc2ccc(C)n2C)cc1,generated,-5.9
AAZE,0,CN(CCCCNc1ncc(Cl)c(=O)[nH]1)C(=O)c1ccc(Cl)cc1,generated,-5.9
AAZO,0,COc1ccc(-c2nc(CN3CCCCC3)c[nH]2)cc1,generated,-5.9
AARL,0,CCOC(=O)c1[nH]nc(C(=O)OC)c1-c1ccc(F)cc1,generated,-5.9
ABCJ,0,CCOc1ccccc1CNC(=O)c1cnc(-n2ccnc2)s1,generated,-5.9
AAXV,0,CCCCCCCCCCOc1ccc(F)c(-c2ccccc2C(=O)O)c1,generated,-5.9
AAHR,0,CS(=O)(=O)NCCC(=O)N1CCCC(OCc2ccccn2)C1,training,-5.9
AAEE,0,CC(C)C(CO)NCc1ccccc1-c1nc2ccccc2[nH]1,generated,-5.8
AAMK,0,CN(C)c1ccc(NC(=O)c2cnn(C)c2)cc1Cl,generated,-5.8
AABP,0,CCC(C)(C)NC(=O)C(C)Sc1nc(C)cc(C)n1,generated,-5.8
AAXN,0,CCCCOc1ccc(OCCCC(=O)N2CCCCCC2)cc1,generated,-5.8
AALH,0,Cc1cc(C)cc(OCC(=O)Nc2ccc3cn[nH]c3c2)c1,generated,-5.8
AAGG,0,CCCC1(C(=O)NN=C(C)Nc2ccc(C#N)cc2)CCCC1,generated,-5.8
AAYP,0,CCCCN(CCCC)C1=NS(=O)(=O)c2ccccc21,generated,-5.8
AALR,0,CCCCc1ccccc1NC(=O)COC(=O)c1cccs1,generated,-5.8
AALO,0,COC(=O)c1cnc(NC(=O)COc2ccc(Cl)cc2)s1,training,-5.8
ABIU,0,CC(=O)N1CCC(NC(=O)NCc2cccs2)C2CCCCC21,generated,-5.8
ABIQ,0,COC(=O)c1ccc(Cl)c(NCc2nc(C)c(C)n2C)c1C,generated,-5.8
ABNR,0,CC(C)C(=O)Nc1ccc(NC(=O)Cc2ccc[nH]2)cc1,generated,-5.8
AARP,0,CC(C)CC(=O)Nc1ccc(NC(=O)c2ccoc2)cc1,generated,-5.8
ABMQ,0,CC(C)C(=O)N(c1ccccc1)c1ccn(C)c(=O)n1,generated,-5.8
ABOC,0,COc1cc(C(=O)Nc2nnc(C(N)=O)s2)cc(OC)c1OC,generated,-5.8
AAPX,0,O=C(CNc1ncnc2ccsc12)NCC(=O)NC1(C(=O)O)CC1,generated,-5.8
AASG,0,Cn1ccc(CNC(=O)NCC(=O)Nc2cccc(Cl)c2)n1,generated,-5.8
AASH,0,CN(C)S(=O)(=O)NCCOc1ccc(F)cc1C(F)(F)F,generated,-5.8
AAMD,0,CCC(CC)NC(=O)CNS(=O)(=O)c1cc(Cl)ccc1C,generated,-5.8
AAFF,0,CC(C)=CCCC(C)=CCC1(C)C=C(Cl)C(=O)C=C1[N+](=O)[O-],generated,-5.8
AASU,0,Cc1ccc(C(C)NS(=O)(=O)c2c(C)n[nH]c2C)cc1,generated,-5.8
AAON,0,CS(=O)(=O)N1CCC(NC(=O)COC(=O)c2ccc(F)cc2)CC1,generated,-5.8
ABJU,0,O=C(c1ccc(-n2ccnn2)c([N+](=O)[O-])c1)N1CCCC1,generated,-5.8
AANO,0,Cc1cc(C)n(Cc2ccc(C(=O)NCC(C)(C)C)o2)n1,generated,-5.8
AAUC,0,CC(C)C(=O)NC1OC(CO)C(O)C(O)C1OCCO,generated,-5.8
AAFZ,0,CCC(C)Sc1nc(-c2ccccc2)nc(N(C)C)n1,generated,-5.8
AAUP,0,CCN(C1CCN(Cc2ccc(S(C)(=O)=O)cc2)CC1)S(=O)(=O)N(C)C,generated,-5.8
AAPA,0,Cc1ccc(CN(C)C(=O)COC(=O)c2ccco2)cc1,generated,-5.8
ABRZ,0,CCN(Cc1cccc(Cl)c1)C(=O)Cc1ccco1,generated,-5.8
ABNK,0,CCN(CC)CCNC(=O)C(=O)C(Cc1ccc([N+](=O)[O-])cc1)NC(C)=O,generated,-5.8
AAFE,0,Cc1ncn(C(=O)CCc2ccc(C#N)cc2)c1C,generated,-5.8
AAJT,0,Cc1cc(-c2cccc(F)c2)n(CC2CCCO2)n1,generated,-5.8
ABAX,0,CCOC(=O)N1CCC(NC(=O)NCC(C)Oc2cccc(F)c2)CC1,generated,-5.7
AAYN,0,O=C(Cn1nc(-n2cccn2)ccc1=O)NCc1ccccc1,training,-5.7
AAXE,0,COc1ccc(C(c2cc(Cl)ccc2OC)N(C)C)cc1OC,generated,-5.7
AAEF,0,CC(C)CCN(C)C(=O)Nc1nc(-c2ccncc2)cs1,generated,-5.7
AATN,0,CC(C)(C)c1ccc(CCC(=O)NC2CCC(=O)N2)cc1,generated,-5.7
AAGE,0,O=C(CC(=O)NC1CCCCCC1)Nc1ccc(F)c(F)c1,generated,-5.7
AADQ,0,CCCCc1cc(NC(=O)CCc2ccccc2)nc(C)n1,generated,-5.7
AAEM,0,Cc1ccc(CN(C)C(=O)COc2ccc(Cl)cc2)o1,generated,-5.7
ABOD,0,CCc1c(C(=O)[N-]C(C)(C)C)nnn1-c1ccccc1,generated,-5.7
ABAO,0,C(=CCN1CCc2ccccc21)CN1CCN(c2ncccn2)CC1,generated,-5.7
AAXO,0,O=C(CCC(=O)c1ccc(F)cc1)NCc1ccoc1,generated,-5.7
ABGK,0,COc1ccc(C(=O)CN2CCN(CC(=O)N(C)C)CC2)cc1,generated,-5.7
ABQB,0,CCCCCNC(=O)Nc1cc(C)nc2c1c(=O)[nH]n2C,generated,-5.7
ABLX,0,CC(C)(C)OC(=O)NCC(c1ccccc1)N(C(=O)c1csnn1)C1CC1,generated,-5.7
AAYG,0,COc1ccc(CNC(=O)COc2cccc3ccc(C)nc23)cc1,training,-5.7
AAWN,0,CCCNC(=O)CN(C)C(=O)c1cc(-c2ccco2)no1,generated,-5.7
ABMH,0,CCNc1nc2[nH]c(C(=O)NCC3CCCO3)cc2s1,generated,-5.7
ABPT,0,O=C(COc1ccccc1)Nc1ccc(Oc2ccccc2)c([N+](=O)[O-])c1,generated,-5.7
ABFA,0,CC(C)NC(=O)C1CCN(C(=O)CCc2cccnc2)CC1,generated,-5.7
AAKA,0,CN1C(=O)CC(NC(=O)C=Cc2ccc(Br)cc2)C1=O,generated,-5.7
ABPR,0,Cn1ccc(-c2ccc(NCCN3CCOCC3)nc2)n1,generated,-5.7
AAIJ,0,CC(C)NC(=O)Nc1cccc(N2CCCC2C(N)=O)c1,generated,-5.7
ABDF,0,COC1CCC(C(=O)Nc2ccn(CC(N)=O)n2)CC1,generated,-5.7
ABEU,0,O=C(O)c1cn(C2CC2)c2c(Cl)cc(Cl)cc2c1=O,generated,-5.7
AAJE,0,Cn1cc(C#N)c(=O)n(CC(=O)NCc2ccc(O)cc2)c1=O,generated,-5.6
ABMD,0,Cc1ccc(C(=O)CCC(=O)Nc2nccs2)s1,generated,-5.6
AAEI,0,CNC(=O)CN1CCN(C(=O)NCCc2c(C)nn(C)c2C)CC1,generated,-5.6
AASS,0,O=C(NCCc1csc(-c2ccccn2)n1)c1cccs1,generated,-5.6
AAAI,0,CN(C)C(=O)N1CCC(NC(=O)CCc2ccco2)CC1,generated,-5.6
AAPF,0,Cc1ccc(C(C)NC(=O)N2CC(C)OC(C)C2)s1,generated,-5.6
AAAR,0,COc1cccc(CN(C)C(=O)Cc2ccccc2OC)c1,generated,-5.6
AAAW,0,CCCCN(c1sc(-c2ccc(Br)cc2)nc1C)C(C)C,generated,-5.6
ABHG,0,O=C(CCc1ccccc1)N1CCN(CCOc2ccccc2)CC1,generated,-5.6
AAHJ,0,O=C(Cc1ccc(Br)cc1)NCCCn1nnc2ccccc21,generated,-5.6
AABW,0,CC(C)N1CCN(CC(O)COc2ccc(F)c(Cl)c2)CC1,generated,-5.6
ABCW,0,COC(=O)Nc1ccc(OCC(=O)NC(C)CC#N)cc1,generated,-5.6
ABGU,0,CCOc1ccc(Cl)cc1NC(=O)NCC(=O)NC1CC1,generated,-5.6
AAHX,0,O=C(NCCS(=O)(=O)NCc1ccco1)C1CCOC1,generated,-5.6
ABJN,0,CC(=O)Nc1ccc(Cl)c(NC(=O)CC(C)C)c1,generated,-5.6
ABLI,0,Cc1cc(C)n(C2CCN(C(=O)C3CC3)CC2)c(=O)c1C#N,generated,-5.6
AALW,0,O=C(CNc1ccccc1C(=O)O)c1ccccn1,generated,-5.6
ABOS,0,CCN(C(=O)CN(C)c1cc(C)ccn1)c1cc(Cl)ccn1,generated,-5.6
ABLW,0,COc1cc(NC(=O)c2c(C)n[nH]c2C)cc(OC)c1,generated,-5.6
ABNX,0,CCc1cc(=O)[nH]c(SCC(=O)Nc2cc(C)on2)n1,training,-5.6
AADH,0,CC(C)(C)OC(=O)N1CCC(C(=O)NCc2ncc[nH]2)CC1,generated,-5.6
ABJK,0,O=C(CSc1ccc2c(c1)OCCO2)Nc1cccc(Cl)c1,generated,-5.6
AABU,0,CCCc1cc(=O)[nH]c(NCC(C)NC(C)=O)n1,generated,-5.6
AATX,0,CCCCc1nc(C)nc(N2CCN(CC(=O)N(C)C)CC2)n1,generated,-5.6
ABES,0,CC(NC(=O)OCc1ccccc1)C(=O)N1CCN(C)CC1,generated,-5.6
ABJH,0,COc1ccc(C(C)=O)cc1CC(=O)Nc1nccs1,generated,-5.6
ABPM,0,CCCC(C)C(=O)Nc1ccc(OCC(C)C)nc1C(F)(F)F,generated,-5.6
AAZT,0,COCC(=O)NCC(=O)Nc1ccc(-n2ccnc2)cc1,generated,-5.6
AABS,0,CC(C)NC(=O)CNC(=O)Cc1cnc2ccccc2n1,generated,-5.6
AAYJ,0,Cc1cc(C(=O)Nc2cnccn2)c(C(=O)N(C)C)s1,generated,-5.6
AANX,0,O=C(NCCCCCCN1CCC2CCCC2C1)c1cnn2cccnc12,generated,-5.6
AAMB,0,CCCc1c(-c2nc(-c3ccccc3)cs2)cnn1C,generated,-5.6
AALL,0,O=C(CCNC(=O)c1c[nH]c2ccccc12)NCc1ccccc1,training,-5.6
AASB,0,Cc1cnc(SCC(=O)Nc2cccc(F)c2)n1C(C)C,generated,-5.6
AAGI,0,CC(C)(C)OC(=O)NCC(=O)NCc1ccc(Cl)cc1,training,-5.6
AAUO,0,Cc1ccc(C)c(OCc2nccn2Cc2ccccc2)c1,generated,-5.6
AAKM,0,Cc1cc(C)nc(-c2c(C#N)c(N)nc(N)c2C#N)c1,generated,-5.5
ABPI,0,CN(CCc1cccs1)C(=O)CN(C)S(C)(=O)=O,generated,-5.5
AAQY,0,CC(CSc1ccc([N+](=O)[O-])cc1)=NNC(=O)C1CCCCC1,generated,-5.5
AAEX,0,CCc1onc(C)c1NC(=O)NCc1ccc(=O)[nH]c1,generated,-5.5
ABJD,0,CCCCCC(=O)Nc1ccc(C(=O)OC)cc1[N+](=O)[O-],generated,-5.5
AAZK,0,CCC1=Nc2sc3c(c21)CC(C(=O)N(C)C)CC3,generated,-5.5
ABAE,0,CC(=O)c1ccc(CNC(=O)Cc2ccc(N)cc2)cc1,generated,-5.5
ABJB,0,Cc1cc(CN(C)C(=O)c2ccc(=O)n(C)n2)on1,generated,-5.5
ABFI,0,Cc1cc(C(C)NC(=O)N2CCN(CC(N)=O)C2)c(C)o1,generated,-5.5
AAAO,0,CCN(CC)CCCNc1c2ccccc2nc2cc(C)ccc12,generated,-5.5
ABGH,0,CCN(CC)CC(=O)NCc1ccc(-n2cnc3ccccc32)cc1,generated,-5.5
AAPM,0,CCN(CC)S(=O)(=O)N1CCC(c2ccccn2)CC1,generated,-5.5
ABLM,0,CCN(CC)C(=O)c1cc(C)nc(SCc2ccccc2)n1,generated,-5.5
ABMU,0,CC(C)C(NC(=O)c1cnccn1)C(=O)NC(C)(C)C,generated,-5.5
AAPR,0,CCC(CO)NC(=O)N1CCN(C(=O)C2(C)CCCO2)CC1,generated,-5.5
AAJL,0,Cc1cc(NC(=O)CCOc2c(F)cccc2F)ccc1OCC(C)O,generated,-5.5
AAZY,0,O=C1C=C(NCCCN2CCCCC2)C(=O)c2ccccc21,generated,-5.4
AAHH,0,CCCCN1C(=O)C(Cl)=C(C(C)C)C1=O,generated,-5.4
AADG,0,CC(C)(C)c1nnc(SCC(=O)NC2CC2)c(=O)[nH]1,generated,-5.4
AAOJ,0,CC(C)CCNC(=O)N1CCN(C(=O)NC(C)(C)C)CC1,generated,-5.4
ABIH,0,CN1C(=O)CC(C(=O)NCc2ccco2)CC1=O,generated,-5.4
ABDR,0,CC(C)C(=O)N1CCN(C(=O)c2ccoc2)CC1,generated,-5.4
AAFL,0,CC(C)(C)n1c(N)nnc1SCC(=O)NCC1CCCO1,generated,-5.4
AADZ,0,CCCCCCCCCCCCCC(=O)NN=C(S)N(CCCC)Cc1ccccc1,generated,-5.4
ABEC,0,COc1cc(OC)cc(C(=O)NCC(c2cccs2)N(C)C)c1,training,-5.4
ABRG,0,CCOC(=O)c1nc(N(C)C)c([N+](=O)[O-])cc1C,generated,-5.4
ABNQ,0,O=C(NCCCc1ccccn1)Nc1ccc(C(F)(F)F)nc1,generated,-5.4
AACC,0,Cc1ccc(C(C)NS(=O)(=O)N(C)C(C)C)cc1,training,-5.4
ABAJ,0,CC(C)N(C)C(=O)NCc1cc(CN2CCCC2)ccn1,generated,-5.4
AAGK,0,CC(C)N(C)C(=O)c1ccc(S(=O)(=O)N(C)C)s1,generated,-5.4
AAQO,0,CC(C)Oc1cccc(OCC(=O)N(C(C)C)C2CCCCC2)n1,generated,-5.4
AAPI,0,CC1CCCC(NC(=O)C(C)Sc2ccccc2Cl)C1,generated,-5.4
ABAA,0,COc1ccccc1N1CCN(CCC(=O)NCc2ccco2)CC1,generated,-5.4
AAKT,0,Cc1cc(NC(=O)CCC(=O)NC2CCCC2)n(C)n1,generated,-5.4
AACW,0,CC(=O)NC(CSCc1ccc(F)cc1)CN1CCN(C)CC1,generated,-5.4
AADJ,0,CC1CN(CC(=O)N2CCCCC2)CC(O)C1O,generated,-5.3
AARJ,0,COC(=O)c1cc(S(=O)(=O)N2CCOCC2)c(C)s1,training,-5.3
ABNM,0,CCCCCCCCCCCCCCCCCCOC(=O)N(CCCC)Cc1ccccc1,generated,-5.3
AACG,0,CCCCCCCCCCCCCCCCCCCC(=O)NC(C(=O)O)C(C)OP(=O)(O)O,generated,-5.3
AACK,0,CC(C)OC(=O)c1csc(NC(=O)C(C)(C)C)n1,generated,-5.3
AAAB,0,C=CCNC(=O)CNc1cccc(C(=O)N(C)CCc2ccccc2)c1,generated,-5.3
AAQQ,0,CC(C)(CNC(=O)C1CC=CCC1)NCc1ccccc1,generated,-5.3
ABJM,0,CCCCc1nc2ccc(S(=O)(=O)NCCN(C)C)cc2[nH]1,generated,-5.3
AAMY,0,C[N+]1(CCCCSc2nc3ccccc3[nH]2)CCCCC1,generated,-5.3
AAQS,0,CS(=O)(=O)c1ccc(NC(=O)NCCN2CCCC2)cc1,generated,-5.3
AAUR,0,COCCN(CC(=O)NC(C)(C)C)Cc1ccc(SC)cc1,generated,-5.3
AARZ,0,CCCc1nc(CC(C)C)nc(OCC(=O)NC2CCCCC2)c1C,generated,-5.3
ABBW,0,CCC(C)N(CC)C(=O)NCC(=O)Nc1ccc(F)cc1,generated,-5.3
ABOU,0,CCC(C)(C)NC(=O)CCc1c(C)nc2cc(C)cnn12,generated,-5.3
ABKW,0,CCOC1CC(NC(=O)NCCN2CCOCC2)C1(C)C,generated,-5.3
ABKP,0,CN(CC(=O)Nc1ccc(O)cc1)C(=O)Cc1cccs1,generated,-5.3
ABKD,0,CC(C)(C)CC(=O)NCCN1CCOC(C(F)(F)F)C1,generated,-5.3
ABCF,0,CCN(C(=O)CCCc1ccc(SC)cc1)C(C)C,generated,-5.2
ABMX,0,Cc1cc(C)c2cc(OCCCOc3ccc(C(C)C)cc3)oc2c1,generated,-5.2
ABQQ,0,Nc1ccc(CC(OC(=O)Nc2ccccc2)C(=O)C(=O)NCc2ccccc2)cc1,generated,-5.2
AALB,0,CCc1cc(CNC(=O)N(C)CCc2ccc(F)cc2)on1,generated,-5.2
AABN,0,O=C(CNS(=O)(=O)Cc1cccs1)NCC(F)(F)F,generated,-5.2
ABCE,0,CN(Cc1cnn(C)c1)C(=O)C1CC1CN1CCOCC1,generated,-5.2
ABIM,0,CCOC(=O)c1ccc(CNC(=O)CN(CC)CC)cc1N,generated,-5.2
AAKY,0,COc1cc(C=CC(=O)OCC(=O)NC(C)(C)C)cc(OC)c1OC,generated,-5.2
ABHN,0,Cc1cc(NC(=O)CCc2ccccc2)c(C)n1-c1ccccc1,generated,-5.2
AAHS,0,C=C(C)C(O)CCC(C)=CCCC(C)=CCC(C)C=CC=C(C)CCC(C)=CC(C)C(C)C,generated,-5.1
ABQY,0,CC(CCc1ccccc1)NC(=O)C(C)(C)CNC(=O)C(C)C,generated,-5.1
ABOG,0,O=C(NCCCC1CCCCC1)NC1CCC(CCN2CCCC2)CC1,generated,-5.1
AASO,0,CN(C)C(=O)N1CC(C(=O)NCC(F)(F)F)C1,generated,-5.1
AARA,0,CCN(CC)CCCCN(CCCNCCCNC(=N)NCCCCCN(CC)CCCC1(C)C=CS(=O)(=O)C1)Cc1ccc(-c2ccccc2)cc1,generated,-5.1
ABKQ,0,CCCCCCCCCCCCCCC1=CC(=O)C(C(=O)OCC)=C1N,generated,-5
AAOO,0,CCCCN(CC)CCCCCNc1ccc(Cc2ccc(Cl)c(Cl)c2)cc1N,generated,-5
AAHW,0,Cc1ccc(CNC(=O)C(C)CCC(=O)N(C)C)s1,generated,-5
ABBJ,0,COc1cc(OC)c(-c2ccc(Br)s2)c(OC)c1OC,generated,-5
ABFN,0,CCCCCCNC(=O)CC(C)(C)CCC(=O)N1C(C)CCCC1C,generated,-5
AAWD,0,Cc1nn(C)c2c(=O)n(CC(=O)NCC(C)C)cnc12,generated,-5
AAVP,0,CCOCCC(=O)N1CCCC(C(=O)NCCc2cccs2)C1,generated,-5
AAHD,0,C#CCN1CCN(C(=O)CCC(=O)N2CCN(C)CC2)CC1,generated,-5
ABQC,0,CCOC(=O)c1ccc(NC(=O)CSc2ccccn2)cc1,generated,-5
AAGD,0,CC(C)(C)OC(=O)NCCNc1c(F)cccc1F,generated,-4.9
AACP,0,Cc1cc(C)c(C)c(SCC(=O)NCCc2ccsc2)c1C,generated,-4.9
AABK,0,CCOC(=O)C=C(C)CCC=C(C)CCC=C(C)CCC=C(CC)COC,generated,-4.9
ABLA,0,CCOC(=O)c1ccsc1NC(=O)CCCC(=O)NCc1ccco1,generated,-4.9
AABT,0,CC(=O)NC(C(=O)NCCNC(=O)C(C)C)C(C)C,generated,-4.8
ABEZ,0,O=C(CCCCCCCCCCCCCCCCCCCCCCCCNC(=O)NCc1ccccc1)NC1CCS(=O)(=O)C1,generated,-4.8
AARV,0,CC(C)(C)c1ccc(C(=O)CCCCCCCCCCC2CCCC2)cc1,generated,-4.8
AAFK,0,CCCCCCCCCCCCCC=CC(CNC(=O)CCc1cn(CCCC)nn1)C(C)C,generated,-4.8
AABL,0,CC(CNC(=O)NCCN1CCOCC1)NC(=O)OC(C)(C)C,generated,-4.7
AART,0,CCCCCCCCCCCCCCCC(=O)NC1(CO)CCCCC1,generated,-4.6
ABCH,0,CCCCCCCCCCCCCCCCCCCCOCC(COCc1ccccc1)NC(=O)OC(C)(C)C,generated,-4.6
AABE,0,CCCCCCCCCCCCCCC(O)C(O)C(O)CCC(O)CCCCCCCCCC,generated,-4.5
AABF,0,CCCCCCCCCCCCCCCCCCCCCCCCCCCNC(C)=O,generated,-4.2
AABH,0,CCCCCCCCCCCCCCCCC[n+]1ccc(N)c(OC)c1,generated,-4.1
AABM,0,CCCCCCCCCCCCCCCCCCCCCCCCCCCCOCC(O)C(O)COP(=O)([O-])OCCOCCOCCOCCCCCCCCCCCCCCCC,generated,-3.9
AAOC,0,CC(NC(=O)OCc1ccccc1)c1nc(-c2ccccc2)cs1,generated,99.9
AAQM,0,O=C(CSc1nnc(C2CC2)s1)Nc1ccc(Cl)cc1,generated,99.9
AAKH,0,Cc1ccc(C2c3ccccc3C(=O)C2C(=O)Cc2ccccc2)cc1,generated,99.9
AAJF,0,CCc1csc(SC(C)C(=O)NCC(C)(C)c2ccccc2)n1,generated,99.9
AAQG,0,Cc1oc(CN2CCN(c3n[nH]c(SCC(C)(C)C)n3)CC2)nc1C(C)(C)C,generated,99.9
AAQE,0,CC1CCC2(OC1)OC1CC3C4CCC5CC(OC6OC(CO)C(O)C(O)C(O)C6OC6OC(CO)C(O)C(O)C6O)CCC5(C)C4CCC3(C)C1C2C,generated,99.9
ABRJ,0,CCCCNC(=O)C1(C)CCC(C(=O)OCC=Cc2ccccc2)CC1,generated,99.9
AAQD,0,O=C1CCC(C2CCCCC2)NC12CCCCCC(Nc1ccc([N+](=O)[O-])cc1)C2,generated,99.9
ABSJ,0,Cc1cccc(C)c1OCC(=O)NC(Cc1ccccc1)C(O)CC(Cc1ccccc1)NC(=O)C(C(C)C)N1CCCNC1=O,hiv,99.9
AALQ,0,O=C1CCC(C(=O)N2CC(c3nc(C(F)F)cs3)C2)C1,generated,99.9
AAPY,0,Cc1nc(C(C)(C)NC(=O)CSc2nnc3ccccn23)cs1,generated,99.9
AAJN,0,CC(OC(=O)CN1CCN(c2ccccc2)CC1)c1ccc(Cl)cc1,generated,99.9
AAKC,0,CC(=O)N1CCCC(C(=O)OCC(C)c2ccccc2)C1,generated,99.9
AACD,0,CC1CCCN(S(=O)(=O)N2CCC(n3cncn3)CC2)C1,generated,99.9
AALJ,0,COC(=O)C(CC(C)C)NC(=O)C(SCCC(=O)NC1CCCCC1)C(C)C,generated,99.9
AAAK,0,CC(C)n1cc(C(=O)N2CCCC(c3nc(C4CCCO4)no3)C2)cn1,generated,99.9
ABRF,0,CCc1nc(NC(=O)c2cccc(C(F)(F)F)c2)cs1,generated,99.9
ABSC,0,Cc1cc(-c2nc(C3CC3)no2)c(S(N)(=O)=O)s1,generated,99.9
AACI,0,Fc1cccc(Nc2nnc(SCc3ccccc3)s2)c1,generated,99.9
ABRY,0,CC(C)CC1=C(C(=O)N2CCCC2)C(C)(O)C(=O)O1,generated,99.9
AAKP,0,Cc1nn(Cc2nccs2)c(=O)c2ccccc12,generated,99.9
ABSF,0,CC(C)c1ccc(COc2cccc(C#N)c2)cc1C(=O)NC(C)n1cncn1,generated,99.9
AACH,0,Cc1cnc(CCC(=O)Nc2cc(C)sc2C)s1,generated,99.9
AANP,0,COC(=O)C(C)(C)S(=O)(=O)N(Cc1ccccc1)C1CC1,generated,99.9
AABB,0,Cc1noc(CCCn2ccc(CN3CCCC3)n2)n1,generated,99.9
ABNP,0,COc1cccc(CNC(=O)CSc2nc(-c3ccncc3)cs2)c1,generated,99.9
AAJX,0,CC(=O)OCC12COC(SCc3ccccc3)C1CCC1C3(C)CCC4(C)CCC(O)CC4C3(C)CCC12C,generated,99.9
AALE,0,O=C(CCc1nc(-c2ccc(F)cc2)no1)Nc1ccc(F)cc1F,generated,99.9
ABRU,0,Cc1nn(Cc2nc(-c3ccccc3)co2)c(C)c1Br,generated,99.9
ABPS,0,CC1=CC=CC2=CC(=O)C(C)(C)C(=O)C(C)CC2C1=NOCCOCCOCCOCc1ccc(O)c(O)c1,generated,99.9
AALG,0,O=C(Nc1ccc2nc(C3CC3)oc2c1)NC1CCCCC1,generated,99.9
ABRS,0,CCCN(Cc1ccccc1)S(=O)(=O)c1ncc(C(C)(C)C)o1,generated,99.9
AAQR,0,CN(Cc1ncn(C)n1)C(=O)Nc1cc(C(C)(C)C)on1,generated,99.9
AAKL,0,Cc1nc(CC(=O)NCCNC(=O)c2ccc(Cl)cc2)oc1C,generated,99.9
AANU,0,CC(C)c1nnc(CNC(=O)Nc2ccc(F)c(Cl)c2)o1,generated,99.9
AALS,0,CC(=O)N1CCCN(C(=O)CCc2cnc(C)s2)CC1,generated,99.9
AABJ,0,CCCCCCCCCCCCCCCCCCCCCCCCCC(=O)OCc1ccccc1,generated,99.9
AAPV,0,Cc1ccc(CC(=O)OCC(=O)NCc2cccnc2)cc1,generated,99.9
AAMG,0,O=C(Nc1nnc(C2CC2)s1)c1ccc(-c2ccccc2)o1,generated,99.9
AAMH,0,O=C(Nc1ccc(-n2cncn2)cc1)c1cn(C2CCCCC2)nn1,generated,99.9
AAJY,0,CN(Cc1ccc(OCc2ccccc2)cc1)Cc1cnc(C2CCC2)s1,generated,99.9
ABQI,0,Cc1nc(CN2CCC(C(=O)Nc3ccccn3)CC2)cs1,generated,99.9
AAOA,0,O=C(CSc1nnc(CNC(=O)c2ccc(Cl)cc2)o1)c1ccc(Br)cc1,generated,99.9
AAML,0,CC(=CCC1OC(C)(C)OC1=O)CCCC(C)(C)O,generated,99.9
AAMM,0,Cc1nc(C)n(CC(=O)N(C)c2ccc(C(C)C)c(C)c2)n1,generated,99.9
AAOX,0,CCCc1nc(C(=O)Nc2cccc(NC(C)=O)c2)cs1,generated,99.9
AAMP,0,CCOC(=O)CC1(OC(=O)CNC(=O)c2ccccc2)CCCCC1,generated,99.9
AAOU,0,CCCCCCCCCCC=CCCCCCCC=CCC(=O)OCCCCCCCCCCC(=O)O,generated,99.9
AAOR,0,CCC(=O)C(C(=O)OC)c1c(C)cc(C)nc1C,generated,99.9
AAOQ,0,COc1ccc(OC)c(S(=O)(=O)N=c2[nH]nc(C)s2)c1,generated,99.9
ABQE,0,Cc1ccc(NC(=O)Cc2ccc(F)cc2)c(-n2cncn2)c1,generated,99.9
AAMQ,0,CN(Cc1ccc(F)cc1)C(=O)COc1nc2ccccc2s1,generated,99.9
ABSW,0,Cc1cccc(C)c1OCC(=O)NC(Cc1ccccc1)C(O)CC(Cc1ccccc1)NC(=O)C(C(C)C)N1CCCNC1=O,manual,99.9
ABPZ,0,CC(C)(C)C(=O)N1CCN(c2nnc(Cc3ccc(NS(C)(=O)=O)cc3)s2)CC1,generated,99.9
AAOD,0,CCOC(=O)CC(=NN(C)C)c1ccc(OC)c(Br)c1,generated,99.9
AAMC,0,Cc1cccc(CN2CCC(C(=O)OC(C)(C)C)CC2)c1,generated,99.9
AAJU,0,COc1ccc(NC(=O)C(O)C(C)N2CCOCC2)cc1Cl,generated,99.9
AAIO,0,COC(=O)CCC(=O)Nc1cnn(-c2ccccc2F)c1,generated,99.9
ABOV,0,CN(C)C(=O)CCC(=O)NCc1ccc(-n2cncn2)nc1,generated,99.9
ABRC,0,CC(C)c1cc(C(=O)Nc2cnc(C(C)(C)C)s2)c[nH]1,generated,99.9
AAJS,0,CC(C)OC(=O)Cc1csc2nc(-c3ccccc3)nn12,generated,99.9
AAIX,0,COc1cccc(F)c1-c1nnc(SCc2nnc(C)o2)s1,generated,99.9
ABTB,0,CC(C)c1nc(CN(C)C(=O)NC(C(=O)NC(Cc2ccccc2)CC(O)C(Cc2ccccc2)NC(=O)OCc2cncs2)C(C)C)cs1,manual,99.9
ABOL,0,CCCc1nc(C(=O)NCc2ccc(S(N)(=O)=O)cc2)co1,generated,99.9
AAAL,0,CC(C)CCN1C(=O)C(C)SC(=O)C1Cc1ccc(O)cc1,generated,99.9
AAKB,0,Cc1nc(C)c(CSc2nnc(-c3ccc(F)cc3)o2)s1,generated,99.9
AALV,0,CC(=O)c1ccc(NC(=O)CSc2ncc(-c3ccccc3)o2)cc1,generated,99.9
AAJB,0,COc1ccccc1OCC(=O)N1CCC(c2nc(C)n[nH]2)CC1,generated,99.9
AAPK,0,Cc1nc(CC(=O)Nc2ccc(C3CCC(C)(O)C3)cc2)cs1,generated,99.9
AALY,0,COC(=O)C(C)(C)NC(=O)Nc1ccnn1C1CCCCC1,generated,99.9
ABSO,0,CC(C)c1nc(CN(C)C(=O)NC(C(=O)NC(Cc2ccccc2)CC(O)C(Cc2ccccc2)NC(=O)OCc2cncs2)C(C)C)cs1,hiv,99.9
AAIN,0,Cc1nc(CN(C)C(=O)c2cc3ccccc3o2)sc1C,generated,99.9
ABOR,0,Cc1nc2ncc(CC(=O)Nc3ccccn3)cc2o1,generated,99.9
AANH,0,CC(C)c1cc(C(=O)NCc2nc(-c3ccccn3)no2)no1,generated,99.9
ABQS,0,CCc1n[nH]c(C2CN(C(=O)c3cccc(C)c3)CCO2)n1,generated,99.9
ABQR,0,Cc1nc(-c2c[nH]c(C(=O)NCc3cccc(C(F)(F)F)c3)c2)no1,generated,99.9
ABPX,0,COc1ccc(C=Cc2nc(SCc3ccccc3)n[nH]2)cc1OC,generated,99.9
AAAS,0,CC(=O)OC1CCC2(C)C(CCC3(C)C2CC=C2C4C(C)C(C)CCC4(C(=O)O)CCC23C)C1(C)C,training,99.9
ABSD,0,Cc1nnc(CN2CCC3(CCCN(c4ccccn4)C3)C2)o1,generated,99.9
AAFH,0,CCC(C)NC(=O)COC(=O)CCC(=O)N1CCCCC1,generated,99.9
AARG,0,Cc1ccc(OCCC(=O)OCc2c(C)cc(N)[nH]c2=O)cc1,generated,99.9
ABGS,0,CCOC(=O)C1CCC(NC(=O)Cc2cccc(OC)c2)CC1,generated,99.9
AAGR,0,CSc1ncsc1C(=O)NCC(=O)N1CCCCCC1,generated,99.9
AAGQ,0,CC(C)(O)c1nnc(SCc2cn3ccccc3n2)o1,generated,99.9
AAEH,0,CN(C)c1ccc(C(C#N)C(=O)Cc2ccc(F)cc2F)cc1,generated,99.9
ABGN,0,Cc1ccc(-c2nc(C3CCN(C(=O)OC(C)(C)C)CC3)sc2C)s1,generated,99.9
AAGN,0,CC(C)(C)c1n[nH]c(NC(=O)c2ccc(C#N)cc2)n1,generated,99.9
ABGG,0,Cc1ccc(C)c(N2CCN(Cc3noc(CC(C)C)n3)CC2)c1,generated,99.9
ABGE,0,O=C(CCc1ccc(Cl)cc1)N1CCC(c2noc(C3CC3)n2)CC1,generated,99.9
AAXF,0,CCCCNC(=O)CCC(=O)N1CCCC1c1nc(C)no1,generated,99.9
AAXL,0,CCOc1ccc2cccc(CC(=O)OCc3ccc(C)cc3)c2n1,generated,99.9
AAXU,0,Cc1cc(NC(=O)COC(=O)CNC(=O)OC(C)(C)C)ccc1Oc1cccc(Cl)c1Cl,generated,99.9
AAXX,0,COC(=O)CC1N=C(c2ccc([N+](=O)[O-])cc2)NC1c1ccc(-c2ccccc2)cc1,generated,99.9
ABFT,0,CC(=O)OCC12CC3C(CCC1(C)C(=O)N2)C(C)(C)CCC3(C)C,generated,99.9
AAXZ,0,Cc1ccn(CC(=O)OCC(=O)c2ccc(F)c(F)c2)n1,generated,99.9
AAGH,0,CCOC(=O)C(C)NP(=O)(Nc1ccccc1)Oc1ccc(OC)cc1,generated,99.9
ABGT,0,O=C(C1CCOC1)N1CCC(NCc2nnc(-c3ccccn3)o2)CC1,generated,99.9
AAYI,0,CC(C)(C)Cc1nnc(CN2CCN(C(=O)c3ccco3)CC2)o1,generated,99.9
ABGV,0,Cc1ccc(-c2nc(CC(=O)Nc3ccc(C)c(C)c3)oc2C)o1,generated,99.9
AAGV,0,CCOC(=O)CCNC(=O)c1cc(COC)sc1C,generated,99.9
ABHW,0,Cn1cc(NC(=O)COc2ccc(-n3cncn3)cc2)cn1,generated,99.9
AAHB,0,O=S(=O)(Nc1nc2ccccc2[nH]1)c1cccc(Cl)c1,generated,99.9
AAVT,0,COc1ccc(Cc2nc(C)c(-c3ccc(C)cc3)o2)cc1OC,generated,99.9
AAVU,0,CCCCCCCCCCCCCCCCOC1CCCCC(CC=CCCCCC2(O)COC(=O)C2)C1,generated,99.9
AAEA,0,Cc1csc(C2CCN(C(=O)NC3CCS(=O)(=O)C3)CC2)n1,generated,99.9
ABHQ,0,COC(=O)C(O)(c1cc(C(F)(F)F)cc(C(F)(F)F)c1)C(F)(F)F,generated,99.9
ABHP,0,Cc1cc(C)cc(NC(=O)CS(=O)(=O)c2ncc(Br)s2)c1,generated,99.9
AAHA,0,CC(C)(C)c1ccc(OCc2nc3ccccc3s2)cc1,generated,99.9
AAWE,0,CCC(C(=O)OC(C(=O)N(C)C)c1ccco1)c1ccccc1,generated,99.9
ABHJ,0,CCCCCCCCCCCCCCCCC(OC(C)=O)C(=O)O,generated,99.9
AAWH,0,COC(=O)C(c1ccc(C(C)NC(=O)OC(C)(C)C)cc1)N1CCC(c2ccc(Cl)c(Cl)c2)CC1,generated,99.9
AAWK,0,CCc1nnc(NC(=O)CSc2ccc(-c3ccccc3)c(C)c2)s1,generated,99.9
AAWO,0,COc1ccc(C=CC(=O)NC(CCCCCCCCC(=O)NCCS(=O)(=O)O)C(N)C(=O)NCCCCCCC(=O)NCCOC(=O)C2(C(=O)NCC(C)C)CCC2)cc1OC,generated,99.9
ABHB,0,Cc1ccc(Nc2nnc(SCC(=O)Nc3ccc(OCc4ccccc4)cc3)o2)cc1OCC(=O)NCC(F)(F)F,generated,99.9
ABGY,0,Cc1nc(CS(=O)(=O)c2ccc(Cl)cc2)oc1C(=O)NC1CCCCC1,generated,99.9
AAGU,0,Cc1ccc(OCc2nnc(CCC3(O)CCCCC3)o2)cc1,generated,99.9
AAVR,0,CC1CC(c2ccccc2)C(CCCCN2CCC(O)(c3ccccc3)CC2)=N1,generated,99.9
ABFM,0,O=C(O)CCCCCCCCCCCCOCCOCCOCCOCCOCCOCCOCCOCCOCCOCCOCCOCCOCCOCCOCCOCCOCCOCCOCCOCCOCCOc1ccc(C(=NO)c2ccccc2)cc1OCCCNCCCS,generated,99.9
AAYQ,0,Cc1nc(C)c(C(=O)NC(C)c2ccc(F)cc2)s1,generated,99.9
ABDQ,0,CC(C)(C)c1nc(CN(Cc2ccco2)CC2CCCO2)no1,generated,99.9
AAFO,0,CCOC(=O)CC(C)=NNc1nccc2cc(Cl)ccc12,generated,99.9
AAFN,0,CC(=O)NC(C)(C)c1nnc(N2CCCCC2)s1,generated,99.9
ABBP,0,Cc1nc(Cn2ccc(=O)[nH]c2=O)c(C(=O)OC(C)(C)C)s1,generated,99.9
AAFM,0,Cc1cc(NC(=O)COC(=O)COc2ccc(F)cc2)no1,generated,99.9
ABDJ,0,CCCCc1cnc(CNC(=O)c2cccc(C(=O)N(C)C)c2)o1,generated,99.9
ABDH,0,COc1ccc(CCC(O)(Cn2cncn2)c2ccc(F)cc2F)cc1OC,generated,99.9
ABBV,0,CC(C)(C)c1ccc(OC(=O)CS(=O)(=O)c2ccccc2)cc1,generated,99.9
ABDC,0,Cc1cc2ccccc2n1CC(=O)NCc1ccc(C#N)cc1,generated,99.9
ABBZ,0,CC(C)(C)OC(=O)OC(C(=O)Nc1cccc(N2CCOCC2)c1)c1ccccc1,generated,99.9
AAEZ,0,CC1CC(C)CN(C(=O)CSc2nc(Cc3ccccc3)no2)C1,generated,99.9
ABCA,0,CCOC(=O)C1(C)CC(c2ccc(C#N)cc2)=NC(C)=C1C#N,generated,99.9
AAFJ,0,CCc1cccc(C(C)NC(=O)NCc2noc(CC)n2)c1,generated,99.9
ABCC,0,CN(Cc1ccccc1)C(=O)Cc1noc(-c2ccccc2)n1,generated,99.9
AAFC,0,CC(C)N(Cc1ccccc1)Cc1ccc(-n2cncn2)cc1,generated,99.9
AAFP,0,COC(=O)COc1ccc(S(=O)(=O)NC(C)(C)C)cc1,training,99.9
AAYK,0,COC(=O)C1CN(C(=O)NCc2ccc3c(c2)OCO3)CCN1C,generated,99.9
ABDT,0,COC(=O)C1COC(=O)N(c2ccc(NS(C)(=O)=O)cc2)C1,generated,99.9
AAFR,0,CC1(C)CC(=O)C2CC(C)(CNC(=O)C3CC3)CC2C1,generated,99.9
AAZF,0,CC(C)OC(=O)C(C)(C)NC(=O)c1ccc2nncn2c1,generated,99.9
AAET,0,CC(C)c1noc(-c2ccc(C(C)(C)C)s2)n1,generated,99.9
AAZU,0,CC(=CCCC(C)C1CCC2(C)C3CCC4C(C)(C)C(=O)CCC4(C)C3CCC12C)C(=O)O,generated,99.9
ABER,0,CCCCCCCCCCCCCCC(=O)OC1CC(C)CC(C2CC(NC(C)=O)=C(C)C(=O)O2)C1,generated,99.9
ABEQ,0,CC(=O)Oc1ccccc1C(C)=CC=CCC(=O)OCCOCCOCCOCCOCCOC(=O)CNC(=O)C(C)C,generated,99.9
AAEV,0,C=C(C(=O)OCC)C(C)=CC(=O)OCC1OC(C(=O)OCC(C)C)C(OC(C)=O)C(OC(C)=O)C1OC(C)=O,generated,99.9
ABEO,0,Cc1ccc(OCc2nc(-c3ccccc3)no2)cc1S(C)(=O)=O,generated,99.9
AAFU,0,CC(C)c1nnc(C2CCN(C(=O)CCC(F)(F)F)CC2)o1,generated,99.9
ABAC,0,Cc1nc(C)c(CCNC(=O)Nc2cccc(C(N)=O)c2)s1,generated,99.9
ABEH,0,CCc1nnc(CN(C)C(=O)c2ccc(-c3ccccc3)s2)o1,generated,99.9
ABEG,0,CCCCCCCCCCCCCCCCCCCCCCCC(=O)OCC1C(O)C(O)C(O)C1CNC(=O)OCC,generated,99.9
ABAM,0,CCOC(=O)C1CCN(C(=O)c2cc(-c3c(C)noc3C)c(C)s2)CC1,generated,99.9
ABAN,0,COc1cc(C(C)(C)C)cc(N(C)C)c1OCc1noc(C)n1,generated,99.9
ABAR,0,CCCCOC(=O)C(C)Nc1ncnc2oc(C)c(C)c12,generated,99.9
ABAU,0,COc1ccc(C(C)OC(=O)CNc2cccc(C)n2)cc1C,generated,99.9
ABBB,0,Cc1c(Nc2nnc(S(N)(=O)=O)s2)ccc2c(C(N)=O)cncc12,generated,99.9
AAQZ,0,COC(=O)C(C)(c1ccccc1)c1ccc(C(C)(C)C)cc1,generated,99.9
ABHZ,0,COc1ccc(CC(=O)Nc2nnc(Cc3ccccc3)o2)cc1OC,generated,99.9
AAHE,0,COC(=O)C1CC(=NNC(=O)c2ccccc2C)CCC1=NO,generated,99.9
ABLV,0,O=C(CSc1nc(-c2cccnc2)no1)Nc1ccc(Cl)cc1,generated,99.9
ABLU,0,CCc1nnc(NC(=O)CCCn2c(=O)[nH]c3ccccc32)s1,generated,99.9
ABLT,0,Cc1nc(CNC(=O)c2cncc(-c3ccc(F)cc3)c2)cs1,generated,99.9
AACT,0,COc1cc(OCCCCCC(=O)O)ccc1OC(C)=O,generated,99.9
ABLQ,0,CC(C)c1ccc(CCC(=O)OCc2ccccc2C#N)cc1,generated,99.9
AACU,0,CC(C)CNC(=O)Nc1nnc(C(F)(F)F)s1,generated,99.9
AASJ,0,CCOC(=O)CC(C)=NN1CCN(C2CCCC2)CC1,generated,99.9
AASL,0,Cc1nc(C(C)(C)C)n(C(c2ccccc2)c2ccccc2C)n1,generated,99.9
AASP,0,CC(C)Sc1ccccc1NC(=O)c1cnc(Oc2ccccc2)s1,generated,99.9
ABLG,0,COc1ccc2c(CC(=O)OCc3ccc(F)cc3)c(C)sc2c1,generated,99.9
ABLF,0,COC(=O)C(C)(C)CC(=O)C(CCC(=O)O)NC(=O)c1cc(O)nc(O)c1,generated,99.9
ABLE,0,CC(=O)NC(C)(C)c1noc(COc2ccc3[nH]c(O)nc3c2)n1,generated,99.9
ABLD,0,CCOC(=O)C(CO)NC(=O)CN1CCC(C)(C)CC1,generated,99.9
AACX,0,CCCCCCCCCCCCCCCCCCCCOCC1CCC(O)OC(OCC(=O)C(C)(C)C)C1,generated,99.9
ABLB,0,N#CC(C(=O)c1cnc(C2CCCO2)s1)c1ccccc1,generated,99.9
ABLY,0,CC1(C)CCC(CN2CCN(c3cccc(Cl)c3Cl)CC2)C(=O)O1,generated,99.9
AASR,0,CCOC(=O)C(C)NC(=O)Nc1cc(C)c(C)cc1C,generated,99.9
ABLZ,0,CCCCCCCCCCCC(O)C(O)COP(=O)(O)OCC1OC(n2ccc(=O)[nH]c2=O)C(O)C1O,generated,99.9
AASF,0,CC(C)(C)OC(=O)C1CCN(c2ccc(-c3ccc(OCCN4CCOCC4)nn3)cc2)CC1,generated,99.9
ABND,0,O=C(Cc1ccccc1)NCc1nc(-c2ccsc2)no1,generated,99.9
AARK,0,CCCCCCCCCCCCCCCC(=O)OCC(O)COP(=O)(O)Oc1ccccc1Cl,generated,99.9
ABNA,0,N#Cc1ccc(OC(=O)Cc2ccc(F)c(F)c2)cc1,training,99.9
AARN,0,CC1(C)N=C(C(=O)Nc2ccc(F)cc2)CC(=O)O1,generated,99.9
AACM,0,CCCCCCCCCCCCCCCC(=O)OCC(COC(=O)NCCCCCCCCCCCCCC)OC(=O)CCCCCCCCCCCCC,generated,99.9
AARQ,0,COC(=O)c1ccccc1OCc1nnc(-c2cccs2)o1,generated,99.9
ABMS,0,O=C(Cn1cncn1)NNC(=O)c1ccc(-c2ccc(C(F)(F)F)cn2)cc1,generated,99.9
AARY,0,Cc1ccc(OCCNC(=O)NCc2ncc(C)s2)c(C)c1,generated,99.9
ABMM,0,CN(C)C(=O)c1ccc(CNC(=O)NCc2nc(C(C)(C)C)cs2)cc1,generated,99.9
AACR,0,Cc1nc(NC(=O)NCCC(=O)NC(C)C)cs1,generated,99.9
AASC,0,COc1c(C)cnc(CN(C)Cc2csc(C)n2)c1C,generated,99.9
ABMG,0,CCOC(=O)c1c(C)nc(-c2nnc(C(C)(C)N)s2)nc1CC,generated,99.9
ABMF,0,CC(=O)Nc1ccc(NC(=O)NC(C)Cn2cncn2)cc1,generated,99.9
AASE,0,COc1ccc(C(=O)CSc2nnc(-c3csc(C)n3)o2)o1,generated,99.9
ABMC,0,CC(C)=CCCC(C)=CCCC(C)=CCC12CC(C1)C(=O)O2,generated,99.9
ABMA,0,COC(=O)Cn1c(-c2cnccn2)nc2c(N)cc(Cl)cc21,generated,99.9
AAVO,0,COC(=O)CC(NC(=O)c1ccco1)C(C)C(=O)c1ccccc1,generated,99.9
ABKY,0,CCCCCCCCCCCCCCCCCCCCCCCCCC(=O)OCC(COC(=O)n1cnc2ccccc21)OC(=O)CCC,generated,99.9
AATB,0,COc1ccc(C(=O)N=C(N)NC(=O)C2=C3C=CC(C3)C2)cc1,generated,99.9
AAUH,0,CC(C)Cc1noc(CN2CCN(Cc3cccnc3)CC2)n1,generated,99.9
AAUI,0,CC(=O)Nc1nnc(SC(C)c2nc3ccccc3[nH]2)s1,generated,99.9
AAUK,0,CCc1noc(COC(=O)c2ccc3ccccc3c2)n1,generated,99.9
ABIY,0,Cc1cc(SC2(C(=O)NC(CCCNC(=N)N)C(=O)O)CCCCC2)c(C)s1,generated,99.9
AAUN,0,CCCCCCCCCCCCCCCCCS(=O)(=O)NC(=O)C(CCCCCCCCCCCCCCCCCCCCCC(O)CCCCCCCCCCCCC)C(=O)OCc1ccc(Cl)cc1,generated,99.9
ABIW,0,CC1(C)C2CCC1(CS(=O)(=O)Nc1ccccc1)C(=O)O2,generated,99.9
ABIT,0,CCCCCCCCCCCCC=CC(O)OCC(O)C(O)COC(=O)CCCCCCCCCCCNC(=O)CCCCCCCCCCCCCCC,generated,99.9
AAUS,0,CCCCOc1cc(CSc2nc3ccccc3o2)ccc1OCC(=O)O,generated,99.9
AAHL,0,CC(C)(C)c1nnc(CCCC(=O)Nc2ncccn2)s1,generated,99.9
ABIN,0,COC(=O)C(C)Sc1nnc(CNC(=O)c2ccccc2C)n1C,generated,99.9
ABIL,0,Cc1ccccc1NC(=O)C(C)OC(=O)Cc1c(C)noc1C,generated,99.9
ABIJ,0,CC(=O)c1ccc(OCC(=O)NC(C)(C)c2nc(C)cs2)cc1,generated,99.9
AAUY,0,Cc1nc(C2CCCN(S(=O)(=O)C(C)C)C2)no1,generated,99.9
AAVB,0,COC(=O)C(C)NC(=O)C1CCC(=O)N(c2ccccc2)C1,generated,99.9
AAVG,0,Cc1ccc(C)c(OCc2nnc(SCc3ccccc3)o2)c1,generated,99.9
AADM,0,CC(=O)N(C)c1ccc(NC(=O)C(C)OC(=O)C2CCCC2)cc1,generated,99.9
AAST,0,Cc1nc(C)c(-c2ccc([N+](=O)[O-])cc2)s1,generated,99.9
AADL,0,Cc1nc(C(=O)NC2CCC(O)CC2)c(C(C)(C)C)s1,generated,99.9
ABJL,0,COc1ccc(NC(=O)CCC(=O)Nc2nnc(C)s2)cc1OC,generated,99.9
AATE,0,N#Cc1ccc(CSc2ncc(C(=O)N3CCOCC3)o2)cn1,generated,99.9
AATF,0,Cc1ccc(C(C)OC(=O)CCn2cccnc2=O)cc1,generated,99.9
AATH,0,CC1(O)C=CC2C(C)(C)CC(=O)C2(C)C1c1ccc(O)cc1,generated,99.9
ABKJ,0,CC(C)(C)c1nn2c(=O)c(C(=O)NC3CC3)cnc2s1,generated,99.9
AATI,0,CC(C)Cc1noc(NC(=O)C2CC(=O)N(C)C2)n1,generated,99.9
ABKH,0,Cc1nc(CN2CCCC(c3cnc(C(F)(F)F)s3)C2)no1,generated,99.9
ABKG,0,CC(C)C(=O)N1CC(c2nc(-c3ccco3)no2)C1,training,99.9
AADE,0,CCC(C)c1ccc(OC(=O)C2Cc3ccccc3O2)cc1,generated,99.9
AATJ,0,COc1ccc(CCNC(=O)C(Cc2ccc(OC)cc2)OC(=O)C(C)(C)C)cc1,generated,99.9
AADF,0,O=[N+]([O-])C(c1ccccc1)n1nnc(CSc2ccccc2)n1,generated,99.9
ABKB,0,CC(C)CC(NC(=O)CN1CCOC1=O)c1nc2ccccc2s1,generated,99.9
ABJZ,0,Cc1ccc(CSc2nnc(NC(=O)c3ccc(C)c(C)c3)o2)o1,generated,99.9
AATS,0,CC(C)c1nnc(N2CCC(NC(=O)c3ccc(F)cc3)CC2)o1,generated,99.9
ABJS,0,CC(C)(C)C1CCN(C(=O)Cc2coc(C3CC3)n2)CC1,generated,99.9
ABJR,0,COC1=CC2OC(N)=C(C#N)C(c3ccncc3)C2C1,generated,99.9
AAHQ,0,c1ccc(-c2nsc(CSc3cccc4ncccc34)n2)cc1,generated,99.9
ABKX,0,COc1ccccc1-c1nnc(CCC(=O)NC2CCCCCC2)o1,generated,99.9
