Ligand,Binding Affinity,rmsd/ub, rmsd/lb
6lu7_idAAAPgen7,-8.9,6.82,2.872
6lu7_idAAAPgen7,-8.9,29.444,25.258
6lu7_idAAAPgen7,-9.3,7.09,3.22
6lu7_idAAAPgen7,-9.4,16.016,5.622
6lu7_idAAAPgen7,-9.8,9.196,4.298
6lu7_idAAAPgen7,-10.0,6.404,2.288
6lu7_idAAAPgen7,-10.2,5.931,2.508
6lu7_idAAAPgen7,-10.4,2.08,1.26
6lu7_idAAAPgen7,-10.5,0.0,0.0
6lu7_idAAAOgen7,-6.2,18.771,15.629
6lu7_idAAAOgen7,-6.2,29.46,26.359
6lu7_idAAAOgen7,-6.2,15.286,13.856
6lu7_idAAAOgen7,-6.3,18.28,15.562
6lu7_idAAAOgen7,-6.3,15.465,14.016
6lu7_idAAAOgen7,-6.4,17.797,15.287
6lu7_idAAAOgen7,-6.5,24.558,21.958
6lu7_idAAAOgen7,-6.5,18.592,15.429
6lu7_idAAAOgen7,-6.7,0.0,0.0
6lu7_idAAANgen7,-5.2,8.595,4.446
6lu7_idAAANgen7,-5.3,6.874,2.334
6lu7_idAAANgen7,-5.3,25.569,23.324
6lu7_idAAANgen7,-5.3,35.53,33.592
6lu7_idAAANgen7,-5.3,27.12,24.484
6lu7_idAAANgen7,-5.4,23.588,21.273
6lu7_idAAANgen7,-5.5,22.906,20.418
6lu7_idAAANgen7,-5.6,7.353,2.434
6lu7_idAAANgen7,-5.6,0.0,0.0
6lu7_idAAAMgen7,-11.6,3.67,2.914
6lu7_idAAAMgen7,-11.6,15.624,8.61
6lu7_idAAAMgen7,-11.6,7.896,4.185
6lu7_idAAAMgen7,-11.6,24.751,20.875
6lu7_idAAAMgen7,-11.8,7.534,3.962
6lu7_idAAAMgen7,-11.9,16.747,5.425
6lu7_idAAAMgen7,-11.9,14.934,7.446
6lu7_idAAAMgen7,-12.2,10.122,6.301
6lu7_idAAAMgen7,-12.7,0.0,0.0
6lu7_idAAALgen7,-8.4,7.297,5.155
6lu7_idAAALgen7,-8.5,12.793,9.718
6lu7_idAAALgen7,-8.8,8.712,6.833
6lu7_idAAALgen7,-8.8,29.742,25.846
6lu7_idAAALgen7,-8.9,3.629,1.167
6lu7_idAAALgen7,-8.9,7.755,1.113
6lu7_idAAALgen7,-9.3,27.077,23.344
6lu7_idAAALgen7,-9.9,7.087,0.721
6lu7_idAAALgen7,-10.3,0.0,0.0
6lu7_idAAAKgen7,-12.0,11.104,3.684
6lu7_idAAAKgen7,-12.0,11.094,5.143
6lu7_idAAAKgen7,-12.3,42.086,37.264
6lu7_idAAAKgen7,-12.5,23.428,18.177
6lu7_idAAAKgen7,-13.2,10.885,3.572
6lu7_idAAAKgen7,-13.3,9.303,1.754
6lu7_idAAAKgen7,-13.4,9.526,1.805
6lu7_idAAAKgen7,-13.4,7.209,2.149
6lu7_idAAAKgen7,-13.6,0.0,0.0
6lu7_idAAAJgen7,-5.7,25.052,20.212
6lu7_idAAAJgen7,-5.7,23.488,19.868
6lu7_idAAAJgen7,-5.7,10.936,9.298
6lu7_idAAAJgen7,-5.8,20.609,17.054
6lu7_idAAAJgen7,-5.8,23.492,20.938
6lu7_idAAAJgen7,-5.9,20.465,17.288
6lu7_idAAAJgen7,-6.1,27.145,21.959
6lu7_idAAAJgen7,-6.3,21.061,17.506
6lu7_idAAAJgen7,-6.4,0.0,0.0
6lu7_idAAAIgen7,-8.4,21.272,17.321
6lu7_idAAAIgen7,-8.5,20.583,17.211
6lu7_idAAAIgen7,-8.6,21.862,20.789
6lu7_idAAAIgen7,-8.7,19.499,17.617
6lu7_idAAAIgen7,-8.8,18.05,13.677
6lu7_idAAAIgen7,-8.8,9.746,7.272
6lu7_idAAAIgen7,-8.9,10.481,2.478
6lu7_idAAAIgen7,-9.0,10.279,1.695
6lu7_idAAAIgen7,-9.1,0.0,0.0
6lu7_idAAAHgen7,-10.2,8.409,3.738
6lu7_idAAAHgen7,-10.4,19.038,14.627
6lu7_idAAAHgen7,-10.5,9.857,3.971
6lu7_idAAAHgen7,-10.5,5.62,3.597
6lu7_idAAAHgen7,-10.7,11.922,5.791
6lu7_idAAAHgen7,-10.7,11.442,4.848
6lu7_idAAAHgen7,-10.8,7.095,2.191
6lu7_idAAAHgen7,-11.0,2.231,1.95
6lu7_idAAAHgen7,-12.0,0.0,0.0
6lu7_idAAAGgen7,-13.3,7.351,3.545
6lu7_idAAAGgen7,-13.4,7.272,1.639
6lu7_idAAAGgen7,-13.5,8.312,4.399
6lu7_idAAAGgen7,-13.8,32.092,28.808
6lu7_idAAAGgen7,-14.1,7.979,2.643
6lu7_idAAAGgen7,-14.4,6.163,3.694
6lu7_idAAAGgen7,-14.9,4.151,2.614
6lu7_idAAAGgen7,-15.5,6.662,2.945
6lu7_idAAAGgen7,-16.3,0.0,0.0
6lu7_idAAAFgen7,-11.7,15.708,12.557
6lu7_idAAAFgen7,-11.7,41.004,36.391
6lu7_idAAAFgen7,-11.8,12.013,2.031
6lu7_idAAAFgen7,-11.9,14.41,6.831
6lu7_idAAAFgen7,-12.7,23.02,15.856
6lu7_idAAAFgen7,-12.8,9.664,3.891
6lu7_idAAAFgen7,-12.8,10.126,6.029
6lu7_idAAAFgen7,-13.1,6.807,1.556
6lu7_idAAAFgen7,-13.6,0.0,0.0
6lu7_idAAAEgen7,-9.3,33.491,24.441
6lu7_idAAAEgen7,-9.3,22.838,20.645
6lu7_idAAAEgen7,-9.5,10.991,5.435
6lu7_idAAAEgen7,-9.6,23.124,20.461
6lu7_idAAAEgen7,-9.6,27.299,22.862
6lu7_idAAAEgen7,-9.6,27.913,23.959
6lu7_idAAAEgen7,-9.7,10.696,2.587
6lu7_idAAAEgen7,-10.1,6.483,3.638
6lu7_idAAAEgen7,-10.3,0.0,0.0
6lu7_idAAADgen7,-13.5,44.845,39.77
6lu7_idAAADgen7,-13.5,22.858,18.029
6lu7_idAAADgen7,-13.6,11.548,3.875
6lu7_idAAADgen7,-13.7,8.039,1.7
6lu7_idAAADgen7,-13.7,9.529,1.219
6lu7_idAAADgen7,-13.7,10.347,3.29
6lu7_idAAADgen7,-14.1,9.271,2.508
6lu7_idAAADgen7,-14.8,7.638,3.253
6lu7_idAAADgen7,-14.9,0.0,0.0
6lu7_idAAACgen7,-6.9,24.153,20.864
6lu7_idAAACgen7,-6.9,33.419,30.862
6lu7_idAAACgen7,-7.0,6.46,3.094
6lu7_idAAACgen7,-7.2,31.681,28.885
6lu7_idAAACgen7,-7.5,23.157,20.632
6lu7_idAAACgen7,-7.6,24.971,20.689
6lu7_idAAACgen7,-7.7,24.51,21.049
6lu7_idAAACgen7,-7.9,7.385,2.551
6lu7_idAAACgen7,-8.1,0.0,0.0
6lu7_idAAABgen7,-5.5,3.571,2.117
6lu7_idAAABgen7,-5.6,37.294,34.898
6lu7_idAAABgen7,-5.6,10.396,6.888
6lu7_idAAABgen7,-5.6,38.706,36.689
6lu7_idAAABgen7,-5.6,36.897,35.163
6lu7_idAAABgen7,-5.7,36.445,34.442
6lu7_idAAABgen7,-5.7,39.754,37.874
6lu7_idAAABgen7,-5.8,39.375,37.427
6lu7_idAAABgen7,-5.8,0.0,0.0
6lu7_idAAAAgen7,-6.7,4.946,3.238
6lu7_idAAAAgen7,-6.7,22.899,17.117
6lu7_idAAAAgen7,-6.8,34.697,30.462
6lu7_idAAAAgen7,-7.0,26.959,22.63
6lu7_idAAAAgen7,-7.1,34.549,29.966
6lu7_idAAAAgen7,-7.2,41.221,35.728
6lu7_idAAAAgen7,-7.2,13.944,13.03
6lu7_idAAAAgen7,-7.4,4.376,2.145
6lu7_idAAAAgen7,-7.8,0.0,0.0
